id,category,subcategory,common_name_en,common_name_th,scientific_name,origin_region,typical_size_cm,lifespan_years,diet,habitat,activity_pattern,temperament,handling_level,care_level,beginner_friendly,recommended_enclosure,temperature_c_range,humidity_percent_range,social_needs,legal_status_hint_th,legal_class_source_th,wildlife_law_category_th,possession_status_th,possession_requirement_th,breeding_status_th,trade_status_th,import_export_status_th,release_status_th,animal_welfare_status_th,legal_note_th,danger_level,venomous_or_toxic,estimated_price_range_thb,reference_primary_source,reference_primary_url,reference_secondary_source,reference_secondary_url,reference_legal_source,reference_legal_url,data_confidence,review_status,source_scope_note
EXO001,Reptile,Snake,Ball Python,บอลไพธอน,Python regius,Africa,120,25,carnivore,terrestrial,nocturnal,calm,low,easy,yes,90x45x45 cm terrarium,28-32,50-70,solitary,ต้องตรวจสอบสถานะรายชนิดจากชื่อวิทยาศาสตร์ก่อนครอบครอง ค้า เพาะพันธุ์ หรือนำเข้า-ส่งออก และผู้เลี้ยงต้องจัดสวัสดิภาพสัตว์ตามกฎหมาย,พ.ร.บ. สงวนและคุ้มครองสัตว์ป่า พ.ศ. 2562; พ.ร.บ. ป้องกันการทารุณกรรมและการจัดสวัสดิภาพสัตว์ พ.ศ. 2557,ต้องตรวจสอบประกาศรายชนิดเพิ่มเติม,ต้องตรวจสอบรายชนิดเพิ่มเติม,ต้องตรวจสอบว่าต้องแจ้งการครอบครองหรือขอใบอนุญาตหรือไม่,ต้องตรวจสอบประกาศเพิ่มเติม,ต้องตรวจสอบประกาศเพิ่มเติม,ต้องตรวจสอบรายชนิดเพิ่มเติม,ไม่ควรปล่อย,ผู้เลี้ยงต้องจัดสวัสดิภาพสัตว์ให้เหมาะสมและห้ามทารุณกรรมสัตว์,ต้องตรวจสอบสถานะรายชนิดจากชื่อวิทยาศาสตร์ก่อนครอบครอง ค้า เพาะพันธุ์ หรือนำเข้า-ส่งออก และผู้เลี้ยงต้องจัดสวัสดิภาพสัตว์ตามกฎหมาย,low,no,2500-12000,Reptile Database,https://reptile-database.reptarium.cz/,IUCN Red List; CITES Checklist,https://www.iucnredlist.org/ | https://checklist.cites.org/,Thailand Wildlife Preservation and Protection Act B.E. 2562 (uploaded PDF); Thailand Animal Welfare Act B.E. 2557 (uploaded PDF),uploaded:ACT_WILD-ANIMAL_2562.pdf | uploaded:law87.pdf | https://checklist.cites.org/,medium,legacy-row-needs-source-backfill,"Legacy row retained from the original dataset. Category-level taxonomy and legal reference sources have been added, but row-level husbandry and pricing sources should still be backfilled before production use."
EXO002,Reptile,Snake,Reticulated Python,งูเหลือมตาข่าย,Malayopython reticulatus,Southeast Asia,500,20,carnivore,terrestrial,nocturnal,powerful,high,hard,no,large custom enclosure,28-32,60-80,solitary,ต้องตรวจสอบสถานะรายชนิดจากชื่อวิทยาศาสตร์ก่อนครอบครอง ค้า เพาะพันธุ์ หรือนำเข้า-ส่งออก และผู้เลี้ยงต้องจัดสวัสดิภาพสัตว์ตามกฎหมาย,พ.ร.บ. สงวนและคุ้มครองสัตว์ป่า พ.ศ. 2562; พ.ร.บ. ป้องกันการทารุณกรรมและการจัดสวัสดิภาพสัตว์ พ.ศ. 2557,ต้องตรวจสอบประกาศรายชนิดเพิ่มเติม,ต้องตรวจสอบรายชนิดเพิ่มเติม,ต้องตรวจสอบว่าต้องแจ้งการครอบครองหรือขอใบอนุญาตหรือไม่,ต้องตรวจสอบประกาศเพิ่มเติม,ต้องตรวจสอบประกาศเพิ่มเติม,ต้องตรวจสอบรายชนิดเพิ่มเติม,ไม่ควรปล่อย,ผู้เลี้ยงต้องจัดสวัสดิภาพสัตว์ให้เหมาะสมและห้ามทารุณกรรมสัตว์,ต้องตรวจสอบสถานะรายชนิดจากชื่อวิทยาศาสตร์ก่อนครอบครอง ค้า เพาะพันธุ์ หรือนำเข้า-ส่งออก และผู้เลี้ยงต้องจัดสวัสดิภาพสัตว์ตามกฎหมาย,high,no,8000-50000,Reptile Database,https://reptile-database.reptarium.cz/,IUCN Red List; CITES Checklist,https://www.iucnredlist.org/ | https://checklist.cites.org/,Thailand Wildlife Preservation and Protection Act B.E. 2562 (uploaded PDF); Thailand Animal Welfare Act B.E. 2557 (uploaded PDF),uploaded:ACT_WILD-ANIMAL_2562.pdf | uploaded:law87.pdf | https://checklist.cites.org/,medium,legacy-row-needs-source-backfill,"Legacy row retained from the original dataset. Category-level taxonomy and legal reference sources have been added, but row-level husbandry and pricing sources should still be backfilled before production use."
EXO003,Reptile,Snake,Burmese Python,งูหลามพม่า,Python bivittatus,Southeast Asia,450,20,carnivore,terrestrial,nocturnal,calm but giant,medium,hard,no,large custom enclosure,28-32,55-75,solitary,ต้องตรวจสอบสถานะรายชนิดจากชื่อวิทยาศาสตร์ก่อนครอบครอง ค้า เพาะพันธุ์ หรือนำเข้า-ส่งออก และผู้เลี้ยงต้องจัดสวัสดิภาพสัตว์ตามกฎหมาย,พ.ร.บ. สงวนและคุ้มครองสัตว์ป่า พ.ศ. 2562; พ.ร.บ. ป้องกันการทารุณกรรมและการจัดสวัสดิภาพสัตว์ พ.ศ. 2557,ต้องตรวจสอบประกาศรายชนิดเพิ่มเติม,ต้องตรวจสอบรายชนิดเพิ่มเติม,ต้องตรวจสอบว่าต้องแจ้งการครอบครองหรือขอใบอนุญาตหรือไม่,ต้องตรวจสอบประกาศเพิ่มเติม,ต้องตรวจสอบประกาศเพิ่มเติม,ต้องตรวจสอบรายชนิดเพิ่มเติม,ไม่ควรปล่อย,ผู้เลี้ยงต้องจัดสวัสดิภาพสัตว์ให้เหมาะสมและห้ามทารุณกรรมสัตว์,ต้องตรวจสอบสถานะรายชนิดจากชื่อวิทยาศาสตร์ก่อนครอบครอง ค้า เพาะพันธุ์ หรือนำเข้า-ส่งออก และผู้เลี้ยงต้องจัดสวัสดิภาพสัตว์ตามกฎหมาย,high,no,5000-25000,Reptile Database,https://reptile-database.reptarium.cz/,IUCN Red List; CITES Checklist,https://www.iucnredlist.org/ | https://checklist.cites.org/,Thailand Wildlife Preservation and Protection Act B.E. 2562 (uploaded PDF); Thailand Animal Welfare Act B.E. 2557 (uploaded PDF),uploaded:ACT_WILD-ANIMAL_2562.pdf | uploaded:law87.pdf | https://checklist.cites.org/,medium,legacy-row-needs-source-backfill,"Legacy row retained from the original dataset. Category-level taxonomy and legal reference sources have been added, but row-level husbandry and pricing sources should still be backfilled before production use."
EXO004,Reptile,Snake,Blood Python,งูบลัดไพธอน,Python brongersmai,Southeast Asia,160,20,carnivore,terrestrial,nocturnal,defensive,medium,medium,no,120x60x45 cm terrarium,27-31,60-80,solitary,ต้องตรวจสอบสถานะรายชนิดจากชื่อวิทยาศาสตร์ก่อนครอบครอง ค้า เพาะพันธุ์ หรือนำเข้า-ส่งออก และผู้เลี้ยงต้องจัดสวัสดิภาพสัตว์ตามกฎหมาย,พ.ร.บ. สงวนและคุ้มครองสัตว์ป่า พ.ศ. 2562; พ.ร.บ. ป้องกันการทารุณกรรมและการจัดสวัสดิภาพสัตว์ พ.ศ. 2557,ต้องตรวจสอบประกาศรายชนิดเพิ่มเติม,ต้องตรวจสอบรายชนิดเพิ่มเติม,ต้องตรวจสอบว่าต้องแจ้งการครอบครองหรือขอใบอนุญาตหรือไม่,ต้องตรวจสอบประกาศเพิ่มเติม,ต้องตรวจสอบประกาศเพิ่มเติม,ต้องตรวจสอบรายชนิดเพิ่มเติม,ไม่ควรปล่อย,ผู้เลี้ยงต้องจัดสวัสดิภาพสัตว์ให้เหมาะสมและห้ามทารุณกรรมสัตว์,ต้องตรวจสอบสถานะรายชนิดจากชื่อวิทยาศาสตร์ก่อนครอบครอง ค้า เพาะพันธุ์ หรือนำเข้า-ส่งออก และผู้เลี้ยงต้องจัดสวัสดิภาพสัตว์ตามกฎหมาย,medium,no,4000-15000,Reptile Database,https://reptile-database.reptarium.cz/,IUCN Red List; CITES Checklist,https://www.iucnredlist.org/ | https://checklist.cites.org/,Thailand Wildlife Preservation and Protection Act B.E. 2562 (uploaded PDF); Thailand Animal Welfare Act B.E. 2557 (uploaded PDF),uploaded:ACT_WILD-ANIMAL_2562.pdf | uploaded:law87.pdf | https://checklist.cites.org/,medium,legacy-row-needs-source-backfill,"Legacy row retained from the original dataset. Category-level taxonomy and legal reference sources have been added, but row-level husbandry and pricing sources should still be backfilled before production use."
EXO005,Reptile,Snake,Rainbow Boa,งูเรนโบว์โบอา,Epicrates cenchria,South America,180,20,carnivore,terrestrial,nocturnal,calm,medium,medium,no,120x60x60 cm terrarium,27-31,70-85,solitary,ต้องตรวจสอบสถานะรายชนิดจากชื่อวิทยาศาสตร์ก่อนครอบครอง ค้า เพาะพันธุ์ หรือนำเข้า-ส่งออก และผู้เลี้ยงต้องจัดสวัสดิภาพสัตว์ตามกฎหมาย,พ.ร.บ. สงวนและคุ้มครองสัตว์ป่า พ.ศ. 2562; พ.ร.บ. ป้องกันการทารุณกรรมและการจัดสวัสดิภาพสัตว์ พ.ศ. 2557,ต้องตรวจสอบประกาศรายชนิดเพิ่มเติม,ต้องตรวจสอบรายชนิดเพิ่มเติม,ต้องตรวจสอบว่าต้องแจ้งการครอบครองหรือขอใบอนุญาตหรือไม่,ต้องตรวจสอบประกาศเพิ่มเติม,ต้องตรวจสอบประกาศเพิ่มเติม,ต้องตรวจสอบรายชนิดเพิ่มเติม,ไม่ควรปล่อย,ผู้เลี้ยงต้องจัดสวัสดิภาพสัตว์ให้เหมาะสมและห้ามทารุณกรรมสัตว์,ต้องตรวจสอบสถานะรายชนิดจากชื่อวิทยาศาสตร์ก่อนครอบครอง ค้า เพาะพันธุ์ หรือนำเข้า-ส่งออก และผู้เลี้ยงต้องจัดสวัสดิภาพสัตว์ตามกฎหมาย,medium,no,6000-18000,Reptile Database,https://reptile-database.reptarium.cz/,IUCN Red List; CITES Checklist,https://www.iucnredlist.org/ | https://checklist.cites.org/,Thailand Wildlife Preservation and Protection Act B.E. 2562 (uploaded PDF); Thailand Animal Welfare Act B.E. 2557 (uploaded PDF),uploaded:ACT_WILD-ANIMAL_2562.pdf | uploaded:law87.pdf | https://checklist.cites.org/,medium,legacy-row-needs-source-backfill,"Legacy row retained from the original dataset. Category-level taxonomy and legal reference sources have been added, but row-level husbandry and pricing sources should still be backfilled before production use."
EXO006,Reptile,Snake,Kenyan Sand Boa,งูทรายเคนยา,Eryx colubrinus,Africa,70,20,carnivore,burrowing,crepuscular,calm,low,easy,yes,75x30x30 cm terrarium,28-32,30-45,solitary,ต้องตรวจสอบสถานะรายชนิดจากชื่อวิทยาศาสตร์ก่อนครอบครอง ค้า เพาะพันธุ์ หรือนำเข้า-ส่งออก และผู้เลี้ยงต้องจัดสวัสดิภาพสัตว์ตามกฎหมาย,พ.ร.บ. สงวนและคุ้มครองสัตว์ป่า พ.ศ. 2562; พ.ร.บ. ป้องกันการทารุณกรรมและการจัดสวัสดิภาพสัตว์ พ.ศ. 2557,ต้องตรวจสอบประกาศรายชนิดเพิ่มเติม,ต้องตรวจสอบรายชนิดเพิ่มเติม,ต้องตรวจสอบว่าต้องแจ้งการครอบครองหรือขอใบอนุญาตหรือไม่,ต้องตรวจสอบประกาศเพิ่มเติม,ต้องตรวจสอบประกาศเพิ่มเติม,ต้องตรวจสอบรายชนิดเพิ่มเติม,ไม่ควรปล่อย,ผู้เลี้ยงต้องจัดสวัสดิภาพสัตว์ให้เหมาะสมและห้ามทารุณกรรมสัตว์,ต้องตรวจสอบสถานะรายชนิดจากชื่อวิทยาศาสตร์ก่อนครอบครอง ค้า เพาะพันธุ์ หรือนำเข้า-ส่งออก และผู้เลี้ยงต้องจัดสวัสดิภาพสัตว์ตามกฎหมาย,low,no,2500-9000,Reptile Database,https://reptile-database.reptarium.cz/,IUCN Red List; CITES Checklist,https://www.iucnredlist.org/ | https://checklist.cites.org/,Thailand Wildlife Preservation and Protection Act B.E. 2562 (uploaded PDF); Thailand Animal Welfare Act B.E. 2557 (uploaded PDF),uploaded:ACT_WILD-ANIMAL_2562.pdf | uploaded:law87.pdf | https://checklist.cites.org/,medium,legacy-row-needs-source-backfill,"Legacy row retained from the original dataset. Category-level taxonomy and legal reference sources have been added, but row-level husbandry and pricing sources should still be backfilled before production use."
EXO007,Reptile,Snake,Corn Snake,งูคอร์นสเนก,Pantherophis guttatus,North America,120,18,carnivore,terrestrial,crepuscular,docile,low,easy,yes,90x45x45 cm terrarium,24-29,40-60,solitary,ต้องตรวจสอบสถานะรายชนิดจากชื่อวิทยาศาสตร์ก่อนครอบครอง ค้า เพาะพันธุ์ หรือนำเข้า-ส่งออก และผู้เลี้ยงต้องจัดสวัสดิภาพสัตว์ตามกฎหมาย,พ.ร.บ. สงวนและคุ้มครองสัตว์ป่า พ.ศ. 2562; พ.ร.บ. ป้องกันการทารุณกรรมและการจัดสวัสดิภาพสัตว์ พ.ศ. 2557,ต้องตรวจสอบประกาศรายชนิดเพิ่มเติม,ต้องตรวจสอบรายชนิดเพิ่มเติม,ต้องตรวจสอบว่าต้องแจ้งการครอบครองหรือขอใบอนุญาตหรือไม่,ต้องตรวจสอบประกาศเพิ่มเติม,ต้องตรวจสอบประกาศเพิ่มเติม,ต้องตรวจสอบรายชนิดเพิ่มเติม,ไม่ควรปล่อย,ผู้เลี้ยงต้องจัดสวัสดิภาพสัตว์ให้เหมาะสมและห้ามทารุณกรรมสัตว์,ต้องตรวจสอบสถานะรายชนิดจากชื่อวิทยาศาสตร์ก่อนครอบครอง ค้า เพาะพันธุ์ หรือนำเข้า-ส่งออก และผู้เลี้ยงต้องจัดสวัสดิภาพสัตว์ตามกฎหมาย,low,no,2000-9000,Reptile Database,https://reptile-database.reptarium.cz/,IUCN Red List; CITES Checklist,https://www.iucnredlist.org/ | https://checklist.cites.org/,Thailand Wildlife Preservation and Protection Act B.E. 2562 (uploaded PDF); Thailand Animal Welfare Act B.E. 2557 (uploaded PDF),uploaded:ACT_WILD-ANIMAL_2562.pdf | uploaded:law87.pdf | https://checklist.cites.org/,medium,legacy-row-needs-source-backfill,"Legacy row retained from the original dataset. Category-level taxonomy and legal reference sources have been added, but row-level husbandry and pricing sources should still be backfilled before production use."
EXO008,Reptile,Snake,California Kingsnake,งูคิงสเนกแคลิฟอร์เนีย,Lampropeltis californiae,North America,110,18,carnivore,terrestrial,crepuscular,curious,low,easy,yes,90x45x45 cm terrarium,25-30,40-60,solitary,ต้องตรวจสอบสถานะรายชนิดจากชื่อวิทยาศาสตร์ก่อนครอบครอง ค้า เพาะพันธุ์ หรือนำเข้า-ส่งออก และผู้เลี้ยงต้องจัดสวัสดิภาพสัตว์ตามกฎหมาย,พ.ร.บ. สงวนและคุ้มครองสัตว์ป่า พ.ศ. 2562; พ.ร.บ. ป้องกันการทารุณกรรมและการจัดสวัสดิภาพสัตว์ พ.ศ. 2557,ต้องตรวจสอบประกาศรายชนิดเพิ่มเติม,ต้องตรวจสอบรายชนิดเพิ่มเติม,ต้องตรวจสอบว่าต้องแจ้งการครอบครองหรือขอใบอนุญาตหรือไม่,ต้องตรวจสอบประกาศเพิ่มเติม,ต้องตรวจสอบประกาศเพิ่มเติม,ต้องตรวจสอบรายชนิดเพิ่มเติม,ไม่ควรปล่อย,ผู้เลี้ยงต้องจัดสวัสดิภาพสัตว์ให้เหมาะสมและห้ามทารุณกรรมสัตว์,ต้องตรวจสอบสถานะรายชนิดจากชื่อวิทยาศาสตร์ก่อนครอบครอง ค้า เพาะพันธุ์ หรือนำเข้า-ส่งออก และผู้เลี้ยงต้องจัดสวัสดิภาพสัตว์ตามกฎหมาย,low,no,2500-10000,Reptile Database,https://reptile-database.reptarium.cz/,IUCN Red List; CITES Checklist,https://www.iucnredlist.org/ | https://checklist.cites.org/,Thailand Wildlife Preservation and Protection Act B.E. 2562 (uploaded PDF); Thailand Animal Welfare Act B.E. 2557 (uploaded PDF),uploaded:ACT_WILD-ANIMAL_2562.pdf | uploaded:law87.pdf | https://checklist.cites.org/,medium,legacy-row-needs-source-backfill,"Legacy row retained from the original dataset. Category-level taxonomy and legal reference sources have been added, but row-level husbandry and pricing sources should still be backfilled before production use."
EXO009,Reptile,Snake,Milk Snake,งูมิลค์สเนก,Lampropeltis triangulum,North America,100,18,carnivore,terrestrial,crepuscular,active,low,easy,yes,90x45x45 cm terrarium,24-29,40-60,solitary,ต้องตรวจสอบสถานะรายชนิดจากชื่อวิทยาศาสตร์ก่อนครอบครอง ค้า เพาะพันธุ์ หรือนำเข้า-ส่งออก และผู้เลี้ยงต้องจัดสวัสดิภาพสัตว์ตามกฎหมาย,พ.ร.บ. สงวนและคุ้มครองสัตว์ป่า พ.ศ. 2562; พ.ร.บ. ป้องกันการทารุณกรรมและการจัดสวัสดิภาพสัตว์ พ.ศ. 2557,ต้องตรวจสอบประกาศรายชนิดเพิ่มเติม,ต้องตรวจสอบรายชนิดเพิ่มเติม,ต้องตรวจสอบว่าต้องแจ้งการครอบครองหรือขอใบอนุญาตหรือไม่,ต้องตรวจสอบประกาศเพิ่มเติม,ต้องตรวจสอบประกาศเพิ่มเติม,ต้องตรวจสอบรายชนิดเพิ่มเติม,ไม่ควรปล่อย,ผู้เลี้ยงต้องจัดสวัสดิภาพสัตว์ให้เหมาะสมและห้ามทารุณกรรมสัตว์,ต้องตรวจสอบสถานะรายชนิดจากชื่อวิทยาศาสตร์ก่อนครอบครอง ค้า เพาะพันธุ์ หรือนำเข้า-ส่งออก และผู้เลี้ยงต้องจัดสวัสดิภาพสัตว์ตามกฎหมาย,low,no,2500-12000,Reptile Database,https://reptile-database.reptarium.cz/,IUCN Red List; CITES Checklist,https://www.iucnredlist.org/ | https://checklist.cites.org/,Thailand Wildlife Preservation and Protection Act B.E. 2562 (uploaded PDF); Thailand Animal Welfare Act B.E. 2557 (uploaded PDF),uploaded:ACT_WILD-ANIMAL_2562.pdf | uploaded:law87.pdf | https://checklist.cites.org/,medium,legacy-row-needs-source-backfill,"Legacy row retained from the original dataset. Category-level taxonomy and legal reference sources have been added, but row-level husbandry and pricing sources should still be backfilled before production use."
EXO010,Reptile,Snake,Western Hognose Snake,งูฮอกโนส,Heterodon nasicus,North America,70,15,carnivore,terrestrial,diurnal,dramatic,low,easy,yes,75x30x30 cm terrarium,26-31,30-50,solitary,ต้องตรวจสอบสถานะรายชนิดจากชื่อวิทยาศาสตร์ก่อนครอบครอง ค้า เพาะพันธุ์ หรือนำเข้า-ส่งออก และผู้เลี้ยงต้องจัดสวัสดิภาพสัตว์ตามกฎหมาย,พ.ร.บ. สงวนและคุ้มครองสัตว์ป่า พ.ศ. 2562; พ.ร.บ. ป้องกันการทารุณกรรมและการจัดสวัสดิภาพสัตว์ พ.ศ. 2557,ต้องตรวจสอบประกาศรายชนิดเพิ่มเติม,ต้องตรวจสอบรายชนิดเพิ่มเติม,ต้องตรวจสอบว่าต้องแจ้งการครอบครองหรือขอใบอนุญาตหรือไม่,ต้องตรวจสอบประกาศเพิ่มเติม,ต้องตรวจสอบประกาศเพิ่มเติม,ต้องตรวจสอบรายชนิดเพิ่มเติม,ไม่ควรปล่อย,ผู้เลี้ยงต้องจัดสวัสดิภาพสัตว์ให้เหมาะสมและห้ามทารุณกรรมสัตว์,ต้องตรวจสอบสถานะรายชนิดจากชื่อวิทยาศาสตร์ก่อนครอบครอง ค้า เพาะพันธุ์ หรือนำเข้า-ส่งออก และผู้เลี้ยงต้องจัดสวัสดิภาพสัตว์ตามกฎหมาย,low,mild-toxic,3500-15000,Reptile Database,https://reptile-database.reptarium.cz/,IUCN Red List; CITES Checklist,https://www.iucnredlist.org/ | https://checklist.cites.org/,Thailand Wildlife Preservation and Protection Act B.E. 2562 (uploaded PDF); Thailand Animal Welfare Act B.E. 2557 (uploaded PDF),uploaded:ACT_WILD-ANIMAL_2562.pdf | uploaded:law87.pdf | https://checklist.cites.org/,medium,legacy-row-needs-source-backfill,"Legacy row retained from the original dataset. Category-level taxonomy and legal reference sources have been added, but row-level husbandry and pricing sources should still be backfilled before production use."
EXO011,Reptile,Snake,Carpet Python,งูคาร์เพ็ตไพธอน,Morelia spilota,Australia,220,20,carnivore,semi-arboreal,nocturnal,alert,medium,medium,no,120x60x90 cm terrarium,27-31,50-70,solitary,ต้องตรวจสอบสถานะรายชนิดจากชื่อวิทยาศาสตร์ก่อนครอบครอง ค้า เพาะพันธุ์ หรือนำเข้า-ส่งออก และผู้เลี้ยงต้องจัดสวัสดิภาพสัตว์ตามกฎหมาย,พ.ร.บ. สงวนและคุ้มครองสัตว์ป่า พ.ศ. 2562; พ.ร.บ. ป้องกันการทารุณกรรมและการจัดสวัสดิภาพสัตว์ พ.ศ. 2557,ต้องตรวจสอบประกาศรายชนิดเพิ่มเติม,ต้องตรวจสอบรายชนิดเพิ่มเติม,ต้องตรวจสอบว่าต้องแจ้งการครอบครองหรือขอใบอนุญาตหรือไม่,ต้องตรวจสอบประกาศเพิ่มเติม,ต้องตรวจสอบประกาศเพิ่มเติม,ต้องตรวจสอบรายชนิดเพิ่มเติม,ไม่ควรปล่อย,ผู้เลี้ยงต้องจัดสวัสดิภาพสัตว์ให้เหมาะสมและห้ามทารุณกรรมสัตว์,ต้องตรวจสอบสถานะรายชนิดจากชื่อวิทยาศาสตร์ก่อนครอบครอง ค้า เพาะพันธุ์ หรือนำเข้า-ส่งออก และผู้เลี้ยงต้องจัดสวัสดิภาพสัตว์ตามกฎหมาย,medium,no,6000-25000,Reptile Database,https://reptile-database.reptarium.cz/,IUCN Red List; CITES Checklist,https://www.iucnredlist.org/ | https://checklist.cites.org/,Thailand Wildlife Preservation and Protection Act B.E. 2562 (uploaded PDF); Thailand Animal Welfare Act B.E. 2557 (uploaded PDF),uploaded:ACT_WILD-ANIMAL_2562.pdf | uploaded:law87.pdf | https://checklist.cites.org/,medium,legacy-row-needs-source-backfill,"Legacy row retained from the original dataset. Category-level taxonomy and legal reference sources have been added, but row-level husbandry and pricing sources should still be backfilled before production use."
EXO012,Reptile,Snake,Green Tree Python,งูกรีนทรีไพธอน,Morelia viridis,New Guinea,150,20,carnivore,arboreal,nocturnal,sensitive,high,hard,no,90x45x90 cm terrarium,27-31,70-90,solitary,ต้องตรวจสอบสถานะรายชนิดจากชื่อวิทยาศาสตร์ก่อนครอบครอง ค้า เพาะพันธุ์ หรือนำเข้า-ส่งออก และผู้เลี้ยงต้องจัดสวัสดิภาพสัตว์ตามกฎหมาย,พ.ร.บ. สงวนและคุ้มครองสัตว์ป่า พ.ศ. 2562; พ.ร.บ. ป้องกันการทารุณกรรมและการจัดสวัสดิภาพสัตว์ พ.ศ. 2557,ต้องตรวจสอบประกาศรายชนิดเพิ่มเติม,ต้องตรวจสอบรายชนิดเพิ่มเติม,ต้องตรวจสอบว่าต้องแจ้งการครอบครองหรือขอใบอนุญาตหรือไม่,ต้องตรวจสอบประกาศเพิ่มเติม,ต้องตรวจสอบประกาศเพิ่มเติม,ต้องตรวจสอบรายชนิดเพิ่มเติม,ไม่ควรปล่อย,ผู้เลี้ยงต้องจัดสวัสดิภาพสัตว์ให้เหมาะสมและห้ามทารุณกรรมสัตว์,ต้องตรวจสอบสถานะรายชนิดจากชื่อวิทยาศาสตร์ก่อนครอบครอง ค้า เพาะพันธุ์ หรือนำเข้า-ส่งออก และผู้เลี้ยงต้องจัดสวัสดิภาพสัตว์ตามกฎหมาย,medium,no,10000-40000,Reptile Database,https://reptile-database.reptarium.cz/,IUCN Red List; CITES Checklist,https://www.iucnredlist.org/ | https://checklist.cites.org/,Thailand Wildlife Preservation and Protection Act B.E. 2562 (uploaded PDF); Thailand Animal Welfare Act B.E. 2557 (uploaded PDF),uploaded:ACT_WILD-ANIMAL_2562.pdf | uploaded:law87.pdf | https://checklist.cites.org/,medium,legacy-row-needs-source-backfill,"Legacy row retained from the original dataset. Category-level taxonomy and legal reference sources have been added, but row-level husbandry and pricing sources should still be backfilled before production use."
EXO013,Reptile,Snake,Boa Constrictor,งูโบอาคอนสตริกเตอร์,Boa imperator,Central America,220,25,carnivore,terrestrial,nocturnal,calm,medium,medium,no,150x75x60 cm terrarium,27-31,60-75,solitary,ต้องตรวจสอบสถานะรายชนิดจากชื่อวิทยาศาสตร์ก่อนครอบครอง ค้า เพาะพันธุ์ หรือนำเข้า-ส่งออก และผู้เลี้ยงต้องจัดสวัสดิภาพสัตว์ตามกฎหมาย,พ.ร.บ. สงวนและคุ้มครองสัตว์ป่า พ.ศ. 2562; พ.ร.บ. ป้องกันการทารุณกรรมและการจัดสวัสดิภาพสัตว์ พ.ศ. 2557,ต้องตรวจสอบประกาศรายชนิดเพิ่มเติม,ต้องตรวจสอบรายชนิดเพิ่มเติม,ต้องตรวจสอบว่าต้องแจ้งการครอบครองหรือขอใบอนุญาตหรือไม่,ต้องตรวจสอบประกาศเพิ่มเติม,ต้องตรวจสอบประกาศเพิ่มเติม,ต้องตรวจสอบรายชนิดเพิ่มเติม,ไม่ควรปล่อย,ผู้เลี้ยงต้องจัดสวัสดิภาพสัตว์ให้เหมาะสมและห้ามทารุณกรรมสัตว์,ต้องตรวจสอบสถานะรายชนิดจากชื่อวิทยาศาสตร์ก่อนครอบครอง ค้า เพาะพันธุ์ หรือนำเข้า-ส่งออก และผู้เลี้ยงต้องจัดสวัสดิภาพสัตว์ตามกฎหมาย,medium,no,6000-30000,Reptile Database,https://reptile-database.reptarium.cz/,IUCN Red List; CITES Checklist,https://www.iucnredlist.org/ | https://checklist.cites.org/,Thailand Wildlife Preservation and Protection Act B.E. 2562 (uploaded PDF); Thailand Animal Welfare Act B.E. 2557 (uploaded PDF),uploaded:ACT_WILD-ANIMAL_2562.pdf | uploaded:law87.pdf | https://checklist.cites.org/,medium,legacy-row-needs-source-backfill,"Legacy row retained from the original dataset. Category-level taxonomy and legal reference sources have been added, but row-level husbandry and pricing sources should still be backfilled before production use."
EXO014,Reptile,Snake,Gopher Snake,งูโกเฟอร์,Pituophis catenifer,North America,150,18,carnivore,terrestrial,diurnal,active,low,easy,yes,120x60x45 cm terrarium,24-29,35-55,solitary,ต้องตรวจสอบสถานะรายชนิดจากชื่อวิทยาศาสตร์ก่อนครอบครอง ค้า เพาะพันธุ์ หรือนำเข้า-ส่งออก และผู้เลี้ยงต้องจัดสวัสดิภาพสัตว์ตามกฎหมาย,พ.ร.บ. สงวนและคุ้มครองสัตว์ป่า พ.ศ. 2562; พ.ร.บ. ป้องกันการทารุณกรรมและการจัดสวัสดิภาพสัตว์ พ.ศ. 2557,ต้องตรวจสอบประกาศรายชนิดเพิ่มเติม,ต้องตรวจสอบรายชนิดเพิ่มเติม,ต้องตรวจสอบว่าต้องแจ้งการครอบครองหรือขอใบอนุญาตหรือไม่,ต้องตรวจสอบประกาศเพิ่มเติม,ต้องตรวจสอบประกาศเพิ่มเติม,ต้องตรวจสอบรายชนิดเพิ่มเติม,ไม่ควรปล่อย,ผู้เลี้ยงต้องจัดสวัสดิภาพสัตว์ให้เหมาะสมและห้ามทารุณกรรมสัตว์,ต้องตรวจสอบสถานะรายชนิดจากชื่อวิทยาศาสตร์ก่อนครอบครอง ค้า เพาะพันธุ์ หรือนำเข้า-ส่งออก และผู้เลี้ยงต้องจัดสวัสดิภาพสัตว์ตามกฎหมาย,low,no,2500-10000,Reptile Database,https://reptile-database.reptarium.cz/,IUCN Red List; CITES Checklist,https://www.iucnredlist.org/ | https://checklist.cites.org/,Thailand Wildlife Preservation and Protection Act B.E. 2562 (uploaded PDF); Thailand Animal Welfare Act B.E. 2557 (uploaded PDF),uploaded:ACT_WILD-ANIMAL_2562.pdf | uploaded:law87.pdf | https://checklist.cites.org/,medium,legacy-row-needs-source-backfill,"Legacy row retained from the original dataset. Category-level taxonomy and legal reference sources have been added, but row-level husbandry and pricing sources should still be backfilled before production use."
EXO015,Reptile,Snake,Japanese Rat Snake,งูหนูญี่ปุ่น,Elaphe climacophora,Japan,140,15,carnivore,terrestrial,diurnal,curious,low,easy,yes,120x60x60 cm terrarium,24-28,50-70,solitary,ต้องตรวจสอบสถานะรายชนิดจากชื่อวิทยาศาสตร์ก่อนครอบครอง ค้า เพาะพันธุ์ หรือนำเข้า-ส่งออก และผู้เลี้ยงต้องจัดสวัสดิภาพสัตว์ตามกฎหมาย,พ.ร.บ. สงวนและคุ้มครองสัตว์ป่า พ.ศ. 2562; พ.ร.บ. ป้องกันการทารุณกรรมและการจัดสวัสดิภาพสัตว์ พ.ศ. 2557,ต้องตรวจสอบประกาศรายชนิดเพิ่มเติม,ต้องตรวจสอบรายชนิดเพิ่มเติม,ต้องตรวจสอบว่าต้องแจ้งการครอบครองหรือขอใบอนุญาตหรือไม่,ต้องตรวจสอบประกาศเพิ่มเติม,ต้องตรวจสอบประกาศเพิ่มเติม,ต้องตรวจสอบรายชนิดเพิ่มเติม,ไม่ควรปล่อย,ผู้เลี้ยงต้องจัดสวัสดิภาพสัตว์ให้เหมาะสมและห้ามทารุณกรรมสัตว์,ต้องตรวจสอบสถานะรายชนิดจากชื่อวิทยาศาสตร์ก่อนครอบครอง ค้า เพาะพันธุ์ หรือนำเข้า-ส่งออก และผู้เลี้ยงต้องจัดสวัสดิภาพสัตว์ตามกฎหมาย,low,no,3000-12000,Reptile Database,https://reptile-database.reptarium.cz/,IUCN Red List; CITES Checklist,https://www.iucnredlist.org/ | https://checklist.cites.org/,Thailand Wildlife Preservation and Protection Act B.E. 2562 (uploaded PDF); Thailand Animal Welfare Act B.E. 2557 (uploaded PDF),uploaded:ACT_WILD-ANIMAL_2562.pdf | uploaded:law87.pdf | https://checklist.cites.org/,medium,legacy-row-needs-source-backfill,"Legacy row retained from the original dataset. Category-level taxonomy and legal reference sources have been added, but row-level husbandry and pricing sources should still be backfilled before production use."
EXO016,Reptile,Snake,Rosy Boa,งูโรซี่โบอา,Lichanura trivirgata,North America,90,20,carnivore,terrestrial,crepuscular,calm,low,easy,yes,75x30x30 cm terrarium,26-31,30-50,solitary,ต้องตรวจสอบสถานะรายชนิดจากชื่อวิทยาศาสตร์ก่อนครอบครอง ค้า เพาะพันธุ์ หรือนำเข้า-ส่งออก และผู้เลี้ยงต้องจัดสวัสดิภาพสัตว์ตามกฎหมาย,พ.ร.บ. สงวนและคุ้มครองสัตว์ป่า พ.ศ. 2562; พ.ร.บ. ป้องกันการทารุณกรรมและการจัดสวัสดิภาพสัตว์ พ.ศ. 2557,ต้องตรวจสอบประกาศรายชนิดเพิ่มเติม,ต้องตรวจสอบรายชนิดเพิ่มเติม,ต้องตรวจสอบว่าต้องแจ้งการครอบครองหรือขอใบอนุญาตหรือไม่,ต้องตรวจสอบประกาศเพิ่มเติม,ต้องตรวจสอบประกาศเพิ่มเติม,ต้องตรวจสอบรายชนิดเพิ่มเติม,ไม่ควรปล่อย,ผู้เลี้ยงต้องจัดสวัสดิภาพสัตว์ให้เหมาะสมและห้ามทารุณกรรมสัตว์,ต้องตรวจสอบสถานะรายชนิดจากชื่อวิทยาศาสตร์ก่อนครอบครอง ค้า เพาะพันธุ์ หรือนำเข้า-ส่งออก และผู้เลี้ยงต้องจัดสวัสดิภาพสัตว์ตามกฎหมาย,low,no,3500-12000,Reptile Database,https://reptile-database.reptarium.cz/,IUCN Red List; CITES Checklist,https://www.iucnredlist.org/ | https://checklist.cites.org/,Thailand Wildlife Preservation and Protection Act B.E. 2562 (uploaded PDF); Thailand Animal Welfare Act B.E. 2557 (uploaded PDF),uploaded:ACT_WILD-ANIMAL_2562.pdf | uploaded:law87.pdf | https://checklist.cites.org/,medium,legacy-row-needs-source-backfill,"Legacy row retained from the original dataset. Category-level taxonomy and legal reference sources have been added, but row-level husbandry and pricing sources should still be backfilled before production use."
EXO017,Reptile,Snake,Children's Python,งูไพธอนเด็ก,Antaresia childreni,Australia,100,20,carnivore,terrestrial,nocturnal,calm,low,easy,yes,90x45x45 cm terrarium,27-31,50-70,solitary,ต้องตรวจสอบสถานะรายชนิดจากชื่อวิทยาศาสตร์ก่อนครอบครอง ค้า เพาะพันธุ์ หรือนำเข้า-ส่งออก และผู้เลี้ยงต้องจัดสวัสดิภาพสัตว์ตามกฎหมาย,พ.ร.บ. สงวนและคุ้มครองสัตว์ป่า พ.ศ. 2562; พ.ร.บ. ป้องกันการทารุณกรรมและการจัดสวัสดิภาพสัตว์ พ.ศ. 2557,ต้องตรวจสอบประกาศรายชนิดเพิ่มเติม,ต้องตรวจสอบรายชนิดเพิ่มเติม,ต้องตรวจสอบว่าต้องแจ้งการครอบครองหรือขอใบอนุญาตหรือไม่,ต้องตรวจสอบประกาศเพิ่มเติม,ต้องตรวจสอบประกาศเพิ่มเติม,ต้องตรวจสอบรายชนิดเพิ่มเติม,ไม่ควรปล่อย,ผู้เลี้ยงต้องจัดสวัสดิภาพสัตว์ให้เหมาะสมและห้ามทารุณกรรมสัตว์,ต้องตรวจสอบสถานะรายชนิดจากชื่อวิทยาศาสตร์ก่อนครอบครอง ค้า เพาะพันธุ์ หรือนำเข้า-ส่งออก และผู้เลี้ยงต้องจัดสวัสดิภาพสัตว์ตามกฎหมาย,low,no,5000-15000,Reptile Database,https://reptile-database.reptarium.cz/,IUCN Red List; CITES Checklist,https://www.iucnredlist.org/ | https://checklist.cites.org/,Thailand Wildlife Preservation and Protection Act B.E. 2562 (uploaded PDF); Thailand Animal Welfare Act B.E. 2557 (uploaded PDF),uploaded:ACT_WILD-ANIMAL_2562.pdf | uploaded:law87.pdf | https://checklist.cites.org/,medium,legacy-row-needs-source-backfill,"Legacy row retained from the original dataset. Category-level taxonomy and legal reference sources have been added, but row-level husbandry and pricing sources should still be backfilled before production use."
EXO018,Reptile,Snake,Sunbeam Snake,งูแสงอาทิตย์,Xenopeltis unicolor,Southeast Asia,100,15,carnivore,burrowing,nocturnal,secretive,medium,medium,no,90x45x30 cm terrarium,26-30,70-90,solitary,ต้องตรวจสอบสถานะรายชนิดจากชื่อวิทยาศาสตร์ก่อนครอบครอง ค้า เพาะพันธุ์ หรือนำเข้า-ส่งออก และผู้เลี้ยงต้องจัดสวัสดิภาพสัตว์ตามกฎหมาย,พ.ร.บ. สงวนและคุ้มครองสัตว์ป่า พ.ศ. 2562; พ.ร.บ. ป้องกันการทารุณกรรมและการจัดสวัสดิภาพสัตว์ พ.ศ. 2557,ต้องตรวจสอบประกาศรายชนิดเพิ่มเติม,ต้องตรวจสอบรายชนิดเพิ่มเติม,ต้องตรวจสอบว่าต้องแจ้งการครอบครองหรือขอใบอนุญาตหรือไม่,ต้องตรวจสอบประกาศเพิ่มเติม,ต้องตรวจสอบประกาศเพิ่มเติม,ต้องตรวจสอบรายชนิดเพิ่มเติม,ไม่ควรปล่อย,ผู้เลี้ยงต้องจัดสวัสดิภาพสัตว์ให้เหมาะสมและห้ามทารุณกรรมสัตว์,ต้องตรวจสอบสถานะรายชนิดจากชื่อวิทยาศาสตร์ก่อนครอบครอง ค้า เพาะพันธุ์ หรือนำเข้า-ส่งออก และผู้เลี้ยงต้องจัดสวัสดิภาพสัตว์ตามกฎหมาย,low,no,3000-12000,Reptile Database,https://reptile-database.reptarium.cz/,IUCN Red List; CITES Checklist,https://www.iucnredlist.org/ | https://checklist.cites.org/,Thailand Wildlife Preservation and Protection Act B.E. 2562 (uploaded PDF); Thailand Animal Welfare Act B.E. 2557 (uploaded PDF),uploaded:ACT_WILD-ANIMAL_2562.pdf | uploaded:law87.pdf | https://checklist.cites.org/,medium,legacy-row-needs-source-backfill,"Legacy row retained from the original dataset. Category-level taxonomy and legal reference sources have been added, but row-level husbandry and pricing sources should still be backfilled before production use."
EXO019,Reptile,Lizard,Leopard Gecko,เลพเพิร์ดเก็กโค,Eublepharis macularius,South Asia,25,18,insectivore,terrestrial,crepuscular,docile,low,easy,yes,60x30x30 cm terrarium,27-32,30-45,solitary,ต้องตรวจสอบสถานะรายชนิดจากชื่อวิทยาศาสตร์ก่อนครอบครอง ค้า เพาะพันธุ์ หรือนำเข้า-ส่งออก และผู้เลี้ยงต้องจัดสวัสดิภาพสัตว์ตามกฎหมาย,พ.ร.บ. สงวนและคุ้มครองสัตว์ป่า พ.ศ. 2562; พ.ร.บ. ป้องกันการทารุณกรรมและการจัดสวัสดิภาพสัตว์ พ.ศ. 2557,ต้องตรวจสอบประกาศรายชนิดเพิ่มเติม,ต้องตรวจสอบรายชนิดเพิ่มเติม,ต้องตรวจสอบว่าต้องแจ้งการครอบครองหรือขอใบอนุญาตหรือไม่,ต้องตรวจสอบประกาศเพิ่มเติม,ต้องตรวจสอบประกาศเพิ่มเติม,ต้องตรวจสอบรายชนิดเพิ่มเติม,ไม่ควรปล่อย,ผู้เลี้ยงต้องจัดสวัสดิภาพสัตว์ให้เหมาะสมและห้ามทารุณกรรมสัตว์,ต้องตรวจสอบสถานะรายชนิดจากชื่อวิทยาศาสตร์ก่อนครอบครอง ค้า เพาะพันธุ์ หรือนำเข้า-ส่งออก และผู้เลี้ยงต้องจัดสวัสดิภาพสัตว์ตามกฎหมาย,low,no,1500-12000,Reptile Database,https://reptile-database.reptarium.cz/,IUCN Red List; CITES Checklist,https://www.iucnredlist.org/ | https://checklist.cites.org/,Thailand Wildlife Preservation and Protection Act B.E. 2562 (uploaded PDF); Thailand Animal Welfare Act B.E. 2557 (uploaded PDF),uploaded:ACT_WILD-ANIMAL_2562.pdf | uploaded:law87.pdf | https://checklist.cites.org/,medium,legacy-row-needs-source-backfill,"Legacy row retained from the original dataset. Category-level taxonomy and legal reference sources have been added, but row-level husbandry and pricing sources should still be backfilled before production use."
EXO020,Reptile,Lizard,Crested Gecko,เครสเต็ดเก็กโค,Correlophus ciliatus,New Caledonia,22,15,omnivore,arboreal,nocturnal,calm,low,easy,yes,45x45x60 cm terrarium,22-26,60-80,solitary,ต้องตรวจสอบสถานะรายชนิดจากชื่อวิทยาศาสตร์ก่อนครอบครอง ค้า เพาะพันธุ์ หรือนำเข้า-ส่งออก และผู้เลี้ยงต้องจัดสวัสดิภาพสัตว์ตามกฎหมาย,พ.ร.บ. สงวนและคุ้มครองสัตว์ป่า พ.ศ. 2562; พ.ร.บ. ป้องกันการทารุณกรรมและการจัดสวัสดิภาพสัตว์ พ.ศ. 2557,ต้องตรวจสอบประกาศรายชนิดเพิ่มเติม,ต้องตรวจสอบรายชนิดเพิ่มเติม,ต้องตรวจสอบว่าต้องแจ้งการครอบครองหรือขอใบอนุญาตหรือไม่,ต้องตรวจสอบประกาศเพิ่มเติม,ต้องตรวจสอบประกาศเพิ่มเติม,ต้องตรวจสอบรายชนิดเพิ่มเติม,ไม่ควรปล่อย,ผู้เลี้ยงต้องจัดสวัสดิภาพสัตว์ให้เหมาะสมและห้ามทารุณกรรมสัตว์,ต้องตรวจสอบสถานะรายชนิดจากชื่อวิทยาศาสตร์ก่อนครอบครอง ค้า เพาะพันธุ์ หรือนำเข้า-ส่งออก และผู้เลี้ยงต้องจัดสวัสดิภาพสัตว์ตามกฎหมาย,low,no,2500-15000,Reptile Database,https://reptile-database.reptarium.cz/,IUCN Red List; CITES Checklist,https://www.iucnredlist.org/ | https://checklist.cites.org/,Thailand Wildlife Preservation and Protection Act B.E. 2562 (uploaded PDF); Thailand Animal Welfare Act B.E. 2557 (uploaded PDF),uploaded:ACT_WILD-ANIMAL_2562.pdf | uploaded:law87.pdf | https://checklist.cites.org/,medium,legacy-row-needs-source-backfill,"Legacy row retained from the original dataset. Category-level taxonomy and legal reference sources have been added, but row-level husbandry and pricing sources should still be backfilled before production use."
EXO021,Reptile,Lizard,Gargoyle Gecko,การ์กอยล์เก็กโค,Rhacodactylus auriculatus,New Caledonia,22,18,omnivore,arboreal,nocturnal,calm,low,easy,yes,45x45x60 cm terrarium,22-26,60-80,solitary,ต้องตรวจสอบสถานะรายชนิดจากชื่อวิทยาศาสตร์ก่อนครอบครอง ค้า เพาะพันธุ์ หรือนำเข้า-ส่งออก และผู้เลี้ยงต้องจัดสวัสดิภาพสัตว์ตามกฎหมาย,พ.ร.บ. สงวนและคุ้มครองสัตว์ป่า พ.ศ. 2562; พ.ร.บ. ป้องกันการทารุณกรรมและการจัดสวัสดิภาพสัตว์ พ.ศ. 2557,ต้องตรวจสอบประกาศรายชนิดเพิ่มเติม,ต้องตรวจสอบรายชนิดเพิ่มเติม,ต้องตรวจสอบว่าต้องแจ้งการครอบครองหรือขอใบอนุญาตหรือไม่,ต้องตรวจสอบประกาศเพิ่มเติม,ต้องตรวจสอบประกาศเพิ่มเติม,ต้องตรวจสอบรายชนิดเพิ่มเติม,ไม่ควรปล่อย,ผู้เลี้ยงต้องจัดสวัสดิภาพสัตว์ให้เหมาะสมและห้ามทารุณกรรมสัตว์,ต้องตรวจสอบสถานะรายชนิดจากชื่อวิทยาศาสตร์ก่อนครอบครอง ค้า เพาะพันธุ์ หรือนำเข้า-ส่งออก และผู้เลี้ยงต้องจัดสวัสดิภาพสัตว์ตามกฎหมาย,low,no,4000-18000,Reptile Database,https://reptile-database.reptarium.cz/,IUCN Red List; CITES Checklist,https://www.iucnredlist.org/ | https://checklist.cites.org/,Thailand Wildlife Preservation and Protection Act B.E. 2562 (uploaded PDF); Thailand Animal Welfare Act B.E. 2557 (uploaded PDF),uploaded:ACT_WILD-ANIMAL_2562.pdf | uploaded:law87.pdf | https://checklist.cites.org/,medium,legacy-row-needs-source-backfill,"Legacy row retained from the original dataset. Category-level taxonomy and legal reference sources have been added, but row-level husbandry and pricing sources should still be backfilled before production use."
EXO022,Reptile,Lizard,Tokay Gecko,ตุ๊กแกโทเคย์,Gekko gecko,Southeast Asia,35,12,insectivore,arboreal,nocturnal,defensive,high,medium,no,60x45x90 cm terrarium,26-31,60-80,solitary,ต้องตรวจสอบสถานะรายชนิดจากชื่อวิทยาศาสตร์ก่อนครอบครอง ค้า เพาะพันธุ์ หรือนำเข้า-ส่งออก และผู้เลี้ยงต้องจัดสวัสดิภาพสัตว์ตามกฎหมาย,พ.ร.บ. สงวนและคุ้มครองสัตว์ป่า พ.ศ. 2562; พ.ร.บ. ป้องกันการทารุณกรรมและการจัดสวัสดิภาพสัตว์ พ.ศ. 2557,ต้องตรวจสอบประกาศรายชนิดเพิ่มเติม,ต้องตรวจสอบรายชนิดเพิ่มเติม,ต้องตรวจสอบว่าต้องแจ้งการครอบครองหรือขอใบอนุญาตหรือไม่,ต้องตรวจสอบประกาศเพิ่มเติม,ต้องตรวจสอบประกาศเพิ่มเติม,ต้องตรวจสอบรายชนิดเพิ่มเติม,ไม่ควรปล่อย,ผู้เลี้ยงต้องจัดสวัสดิภาพสัตว์ให้เหมาะสมและห้ามทารุณกรรมสัตว์,ต้องตรวจสอบสถานะรายชนิดจากชื่อวิทยาศาสตร์ก่อนครอบครอง ค้า เพาะพันธุ์ หรือนำเข้า-ส่งออก และผู้เลี้ยงต้องจัดสวัสดิภาพสัตว์ตามกฎหมาย,medium,no,1500-8000,Reptile Database,https://reptile-database.reptarium.cz/,IUCN Red List; CITES Checklist,https://www.iucnredlist.org/ | https://checklist.cites.org/,Thailand Wildlife Preservation and Protection Act B.E. 2562 (uploaded PDF); Thailand Animal Welfare Act B.E. 2557 (uploaded PDF),uploaded:ACT_WILD-ANIMAL_2562.pdf | uploaded:law87.pdf | https://checklist.cites.org/,medium,legacy-row-needs-source-backfill,"Legacy row retained from the original dataset. Category-level taxonomy and legal reference sources have been added, but row-level husbandry and pricing sources should still be backfilled before production use."
EXO023,Reptile,Lizard,Giant Day Gecko,เดย์เก็กโคยักษ์,Phelsuma grandis,Madagascar,28,15,omnivore,arboreal,diurnal,alert,medium,medium,no,60x45x90 cm terrarium,25-30,60-80,solitary,ต้องตรวจสอบสถานะรายชนิดจากชื่อวิทยาศาสตร์ก่อนครอบครอง ค้า เพาะพันธุ์ หรือนำเข้า-ส่งออก และผู้เลี้ยงต้องจัดสวัสดิภาพสัตว์ตามกฎหมาย,พ.ร.บ. สงวนและคุ้มครองสัตว์ป่า พ.ศ. 2562; พ.ร.บ. ป้องกันการทารุณกรรมและการจัดสวัสดิภาพสัตว์ พ.ศ. 2557,ต้องตรวจสอบประกาศรายชนิดเพิ่มเติม,ต้องตรวจสอบรายชนิดเพิ่มเติม,ต้องตรวจสอบว่าต้องแจ้งการครอบครองหรือขอใบอนุญาตหรือไม่,ต้องตรวจสอบประกาศเพิ่มเติม,ต้องตรวจสอบประกาศเพิ่มเติม,ต้องตรวจสอบรายชนิดเพิ่มเติม,ไม่ควรปล่อย,ผู้เลี้ยงต้องจัดสวัสดิภาพสัตว์ให้เหมาะสมและห้ามทารุณกรรมสัตว์,ต้องตรวจสอบสถานะรายชนิดจากชื่อวิทยาศาสตร์ก่อนครอบครอง ค้า เพาะพันธุ์ หรือนำเข้า-ส่งออก และผู้เลี้ยงต้องจัดสวัสดิภาพสัตว์ตามกฎหมาย,low,no,3500-15000,Reptile Database,https://reptile-database.reptarium.cz/,IUCN Red List; CITES Checklist,https://www.iucnredlist.org/ | https://checklist.cites.org/,Thailand Wildlife Preservation and Protection Act B.E. 2562 (uploaded PDF); Thailand Animal Welfare Act B.E. 2557 (uploaded PDF),uploaded:ACT_WILD-ANIMAL_2562.pdf | uploaded:law87.pdf | https://checklist.cites.org/,medium,legacy-row-needs-source-backfill,"Legacy row retained from the original dataset. Category-level taxonomy and legal reference sources have been added, but row-level husbandry and pricing sources should still be backfilled before production use."
EXO024,Reptile,Lizard,African Fat-tailed Gecko,แอฟริกันแฟตเทลเก็กโค,Hemitheconyx caudicinctus,Africa,23,18,insectivore,terrestrial,nocturnal,calm,low,easy,yes,60x30x30 cm terrarium,26-31,50-70,solitary,ต้องตรวจสอบสถานะรายชนิดจากชื่อวิทยาศาสตร์ก่อนครอบครอง ค้า เพาะพันธุ์ หรือนำเข้า-ส่งออก และผู้เลี้ยงต้องจัดสวัสดิภาพสัตว์ตามกฎหมาย,พ.ร.บ. สงวนและคุ้มครองสัตว์ป่า พ.ศ. 2562; พ.ร.บ. ป้องกันการทารุณกรรมและการจัดสวัสดิภาพสัตว์ พ.ศ. 2557,ต้องตรวจสอบประกาศรายชนิดเพิ่มเติม,ต้องตรวจสอบรายชนิดเพิ่มเติม,ต้องตรวจสอบว่าต้องแจ้งการครอบครองหรือขอใบอนุญาตหรือไม่,ต้องตรวจสอบประกาศเพิ่มเติม,ต้องตรวจสอบประกาศเพิ่มเติม,ต้องตรวจสอบรายชนิดเพิ่มเติม,ไม่ควรปล่อย,ผู้เลี้ยงต้องจัดสวัสดิภาพสัตว์ให้เหมาะสมและห้ามทารุณกรรมสัตว์,ต้องตรวจสอบสถานะรายชนิดจากชื่อวิทยาศาสตร์ก่อนครอบครอง ค้า เพาะพันธุ์ หรือนำเข้า-ส่งออก และผู้เลี้ยงต้องจัดสวัสดิภาพสัตว์ตามกฎหมาย,low,no,2500-10000,Reptile Database,https://reptile-database.reptarium.cz/,IUCN Red List; CITES Checklist,https://www.iucnredlist.org/ | https://checklist.cites.org/,Thailand Wildlife Preservation and Protection Act B.E. 2562 (uploaded PDF); Thailand Animal Welfare Act B.E. 2557 (uploaded PDF),uploaded:ACT_WILD-ANIMAL_2562.pdf | uploaded:law87.pdf | https://checklist.cites.org/,medium,legacy-row-needs-source-backfill,"Legacy row retained from the original dataset. Category-level taxonomy and legal reference sources have been added, but row-level husbandry and pricing sources should still be backfilled before production use."
EXO025,Reptile,Lizard,Bearded Dragon,เบียร์เด็ดดราก้อน,Pogona vitticeps,Australia,50,12,omnivore,terrestrial,diurnal,friendly,low,easy,yes,120x60x60 cm terrarium,30-40,30-40,solitary,ต้องตรวจสอบสถานะรายชนิดจากชื่อวิทยาศาสตร์ก่อนครอบครอง ค้า เพาะพันธุ์ หรือนำเข้า-ส่งออก และผู้เลี้ยงต้องจัดสวัสดิภาพสัตว์ตามกฎหมาย,พ.ร.บ. สงวนและคุ้มครองสัตว์ป่า พ.ศ. 2562; พ.ร.บ. ป้องกันการทารุณกรรมและการจัดสวัสดิภาพสัตว์ พ.ศ. 2557,ต้องตรวจสอบประกาศรายชนิดเพิ่มเติม,ต้องตรวจสอบรายชนิดเพิ่มเติม,ต้องตรวจสอบว่าต้องแจ้งการครอบครองหรือขอใบอนุญาตหรือไม่,ต้องตรวจสอบประกาศเพิ่มเติม,ต้องตรวจสอบประกาศเพิ่มเติม,ต้องตรวจสอบรายชนิดเพิ่มเติม,ไม่ควรปล่อย,ผู้เลี้ยงต้องจัดสวัสดิภาพสัตว์ให้เหมาะสมและห้ามทารุณกรรมสัตว์,ต้องตรวจสอบสถานะรายชนิดจากชื่อวิทยาศาสตร์ก่อนครอบครอง ค้า เพาะพันธุ์ หรือนำเข้า-ส่งออก และผู้เลี้ยงต้องจัดสวัสดิภาพสัตว์ตามกฎหมาย,low,no,3000-20000,Reptile Database,https://reptile-database.reptarium.cz/,IUCN Red List; CITES Checklist,https://www.iucnredlist.org/ | https://checklist.cites.org/,Thailand Wildlife Preservation and Protection Act B.E. 2562 (uploaded PDF); Thailand Animal Welfare Act B.E. 2557 (uploaded PDF),uploaded:ACT_WILD-ANIMAL_2562.pdf | uploaded:law87.pdf | https://checklist.cites.org/,medium,legacy-row-needs-source-backfill,"Legacy row retained from the original dataset. Category-level taxonomy and legal reference sources have been added, but row-level husbandry and pricing sources should still be backfilled before production use."
EXO026,Reptile,Lizard,Uromastyx,ยูโรมาสติกซ์,Uromastyx geyri,Africa,35,18,herbivore,terrestrial,diurnal,calm,medium,medium,no,120x60x60 cm terrarium,35-45,20-35,solitary,ต้องตรวจสอบสถานะรายชนิดจากชื่อวิทยาศาสตร์ก่อนครอบครอง ค้า เพาะพันธุ์ หรือนำเข้า-ส่งออก และผู้เลี้ยงต้องจัดสวัสดิภาพสัตว์ตามกฎหมาย,พ.ร.บ. สงวนและคุ้มครองสัตว์ป่า พ.ศ. 2562; พ.ร.บ. ป้องกันการทารุณกรรมและการจัดสวัสดิภาพสัตว์ พ.ศ. 2557,ต้องตรวจสอบประกาศรายชนิดเพิ่มเติม,ต้องตรวจสอบรายชนิดเพิ่มเติม,ต้องตรวจสอบว่าต้องแจ้งการครอบครองหรือขอใบอนุญาตหรือไม่,ต้องตรวจสอบประกาศเพิ่มเติม,ต้องตรวจสอบประกาศเพิ่มเติม,ต้องตรวจสอบรายชนิดเพิ่มเติม,ไม่ควรปล่อย,ผู้เลี้ยงต้องจัดสวัสดิภาพสัตว์ให้เหมาะสมและห้ามทารุณกรรมสัตว์,ต้องตรวจสอบสถานะรายชนิดจากชื่อวิทยาศาสตร์ก่อนครอบครอง ค้า เพาะพันธุ์ หรือนำเข้า-ส่งออก และผู้เลี้ยงต้องจัดสวัสดิภาพสัตว์ตามกฎหมาย,low,no,8000-25000,Reptile Database,https://reptile-database.reptarium.cz/,IUCN Red List; CITES Checklist,https://www.iucnredlist.org/ | https://checklist.cites.org/,Thailand Wildlife Preservation and Protection Act B.E. 2562 (uploaded PDF); Thailand Animal Welfare Act B.E. 2557 (uploaded PDF),uploaded:ACT_WILD-ANIMAL_2562.pdf | uploaded:law87.pdf | https://checklist.cites.org/,medium,legacy-row-needs-source-backfill,"Legacy row retained from the original dataset. Category-level taxonomy and legal reference sources have been added, but row-level husbandry and pricing sources should still be backfilled before production use."
EXO027,Reptile,Lizard,Blue-tongued Skink,บลูทังสกิ้ง,Tiliqua scincoides,Australia,55,20,omnivore,terrestrial,diurnal,docile,low,easy,yes,120x60x45 cm terrarium,26-32,40-60,solitary,ต้องตรวจสอบสถานะรายชนิดจากชื่อวิทยาศาสตร์ก่อนครอบครอง ค้า เพาะพันธุ์ หรือนำเข้า-ส่งออก และผู้เลี้ยงต้องจัดสวัสดิภาพสัตว์ตามกฎหมาย,พ.ร.บ. สงวนและคุ้มครองสัตว์ป่า พ.ศ. 2562; พ.ร.บ. ป้องกันการทารุณกรรมและการจัดสวัสดิภาพสัตว์ พ.ศ. 2557,ต้องตรวจสอบประกาศรายชนิดเพิ่มเติม,ต้องตรวจสอบรายชนิดเพิ่มเติม,ต้องตรวจสอบว่าต้องแจ้งการครอบครองหรือขอใบอนุญาตหรือไม่,ต้องตรวจสอบประกาศเพิ่มเติม,ต้องตรวจสอบประกาศเพิ่มเติม,ต้องตรวจสอบรายชนิดเพิ่มเติม,ไม่ควรปล่อย,ผู้เลี้ยงต้องจัดสวัสดิภาพสัตว์ให้เหมาะสมและห้ามทารุณกรรมสัตว์,ต้องตรวจสอบสถานะรายชนิดจากชื่อวิทยาศาสตร์ก่อนครอบครอง ค้า เพาะพันธุ์ หรือนำเข้า-ส่งออก และผู้เลี้ยงต้องจัดสวัสดิภาพสัตว์ตามกฎหมาย,low,no,7000-25000,Reptile Database,https://reptile-database.reptarium.cz/,IUCN Red List; CITES Checklist,https://www.iucnredlist.org/ | https://checklist.cites.org/,Thailand Wildlife Preservation and Protection Act B.E. 2562 (uploaded PDF); Thailand Animal Welfare Act B.E. 2557 (uploaded PDF),uploaded:ACT_WILD-ANIMAL_2562.pdf | uploaded:law87.pdf | https://checklist.cites.org/,medium,legacy-row-needs-source-backfill,"Legacy row retained from the original dataset. Category-level taxonomy and legal reference sources have been added, but row-level husbandry and pricing sources should still be backfilled before production use."
EXO028,Reptile,Lizard,Ackie Monitor,แอคกี้มอนิเตอร์,Varanus acanthurus,Australia,70,15,carnivore,terrestrial,diurnal,intelligent,medium,hard,no,150x75x90 cm terrarium,30-45,30-50,solitary,ต้องตรวจสอบสถานะรายชนิดจากชื่อวิทยาศาสตร์ก่อนครอบครอง ค้า เพาะพันธุ์ หรือนำเข้า-ส่งออก และผู้เลี้ยงต้องจัดสวัสดิภาพสัตว์ตามกฎหมาย,พ.ร.บ. สงวนและคุ้มครองสัตว์ป่า พ.ศ. 2562; พ.ร.บ. ป้องกันการทารุณกรรมและการจัดสวัสดิภาพสัตว์ พ.ศ. 2557,ต้องตรวจสอบประกาศรายชนิดเพิ่มเติม,ต้องตรวจสอบรายชนิดเพิ่มเติม,ต้องตรวจสอบว่าต้องแจ้งการครอบครองหรือขอใบอนุญาตหรือไม่,ต้องตรวจสอบประกาศเพิ่มเติม,ต้องตรวจสอบประกาศเพิ่มเติม,ต้องตรวจสอบรายชนิดเพิ่มเติม,ไม่ควรปล่อย,ผู้เลี้ยงต้องจัดสวัสดิภาพสัตว์ให้เหมาะสมและห้ามทารุณกรรมสัตว์,ต้องตรวจสอบสถานะรายชนิดจากชื่อวิทยาศาสตร์ก่อนครอบครอง ค้า เพาะพันธุ์ หรือนำเข้า-ส่งออก และผู้เลี้ยงต้องจัดสวัสดิภาพสัตว์ตามกฎหมาย,medium,no,15000-50000,Reptile Database,https://reptile-database.reptarium.cz/,IUCN Red List; CITES Checklist,https://www.iucnredlist.org/ | https://checklist.cites.org/,Thailand Wildlife Preservation and Protection Act B.E. 2562 (uploaded PDF); Thailand Animal Welfare Act B.E. 2557 (uploaded PDF),uploaded:ACT_WILD-ANIMAL_2562.pdf | uploaded:law87.pdf | https://checklist.cites.org/,medium,legacy-row-needs-source-backfill,"Legacy row retained from the original dataset. Category-level taxonomy and legal reference sources have been added, but row-level husbandry and pricing sources should still be backfilled before production use."
EXO029,Reptile,Lizard,Savannah Monitor,ซาวันน่ามอนิเตอร์,Varanus exanthematicus,Africa,100,15,carnivore,terrestrial,diurnal,strong,high,hard,no,very large enclosure,30-40,40-60,solitary,ต้องตรวจสอบสถานะรายชนิดจากชื่อวิทยาศาสตร์ก่อนครอบครอง ค้า เพาะพันธุ์ หรือนำเข้า-ส่งออก และผู้เลี้ยงต้องจัดสวัสดิภาพสัตว์ตามกฎหมาย,พ.ร.บ. สงวนและคุ้มครองสัตว์ป่า พ.ศ. 2562; พ.ร.บ. ป้องกันการทารุณกรรมและการจัดสวัสดิภาพสัตว์ พ.ศ. 2557,ต้องตรวจสอบประกาศรายชนิดเพิ่มเติม,ต้องตรวจสอบรายชนิดเพิ่มเติม,ต้องตรวจสอบว่าต้องแจ้งการครอบครองหรือขอใบอนุญาตหรือไม่,ต้องตรวจสอบประกาศเพิ่มเติม,ต้องตรวจสอบประกาศเพิ่มเติม,ต้องตรวจสอบรายชนิดเพิ่มเติม,ไม่ควรปล่อย,ผู้เลี้ยงต้องจัดสวัสดิภาพสัตว์ให้เหมาะสมและห้ามทารุณกรรมสัตว์,ต้องตรวจสอบสถานะรายชนิดจากชื่อวิทยาศาสตร์ก่อนครอบครอง ค้า เพาะพันธุ์ หรือนำเข้า-ส่งออก และผู้เลี้ยงต้องจัดสวัสดิภาพสัตว์ตามกฎหมาย,high,no,12000-40000,Reptile Database,https://reptile-database.reptarium.cz/,IUCN Red List; CITES Checklist,https://www.iucnredlist.org/ | https://checklist.cites.org/,Thailand Wildlife Preservation and Protection Act B.E. 2562 (uploaded PDF); Thailand Animal Welfare Act B.E. 2557 (uploaded PDF),uploaded:ACT_WILD-ANIMAL_2562.pdf | uploaded:law87.pdf | https://checklist.cites.org/,medium,legacy-row-needs-source-backfill,"Legacy row retained from the original dataset. Category-level taxonomy and legal reference sources have been added, but row-level husbandry and pricing sources should still be backfilled before production use."
EXO030,Reptile,Lizard,Green Iguana,กรีนอิกัวน่า,Iguana iguana,Central America,150,18,herbivore,arboreal,diurnal,can become defensive,high,hard,no,large custom enclosure,28-34,60-80,solitary,ต้องตรวจสอบสถานะรายชนิดจากชื่อวิทยาศาสตร์ก่อนครอบครอง ค้า เพาะพันธุ์ หรือนำเข้า-ส่งออก และผู้เลี้ยงต้องจัดสวัสดิภาพสัตว์ตามกฎหมาย,พ.ร.บ. สงวนและคุ้มครองสัตว์ป่า พ.ศ. 2562; พ.ร.บ. ป้องกันการทารุณกรรมและการจัดสวัสดิภาพสัตว์ พ.ศ. 2557,ต้องตรวจสอบประกาศรายชนิดเพิ่มเติม,ต้องตรวจสอบรายชนิดเพิ่มเติม,ต้องตรวจสอบว่าต้องแจ้งการครอบครองหรือขอใบอนุญาตหรือไม่,ต้องตรวจสอบประกาศเพิ่มเติม,ต้องตรวจสอบประกาศเพิ่มเติม,ต้องตรวจสอบรายชนิดเพิ่มเติม,ไม่ควรปล่อย,ผู้เลี้ยงต้องจัดสวัสดิภาพสัตว์ให้เหมาะสมและห้ามทารุณกรรมสัตว์,ต้องตรวจสอบสถานะรายชนิดจากชื่อวิทยาศาสตร์ก่อนครอบครอง ค้า เพาะพันธุ์ หรือนำเข้า-ส่งออก และผู้เลี้ยงต้องจัดสวัสดิภาพสัตว์ตามกฎหมาย,medium,no,2500-15000,Reptile Database,https://reptile-database.reptarium.cz/,IUCN Red List; CITES Checklist,https://www.iucnredlist.org/ | https://checklist.cites.org/,Thailand Wildlife Preservation and Protection Act B.E. 2562 (uploaded PDF); Thailand Animal Welfare Act B.E. 2557 (uploaded PDF),uploaded:ACT_WILD-ANIMAL_2562.pdf | uploaded:law87.pdf | https://checklist.cites.org/,medium,legacy-row-needs-source-backfill,"Legacy row retained from the original dataset. Category-level taxonomy and legal reference sources have been added, but row-level husbandry and pricing sources should still be backfilled before production use."
EXO031,Reptile,Lizard,Cuban Rock Iguana,คิวบันร็อกอิกัวน่า,Cyclura nubila,Caribbean,120,25,herbivore,terrestrial,diurnal,strong,high,hard,no,large custom enclosure,28-34,50-70,solitary,ต้องตรวจสอบสถานะรายชนิดจากชื่อวิทยาศาสตร์ก่อนครอบครอง ค้า เพาะพันธุ์ หรือนำเข้า-ส่งออก และผู้เลี้ยงต้องจัดสวัสดิภาพสัตว์ตามกฎหมาย,พ.ร.บ. สงวนและคุ้มครองสัตว์ป่า พ.ศ. 2562; พ.ร.บ. ป้องกันการทารุณกรรมและการจัดสวัสดิภาพสัตว์ พ.ศ. 2557,ต้องตรวจสอบประกาศรายชนิดเพิ่มเติม,ต้องตรวจสอบรายชนิดเพิ่มเติม,ต้องตรวจสอบว่าต้องแจ้งการครอบครองหรือขอใบอนุญาตหรือไม่,ต้องตรวจสอบประกาศเพิ่มเติม,ต้องตรวจสอบประกาศเพิ่มเติม,ต้องตรวจสอบรายชนิดเพิ่มเติม,ไม่ควรปล่อย,ผู้เลี้ยงต้องจัดสวัสดิภาพสัตว์ให้เหมาะสมและห้ามทารุณกรรมสัตว์,ต้องตรวจสอบสถานะรายชนิดจากชื่อวิทยาศาสตร์ก่อนครอบครอง ค้า เพาะพันธุ์ หรือนำเข้า-ส่งออก และผู้เลี้ยงต้องจัดสวัสดิภาพสัตว์ตามกฎหมาย,medium,no,20000-80000,Reptile Database,https://reptile-database.reptarium.cz/,IUCN Red List; CITES Checklist,https://www.iucnredlist.org/ | https://checklist.cites.org/,Thailand Wildlife Preservation and Protection Act B.E. 2562 (uploaded PDF); Thailand Animal Welfare Act B.E. 2557 (uploaded PDF),uploaded:ACT_WILD-ANIMAL_2562.pdf | uploaded:law87.pdf | https://checklist.cites.org/,medium,legacy-row-needs-source-backfill,"Legacy row retained from the original dataset. Category-level taxonomy and legal reference sources have been added, but row-level husbandry and pricing sources should still be backfilled before production use."
EXO032,Reptile,Lizard,Panther Chameleon,แพนเธอร์คาเมเลียน,Furcifer pardalis,Madagascar,45,7,insectivore,arboreal,diurnal,sensitive,low,hard,no,screen enclosure,24-30,50-80,solitary,ต้องตรวจสอบสถานะรายชนิดจากชื่อวิทยาศาสตร์ก่อนครอบครอง ค้า เพาะพันธุ์ หรือนำเข้า-ส่งออก และผู้เลี้ยงต้องจัดสวัสดิภาพสัตว์ตามกฎหมาย,พ.ร.บ. สงวนและคุ้มครองสัตว์ป่า พ.ศ. 2562; พ.ร.บ. ป้องกันการทารุณกรรมและการจัดสวัสดิภาพสัตว์ พ.ศ. 2557,ต้องตรวจสอบประกาศรายชนิดเพิ่มเติม,ต้องตรวจสอบรายชนิดเพิ่มเติม,ต้องตรวจสอบว่าต้องแจ้งการครอบครองหรือขอใบอนุญาตหรือไม่,ต้องตรวจสอบประกาศเพิ่มเติม,ต้องตรวจสอบประกาศเพิ่มเติม,ต้องตรวจสอบรายชนิดเพิ่มเติม,ไม่ควรปล่อย,ผู้เลี้ยงต้องจัดสวัสดิภาพสัตว์ให้เหมาะสมและห้ามทารุณกรรมสัตว์,ต้องตรวจสอบสถานะรายชนิดจากชื่อวิทยาศาสตร์ก่อนครอบครอง ค้า เพาะพันธุ์ หรือนำเข้า-ส่งออก และผู้เลี้ยงต้องจัดสวัสดิภาพสัตว์ตามกฎหมาย,low,no,8000-35000,Reptile Database,https://reptile-database.reptarium.cz/,IUCN Red List; CITES Checklist,https://www.iucnredlist.org/ | https://checklist.cites.org/,Thailand Wildlife Preservation and Protection Act B.E. 2562 (uploaded PDF); Thailand Animal Welfare Act B.E. 2557 (uploaded PDF),uploaded:ACT_WILD-ANIMAL_2562.pdf | uploaded:law87.pdf | https://checklist.cites.org/,medium,legacy-row-needs-source-backfill,"Legacy row retained from the original dataset. Category-level taxonomy and legal reference sources have been added, but row-level husbandry and pricing sources should still be backfilled before production use."
EXO033,Reptile,Lizard,Veiled Chameleon,วีลด์คาเมเลียน,Chamaeleo calyptratus,Yemen,50,8,omnivore,arboreal,diurnal,territorial,low,medium,no,screen enclosure,24-32,50-70,solitary,ต้องตรวจสอบสถานะรายชนิดจากชื่อวิทยาศาสตร์ก่อนครอบครอง ค้า เพาะพันธุ์ หรือนำเข้า-ส่งออก และผู้เลี้ยงต้องจัดสวัสดิภาพสัตว์ตามกฎหมาย,พ.ร.บ. สงวนและคุ้มครองสัตว์ป่า พ.ศ. 2562; พ.ร.บ. ป้องกันการทารุณกรรมและการจัดสวัสดิภาพสัตว์ พ.ศ. 2557,ต้องตรวจสอบประกาศรายชนิดเพิ่มเติม,ต้องตรวจสอบรายชนิดเพิ่มเติม,ต้องตรวจสอบว่าต้องแจ้งการครอบครองหรือขอใบอนุญาตหรือไม่,ต้องตรวจสอบประกาศเพิ่มเติม,ต้องตรวจสอบประกาศเพิ่มเติม,ต้องตรวจสอบรายชนิดเพิ่มเติม,ไม่ควรปล่อย,ผู้เลี้ยงต้องจัดสวัสดิภาพสัตว์ให้เหมาะสมและห้ามทารุณกรรมสัตว์,ต้องตรวจสอบสถานะรายชนิดจากชื่อวิทยาศาสตร์ก่อนครอบครอง ค้า เพาะพันธุ์ หรือนำเข้า-ส่งออก และผู้เลี้ยงต้องจัดสวัสดิภาพสัตว์ตามกฎหมาย,low,no,5000-20000,Reptile Database,https://reptile-database.reptarium.cz/,IUCN Red List; CITES Checklist,https://www.iucnredlist.org/ | https://checklist.cites.org/,Thailand Wildlife Preservation and Protection Act B.E. 2562 (uploaded PDF); Thailand Animal Welfare Act B.E. 2557 (uploaded PDF),uploaded:ACT_WILD-ANIMAL_2562.pdf | uploaded:law87.pdf | https://checklist.cites.org/,medium,legacy-row-needs-source-backfill,"Legacy row retained from the original dataset. Category-level taxonomy and legal reference sources have been added, but row-level husbandry and pricing sources should still be backfilled before production use."
EXO034,Reptile,Lizard,Jackson's Chameleon,แจ็คสันคาเมเลียน,Trioceros jacksonii,East Africa,35,8,insectivore,arboreal,diurnal,sensitive,low,hard,no,screen enclosure,20-26,60-80,solitary,ต้องตรวจสอบสถานะรายชนิดจากชื่อวิทยาศาสตร์ก่อนครอบครอง ค้า เพาะพันธุ์ หรือนำเข้า-ส่งออก และผู้เลี้ยงต้องจัดสวัสดิภาพสัตว์ตามกฎหมาย,พ.ร.บ. สงวนและคุ้มครองสัตว์ป่า พ.ศ. 2562; พ.ร.บ. ป้องกันการทารุณกรรมและการจัดสวัสดิภาพสัตว์ พ.ศ. 2557,ต้องตรวจสอบประกาศรายชนิดเพิ่มเติม,ต้องตรวจสอบรายชนิดเพิ่มเติม,ต้องตรวจสอบว่าต้องแจ้งการครอบครองหรือขอใบอนุญาตหรือไม่,ต้องตรวจสอบประกาศเพิ่มเติม,ต้องตรวจสอบประกาศเพิ่มเติม,ต้องตรวจสอบรายชนิดเพิ่มเติม,ไม่ควรปล่อย,ผู้เลี้ยงต้องจัดสวัสดิภาพสัตว์ให้เหมาะสมและห้ามทารุณกรรมสัตว์,ต้องตรวจสอบสถานะรายชนิดจากชื่อวิทยาศาสตร์ก่อนครอบครอง ค้า เพาะพันธุ์ หรือนำเข้า-ส่งออก และผู้เลี้ยงต้องจัดสวัสดิภาพสัตว์ตามกฎหมาย,low,no,8000-30000,Reptile Database,https://reptile-database.reptarium.cz/,IUCN Red List; CITES Checklist,https://www.iucnredlist.org/ | https://checklist.cites.org/,Thailand Wildlife Preservation and Protection Act B.E. 2562 (uploaded PDF); Thailand Animal Welfare Act B.E. 2557 (uploaded PDF),uploaded:ACT_WILD-ANIMAL_2562.pdf | uploaded:law87.pdf | https://checklist.cites.org/,medium,legacy-row-needs-source-backfill,"Legacy row retained from the original dataset. Category-level taxonomy and legal reference sources have been added, but row-level husbandry and pricing sources should still be backfilled before production use."
EXO035,Reptile,Tortoise,Sulcata Tortoise,ซูลคาต้า,Centrochelys sulcata,Africa,80,60,herbivore,terrestrial,diurnal,calm,medium,medium,no,outdoor pen,28-35,30-50,solitary,ต้องตรวจสอบสถานะรายชนิดจากชื่อวิทยาศาสตร์ก่อนครอบครอง ค้า เพาะพันธุ์ หรือนำเข้า-ส่งออก และผู้เลี้ยงต้องจัดสวัสดิภาพสัตว์ตามกฎหมาย,พ.ร.บ. สงวนและคุ้มครองสัตว์ป่า พ.ศ. 2562; พ.ร.บ. ป้องกันการทารุณกรรมและการจัดสวัสดิภาพสัตว์ พ.ศ. 2557,ต้องตรวจสอบประกาศรายชนิดเพิ่มเติม,ต้องตรวจสอบรายชนิดเพิ่มเติม,ต้องตรวจสอบว่าต้องแจ้งการครอบครองหรือขอใบอนุญาตหรือไม่,ต้องตรวจสอบประกาศเพิ่มเติม,ต้องตรวจสอบประกาศเพิ่มเติม,ต้องตรวจสอบรายชนิดเพิ่มเติม,ไม่ควรปล่อย,ผู้เลี้ยงต้องจัดสวัสดิภาพสัตว์ให้เหมาะสมและห้ามทารุณกรรมสัตว์,ต้องตรวจสอบสถานะรายชนิดจากชื่อวิทยาศาสตร์ก่อนครอบครอง ค้า เพาะพันธุ์ หรือนำเข้า-ส่งออก และผู้เลี้ยงต้องจัดสวัสดิภาพสัตว์ตามกฎหมาย,low,no,3000-30000,Reptile Database,https://reptile-database.reptarium.cz/,IUCN Red List; CITES Checklist,https://www.iucnredlist.org/ | https://checklist.cites.org/,Thailand Wildlife Preservation and Protection Act B.E. 2562 (uploaded PDF); Thailand Animal Welfare Act B.E. 2557 (uploaded PDF),uploaded:ACT_WILD-ANIMAL_2562.pdf | uploaded:law87.pdf | https://checklist.cites.org/,medium,legacy-row-needs-source-backfill,"Legacy row retained from the original dataset. Category-level taxonomy and legal reference sources have been added, but row-level husbandry and pricing sources should still be backfilled before production use."
EXO036,Reptile,Tortoise,Leopard Tortoise,เลพเพิร์ดทอร์ทอยส์,Stigmochelys pardalis,Africa,45,50,herbivore,terrestrial,diurnal,calm,low,medium,no,outdoor pen,26-32,40-60,solitary,ต้องตรวจสอบสถานะรายชนิดจากชื่อวิทยาศาสตร์ก่อนครอบครอง ค้า เพาะพันธุ์ หรือนำเข้า-ส่งออก และผู้เลี้ยงต้องจัดสวัสดิภาพสัตว์ตามกฎหมาย,พ.ร.บ. สงวนและคุ้มครองสัตว์ป่า พ.ศ. 2562; พ.ร.บ. ป้องกันการทารุณกรรมและการจัดสวัสดิภาพสัตว์ พ.ศ. 2557,ต้องตรวจสอบประกาศรายชนิดเพิ่มเติม,ต้องตรวจสอบรายชนิดเพิ่มเติม,ต้องตรวจสอบว่าต้องแจ้งการครอบครองหรือขอใบอนุญาตหรือไม่,ต้องตรวจสอบประกาศเพิ่มเติม,ต้องตรวจสอบประกาศเพิ่มเติม,ต้องตรวจสอบรายชนิดเพิ่มเติม,ไม่ควรปล่อย,ผู้เลี้ยงต้องจัดสวัสดิภาพสัตว์ให้เหมาะสมและห้ามทารุณกรรมสัตว์,ต้องตรวจสอบสถานะรายชนิดจากชื่อวิทยาศาสตร์ก่อนครอบครอง ค้า เพาะพันธุ์ หรือนำเข้า-ส่งออก และผู้เลี้ยงต้องจัดสวัสดิภาพสัตว์ตามกฎหมาย,low,no,8000-30000,Reptile Database,https://reptile-database.reptarium.cz/,IUCN Red List; CITES Checklist,https://www.iucnredlist.org/ | https://checklist.cites.org/,Thailand Wildlife Preservation and Protection Act B.E. 2562 (uploaded PDF); Thailand Animal Welfare Act B.E. 2557 (uploaded PDF),uploaded:ACT_WILD-ANIMAL_2562.pdf | uploaded:law87.pdf | https://checklist.cites.org/,medium,legacy-row-needs-source-backfill,"Legacy row retained from the original dataset. Category-level taxonomy and legal reference sources have been added, but row-level husbandry and pricing sources should still be backfilled before production use."
EXO037,Reptile,Tortoise,Russian Tortoise,รัสเซียนทอร์ทอยส์,Testudo horsfieldii,Central Asia,22,40,herbivore,terrestrial,diurnal,calm,low,easy,yes,120x60x45 cm table,24-32,30-50,solitary,ต้องตรวจสอบสถานะรายชนิดจากชื่อวิทยาศาสตร์ก่อนครอบครอง ค้า เพาะพันธุ์ หรือนำเข้า-ส่งออก และผู้เลี้ยงต้องจัดสวัสดิภาพสัตว์ตามกฎหมาย,พ.ร.บ. สงวนและคุ้มครองสัตว์ป่า พ.ศ. 2562; พ.ร.บ. ป้องกันการทารุณกรรมและการจัดสวัสดิภาพสัตว์ พ.ศ. 2557,ต้องตรวจสอบประกาศรายชนิดเพิ่มเติม,ต้องตรวจสอบรายชนิดเพิ่มเติม,ต้องตรวจสอบว่าต้องแจ้งการครอบครองหรือขอใบอนุญาตหรือไม่,ต้องตรวจสอบประกาศเพิ่มเติม,ต้องตรวจสอบประกาศเพิ่มเติม,ต้องตรวจสอบรายชนิดเพิ่มเติม,ไม่ควรปล่อย,ผู้เลี้ยงต้องจัดสวัสดิภาพสัตว์ให้เหมาะสมและห้ามทารุณกรรมสัตว์,ต้องตรวจสอบสถานะรายชนิดจากชื่อวิทยาศาสตร์ก่อนครอบครอง ค้า เพาะพันธุ์ หรือนำเข้า-ส่งออก และผู้เลี้ยงต้องจัดสวัสดิภาพสัตว์ตามกฎหมาย,low,no,4000-15000,Reptile Database,https://reptile-database.reptarium.cz/,IUCN Red List; CITES Checklist,https://www.iucnredlist.org/ | https://checklist.cites.org/,Thailand Wildlife Preservation and Protection Act B.E. 2562 (uploaded PDF); Thailand Animal Welfare Act B.E. 2557 (uploaded PDF),uploaded:ACT_WILD-ANIMAL_2562.pdf | uploaded:law87.pdf | https://checklist.cites.org/,medium,legacy-row-needs-source-backfill,"Legacy row retained from the original dataset. Category-level taxonomy and legal reference sources have been added, but row-level husbandry and pricing sources should still be backfilled before production use."
EXO038,Reptile,Tortoise,Hermann's Tortoise,เฮอร์แมนทอร์ทอยส์,Testudo hermanni,Europe,22,50,herbivore,terrestrial,diurnal,calm,low,easy,yes,120x60x45 cm table,24-30,40-60,solitary,ต้องตรวจสอบสถานะรายชนิดจากชื่อวิทยาศาสตร์ก่อนครอบครอง ค้า เพาะพันธุ์ หรือนำเข้า-ส่งออก และผู้เลี้ยงต้องจัดสวัสดิภาพสัตว์ตามกฎหมาย,พ.ร.บ. สงวนและคุ้มครองสัตว์ป่า พ.ศ. 2562; พ.ร.บ. ป้องกันการทารุณกรรมและการจัดสวัสดิภาพสัตว์ พ.ศ. 2557,ต้องตรวจสอบประกาศรายชนิดเพิ่มเติม,ต้องตรวจสอบรายชนิดเพิ่มเติม,ต้องตรวจสอบว่าต้องแจ้งการครอบครองหรือขอใบอนุญาตหรือไม่,ต้องตรวจสอบประกาศเพิ่มเติม,ต้องตรวจสอบประกาศเพิ่มเติม,ต้องตรวจสอบรายชนิดเพิ่มเติม,ไม่ควรปล่อย,ผู้เลี้ยงต้องจัดสวัสดิภาพสัตว์ให้เหมาะสมและห้ามทารุณกรรมสัตว์,ต้องตรวจสอบสถานะรายชนิดจากชื่อวิทยาศาสตร์ก่อนครอบครอง ค้า เพาะพันธุ์ หรือนำเข้า-ส่งออก และผู้เลี้ยงต้องจัดสวัสดิภาพสัตว์ตามกฎหมาย,low,no,8000-25000,Reptile Database,https://reptile-database.reptarium.cz/,IUCN Red List; CITES Checklist,https://www.iucnredlist.org/ | https://checklist.cites.org/,Thailand Wildlife Preservation and Protection Act B.E. 2562 (uploaded PDF); Thailand Animal Welfare Act B.E. 2557 (uploaded PDF),uploaded:ACT_WILD-ANIMAL_2562.pdf | uploaded:law87.pdf | https://checklist.cites.org/,medium,legacy-row-needs-source-backfill,"Legacy row retained from the original dataset. Category-level taxonomy and legal reference sources have been added, but row-level husbandry and pricing sources should still be backfilled before production use."
EXO039,Reptile,Tortoise,Red-footed Tortoise,เรดฟุตทอร์ทอยส์,Chelonoidis carbonarius,South America,35,40,omnivore,terrestrial,diurnal,calm,low,medium,yes,indoor/outdoor pen,24-30,70-85,solitary,ต้องตรวจสอบสถานะรายชนิดจากชื่อวิทยาศาสตร์ก่อนครอบครอง ค้า เพาะพันธุ์ หรือนำเข้า-ส่งออก และผู้เลี้ยงต้องจัดสวัสดิภาพสัตว์ตามกฎหมาย,พ.ร.บ. สงวนและคุ้มครองสัตว์ป่า พ.ศ. 2562; พ.ร.บ. ป้องกันการทารุณกรรมและการจัดสวัสดิภาพสัตว์ พ.ศ. 2557,ต้องตรวจสอบประกาศรายชนิดเพิ่มเติม,ต้องตรวจสอบรายชนิดเพิ่มเติม,ต้องตรวจสอบว่าต้องแจ้งการครอบครองหรือขอใบอนุญาตหรือไม่,ต้องตรวจสอบประกาศเพิ่มเติม,ต้องตรวจสอบประกาศเพิ่มเติม,ต้องตรวจสอบรายชนิดเพิ่มเติม,ไม่ควรปล่อย,ผู้เลี้ยงต้องจัดสวัสดิภาพสัตว์ให้เหมาะสมและห้ามทารุณกรรมสัตว์,ต้องตรวจสอบสถานะรายชนิดจากชื่อวิทยาศาสตร์ก่อนครอบครอง ค้า เพาะพันธุ์ หรือนำเข้า-ส่งออก และผู้เลี้ยงต้องจัดสวัสดิภาพสัตว์ตามกฎหมาย,low,no,5000-20000,Reptile Database,https://reptile-database.reptarium.cz/,IUCN Red List; CITES Checklist,https://www.iucnredlist.org/ | https://checklist.cites.org/,Thailand Wildlife Preservation and Protection Act B.E. 2562 (uploaded PDF); Thailand Animal Welfare Act B.E. 2557 (uploaded PDF),uploaded:ACT_WILD-ANIMAL_2562.pdf | uploaded:law87.pdf | https://checklist.cites.org/,medium,legacy-row-needs-source-backfill,"Legacy row retained from the original dataset. Category-level taxonomy and legal reference sources have been added, but row-level husbandry and pricing sources should still be backfilled before production use."
EXO040,Reptile,Tortoise,Aldabra Giant Tortoise,อัลดาบรายักษ์,Aldabrachelys gigantea,Seychelles,120,100,herbivore,terrestrial,diurnal,calm,medium,hard,no,large outdoor yard,25-32,50-70,solitary,ต้องตรวจสอบสถานะรายชนิดจากชื่อวิทยาศาสตร์ก่อนครอบครอง ค้า เพาะพันธุ์ หรือนำเข้า-ส่งออก และผู้เลี้ยงต้องจัดสวัสดิภาพสัตว์ตามกฎหมาย,พ.ร.บ. สงวนและคุ้มครองสัตว์ป่า พ.ศ. 2562; พ.ร.บ. ป้องกันการทารุณกรรมและการจัดสวัสดิภาพสัตว์ พ.ศ. 2557,ต้องตรวจสอบประกาศรายชนิดเพิ่มเติม,ต้องตรวจสอบรายชนิดเพิ่มเติม,ต้องตรวจสอบว่าต้องแจ้งการครอบครองหรือขอใบอนุญาตหรือไม่,ต้องตรวจสอบประกาศเพิ่มเติม,ต้องตรวจสอบประกาศเพิ่มเติม,ต้องตรวจสอบรายชนิดเพิ่มเติม,ไม่ควรปล่อย,ผู้เลี้ยงต้องจัดสวัสดิภาพสัตว์ให้เหมาะสมและห้ามทารุณกรรมสัตว์,ต้องตรวจสอบสถานะรายชนิดจากชื่อวิทยาศาสตร์ก่อนครอบครอง ค้า เพาะพันธุ์ หรือนำเข้า-ส่งออก และผู้เลี้ยงต้องจัดสวัสดิภาพสัตว์ตามกฎหมาย,low,no,80000-500000,Reptile Database,https://reptile-database.reptarium.cz/,IUCN Red List; CITES Checklist,https://www.iucnredlist.org/ | https://checklist.cites.org/,Thailand Wildlife Preservation and Protection Act B.E. 2562 (uploaded PDF); Thailand Animal Welfare Act B.E. 2557 (uploaded PDF),uploaded:ACT_WILD-ANIMAL_2562.pdf | uploaded:law87.pdf | https://checklist.cites.org/,medium,legacy-row-needs-source-backfill,"Legacy row retained from the original dataset. Category-level taxonomy and legal reference sources have been added, but row-level husbandry and pricing sources should still be backfilled before production use."
EXO041,Reptile,Turtle,Red-eared Slider,เต่าแก้มแดง,Trachemys scripta elegans,North America,30,30,omnivore,freshwater,diurnal,active,low,easy,yes,large aquatic setup,24-30,50-70,solitary,ต้องตรวจสอบสถานะรายชนิดจากชื่อวิทยาศาสตร์ก่อนครอบครอง ค้า เพาะพันธุ์ หรือนำเข้า-ส่งออก และผู้เลี้ยงต้องจัดสวัสดิภาพสัตว์ตามกฎหมาย,พ.ร.บ. สงวนและคุ้มครองสัตว์ป่า พ.ศ. 2562; พ.ร.บ. ป้องกันการทารุณกรรมและการจัดสวัสดิภาพสัตว์ พ.ศ. 2557,ต้องตรวจสอบประกาศรายชนิดเพิ่มเติม,ต้องตรวจสอบรายชนิดเพิ่มเติม,ต้องตรวจสอบว่าต้องแจ้งการครอบครองหรือขอใบอนุญาตหรือไม่,ต้องตรวจสอบประกาศเพิ่มเติม,ต้องตรวจสอบประกาศเพิ่มเติม,ต้องตรวจสอบรายชนิดเพิ่มเติม,ไม่ควรปล่อย,ผู้เลี้ยงต้องจัดสวัสดิภาพสัตว์ให้เหมาะสมและห้ามทารุณกรรมสัตว์,ต้องตรวจสอบสถานะรายชนิดจากชื่อวิทยาศาสตร์ก่อนครอบครอง ค้า เพาะพันธุ์ หรือนำเข้า-ส่งออก และผู้เลี้ยงต้องจัดสวัสดิภาพสัตว์ตามกฎหมาย,low,no,300-3000,Reptile Database,https://reptile-database.reptarium.cz/,IUCN Red List; CITES Checklist,https://www.iucnredlist.org/ | https://checklist.cites.org/,Thailand Wildlife Preservation and Protection Act B.E. 2562 (uploaded PDF); Thailand Animal Welfare Act B.E. 2557 (uploaded PDF),uploaded:ACT_WILD-ANIMAL_2562.pdf | uploaded:law87.pdf | https://checklist.cites.org/,medium,legacy-row-needs-source-backfill,"Legacy row retained from the original dataset. Category-level taxonomy and legal reference sources have been added, but row-level husbandry and pricing sources should still be backfilled before production use."
EXO042,Reptile,Turtle,Mata Mata Turtle,มาทามาท่า,Chelus fimbriata,South America,45,30,carnivore,freshwater,nocturnal,secretive,low,hard,no,large aquatic setup,24-28,60-80,solitary,ต้องตรวจสอบสถานะรายชนิดจากชื่อวิทยาศาสตร์ก่อนครอบครอง ค้า เพาะพันธุ์ หรือนำเข้า-ส่งออก และผู้เลี้ยงต้องจัดสวัสดิภาพสัตว์ตามกฎหมาย,พ.ร.บ. สงวนและคุ้มครองสัตว์ป่า พ.ศ. 2562; พ.ร.บ. ป้องกันการทารุณกรรมและการจัดสวัสดิภาพสัตว์ พ.ศ. 2557,ต้องตรวจสอบประกาศรายชนิดเพิ่มเติม,ต้องตรวจสอบรายชนิดเพิ่มเติม,ต้องตรวจสอบว่าต้องแจ้งการครอบครองหรือขอใบอนุญาตหรือไม่,ต้องตรวจสอบประกาศเพิ่มเติม,ต้องตรวจสอบประกาศเพิ่มเติม,ต้องตรวจสอบรายชนิดเพิ่มเติม,ไม่ควรปล่อย,ผู้เลี้ยงต้องจัดสวัสดิภาพสัตว์ให้เหมาะสมและห้ามทารุณกรรมสัตว์,ต้องตรวจสอบสถานะรายชนิดจากชื่อวิทยาศาสตร์ก่อนครอบครอง ค้า เพาะพันธุ์ หรือนำเข้า-ส่งออก และผู้เลี้ยงต้องจัดสวัสดิภาพสัตว์ตามกฎหมาย,low,no,15000-60000,Reptile Database,https://reptile-database.reptarium.cz/,IUCN Red List; CITES Checklist,https://www.iucnredlist.org/ | https://checklist.cites.org/,Thailand Wildlife Preservation and Protection Act B.E. 2562 (uploaded PDF); Thailand Animal Welfare Act B.E. 2557 (uploaded PDF),uploaded:ACT_WILD-ANIMAL_2562.pdf | uploaded:law87.pdf | https://checklist.cites.org/,medium,legacy-row-needs-source-backfill,"Legacy row retained from the original dataset. Category-level taxonomy and legal reference sources have been added, but row-level husbandry and pricing sources should still be backfilled before production use."
EXO043,Reptile,Turtle,Alligator Snapping Turtle,เต่าสแนปปิ้งยักษ์,Macrochelys temminckii,North America,70,60,carnivore,freshwater,nocturnal,dangerous bite,high,hard,no,very large aquatic setup,22-28,50-70,solitary,ต้องตรวจสอบสถานะรายชนิดจากชื่อวิทยาศาสตร์ก่อนครอบครอง ค้า เพาะพันธุ์ หรือนำเข้า-ส่งออก และผู้เลี้ยงต้องจัดสวัสดิภาพสัตว์ตามกฎหมาย,พ.ร.บ. สงวนและคุ้มครองสัตว์ป่า พ.ศ. 2562; พ.ร.บ. ป้องกันการทารุณกรรมและการจัดสวัสดิภาพสัตว์ พ.ศ. 2557,ต้องตรวจสอบประกาศรายชนิดเพิ่มเติม,ต้องตรวจสอบรายชนิดเพิ่มเติม,ต้องตรวจสอบว่าต้องแจ้งการครอบครองหรือขอใบอนุญาตหรือไม่,ต้องตรวจสอบประกาศเพิ่มเติม,ต้องตรวจสอบประกาศเพิ่มเติม,ต้องตรวจสอบรายชนิดเพิ่มเติม,ไม่ควรปล่อย,ผู้เลี้ยงต้องจัดสวัสดิภาพสัตว์ให้เหมาะสมและห้ามทารุณกรรมสัตว์,ต้องตรวจสอบสถานะรายชนิดจากชื่อวิทยาศาสตร์ก่อนครอบครอง ค้า เพาะพันธุ์ หรือนำเข้า-ส่งออก และผู้เลี้ยงต้องจัดสวัสดิภาพสัตว์ตามกฎหมาย,high,no,20000-100000,Reptile Database,https://reptile-database.reptarium.cz/,IUCN Red List; CITES Checklist,https://www.iucnredlist.org/ | https://checklist.cites.org/,Thailand Wildlife Preservation and Protection Act B.E. 2562 (uploaded PDF); Thailand Animal Welfare Act B.E. 2557 (uploaded PDF),uploaded:ACT_WILD-ANIMAL_2562.pdf | uploaded:law87.pdf | https://checklist.cites.org/,medium,legacy-row-needs-source-backfill,"Legacy row retained from the original dataset. Category-level taxonomy and legal reference sources have been added, but row-level husbandry and pricing sources should still be backfilled before production use."
EXO044,Reptile,Turtle,Chinese Softshell Turtle,เต่านิ่มจีน,Pelodiscus sinensis,East Asia,35,25,omnivore,freshwater,nocturnal,active,medium,medium,no,large aquatic setup,22-28,50-70,solitary,ต้องตรวจสอบสถานะรายชนิดจากชื่อวิทยาศาสตร์ก่อนครอบครอง ค้า เพาะพันธุ์ หรือนำเข้า-ส่งออก และผู้เลี้ยงต้องจัดสวัสดิภาพสัตว์ตามกฎหมาย,พ.ร.บ. สงวนและคุ้มครองสัตว์ป่า พ.ศ. 2562; พ.ร.บ. ป้องกันการทารุณกรรมและการจัดสวัสดิภาพสัตว์ พ.ศ. 2557,ต้องตรวจสอบประกาศรายชนิดเพิ่มเติม,ต้องตรวจสอบรายชนิดเพิ่มเติม,ต้องตรวจสอบว่าต้องแจ้งการครอบครองหรือขอใบอนุญาตหรือไม่,ต้องตรวจสอบประกาศเพิ่มเติม,ต้องตรวจสอบประกาศเพิ่มเติม,ต้องตรวจสอบรายชนิดเพิ่มเติม,ไม่ควรปล่อย,ผู้เลี้ยงต้องจัดสวัสดิภาพสัตว์ให้เหมาะสมและห้ามทารุณกรรมสัตว์,ต้องตรวจสอบสถานะรายชนิดจากชื่อวิทยาศาสตร์ก่อนครอบครอง ค้า เพาะพันธุ์ หรือนำเข้า-ส่งออก และผู้เลี้ยงต้องจัดสวัสดิภาพสัตว์ตามกฎหมาย,medium,no,1500-8000,Reptile Database,https://reptile-database.reptarium.cz/,IUCN Red List; CITES Checklist,https://www.iucnredlist.org/ | https://checklist.cites.org/,Thailand Wildlife Preservation and Protection Act B.E. 2562 (uploaded PDF); Thailand Animal Welfare Act B.E. 2557 (uploaded PDF),uploaded:ACT_WILD-ANIMAL_2562.pdf | uploaded:law87.pdf | https://checklist.cites.org/,medium,legacy-row-needs-source-backfill,"Legacy row retained from the original dataset. Category-level taxonomy and legal reference sources have been added, but row-level husbandry and pricing sources should still be backfilled before production use."
EXO045,Reptile,Turtle,Pig-nosed Turtle,เต่าจมูกหมู,Carettochelys insculpta,New Guinea,55,30,omnivore,freshwater,diurnal,active,low,hard,no,large aquatic setup,24-30,50-70,solitary,ต้องตรวจสอบสถานะรายชนิดจากชื่อวิทยาศาสตร์ก่อนครอบครอง ค้า เพาะพันธุ์ หรือนำเข้า-ส่งออก และผู้เลี้ยงต้องจัดสวัสดิภาพสัตว์ตามกฎหมาย,พ.ร.บ. สงวนและคุ้มครองสัตว์ป่า พ.ศ. 2562; พ.ร.บ. ป้องกันการทารุณกรรมและการจัดสวัสดิภาพสัตว์ พ.ศ. 2557,ต้องตรวจสอบประกาศรายชนิดเพิ่มเติม,ต้องตรวจสอบรายชนิดเพิ่มเติม,ต้องตรวจสอบว่าต้องแจ้งการครอบครองหรือขอใบอนุญาตหรือไม่,ต้องตรวจสอบประกาศเพิ่มเติม,ต้องตรวจสอบประกาศเพิ่มเติม,ต้องตรวจสอบรายชนิดเพิ่มเติม,ไม่ควรปล่อย,ผู้เลี้ยงต้องจัดสวัสดิภาพสัตว์ให้เหมาะสมและห้ามทารุณกรรมสัตว์,ต้องตรวจสอบสถานะรายชนิดจากชื่อวิทยาศาสตร์ก่อนครอบครอง ค้า เพาะพันธุ์ หรือนำเข้า-ส่งออก และผู้เลี้ยงต้องจัดสวัสดิภาพสัตว์ตามกฎหมาย,low,no,20000-90000,Reptile Database,https://reptile-database.reptarium.cz/,IUCN Red List; CITES Checklist,https://www.iucnredlist.org/ | https://checklist.cites.org/,Thailand Wildlife Preservation and Protection Act B.E. 2562 (uploaded PDF); Thailand Animal Welfare Act B.E. 2557 (uploaded PDF),uploaded:ACT_WILD-ANIMAL_2562.pdf | uploaded:law87.pdf | https://checklist.cites.org/,medium,legacy-row-needs-source-backfill,"Legacy row retained from the original dataset. Category-level taxonomy and legal reference sources have been added, but row-level husbandry and pricing sources should still be backfilled before production use."
EXO046,Reptile,Crocodilian,Spectacled Caiman,ไคแมนแว่น,Caiman crocodilus,South America,180,35,carnivore,semi-aquatic,nocturnal,dangerous,high,hard,no,very large secure enclosure,26-32,60-80,solitary,ต้องตรวจสอบสถานะรายชนิดจากชื่อวิทยาศาสตร์ก่อนครอบครอง ค้า เพาะพันธุ์ หรือนำเข้า-ส่งออก และผู้เลี้ยงต้องจัดสวัสดิภาพสัตว์ตามกฎหมาย,พ.ร.บ. สงวนและคุ้มครองสัตว์ป่า พ.ศ. 2562; พ.ร.บ. ป้องกันการทารุณกรรมและการจัดสวัสดิภาพสัตว์ พ.ศ. 2557,ต้องตรวจสอบประกาศรายชนิดเพิ่มเติม,ต้องตรวจสอบรายชนิดเพิ่มเติม,ต้องตรวจสอบว่าต้องแจ้งการครอบครองหรือขอใบอนุญาตหรือไม่,ต้องตรวจสอบประกาศเพิ่มเติม,ต้องตรวจสอบประกาศเพิ่มเติม,ต้องตรวจสอบรายชนิดเพิ่มเติม,ไม่ควรปล่อย,ผู้เลี้ยงต้องจัดสวัสดิภาพสัตว์ให้เหมาะสมและห้ามทารุณกรรมสัตว์,ต้องตรวจสอบสถานะรายชนิดจากชื่อวิทยาศาสตร์ก่อนครอบครอง ค้า เพาะพันธุ์ หรือนำเข้า-ส่งออก และผู้เลี้ยงต้องจัดสวัสดิภาพสัตว์ตามกฎหมาย,high,no,30000-150000,Reptile Database,https://reptile-database.reptarium.cz/,IUCN Red List; CITES Checklist,https://www.iucnredlist.org/ | https://checklist.cites.org/,Thailand Wildlife Preservation and Protection Act B.E. 2562 (uploaded PDF); Thailand Animal Welfare Act B.E. 2557 (uploaded PDF),uploaded:ACT_WILD-ANIMAL_2562.pdf | uploaded:law87.pdf | https://checklist.cites.org/,medium,legacy-row-needs-source-backfill,"Legacy row retained from the original dataset. Category-level taxonomy and legal reference sources have been added, but row-level husbandry and pricing sources should still be backfilled before production use."
EXO047,Reptile,Crocodilian,Cuvier's Dwarf Caiman,ไคแมนแคระ,Paleosuchus palpebrosus,South America,140,40,carnivore,semi-aquatic,nocturnal,strong,high,hard,no,very large secure enclosure,25-30,60-80,solitary,ต้องตรวจสอบสถานะรายชนิดจากชื่อวิทยาศาสตร์ก่อนครอบครอง ค้า เพาะพันธุ์ หรือนำเข้า-ส่งออก และผู้เลี้ยงต้องจัดสวัสดิภาพสัตว์ตามกฎหมาย,พ.ร.บ. สงวนและคุ้มครองสัตว์ป่า พ.ศ. 2562; พ.ร.บ. ป้องกันการทารุณกรรมและการจัดสวัสดิภาพสัตว์ พ.ศ. 2557,ต้องตรวจสอบประกาศรายชนิดเพิ่มเติม,ต้องตรวจสอบรายชนิดเพิ่มเติม,ต้องตรวจสอบว่าต้องแจ้งการครอบครองหรือขอใบอนุญาตหรือไม่,ต้องตรวจสอบประกาศเพิ่มเติม,ต้องตรวจสอบประกาศเพิ่มเติม,ต้องตรวจสอบรายชนิดเพิ่มเติม,ไม่ควรปล่อย,ผู้เลี้ยงต้องจัดสวัสดิภาพสัตว์ให้เหมาะสมและห้ามทารุณกรรมสัตว์,ต้องตรวจสอบสถานะรายชนิดจากชื่อวิทยาศาสตร์ก่อนครอบครอง ค้า เพาะพันธุ์ หรือนำเข้า-ส่งออก และผู้เลี้ยงต้องจัดสวัสดิภาพสัตว์ตามกฎหมาย,high,no,50000-200000,Reptile Database,https://reptile-database.reptarium.cz/,IUCN Red List; CITES Checklist,https://www.iucnredlist.org/ | https://checklist.cites.org/,Thailand Wildlife Preservation and Protection Act B.E. 2562 (uploaded PDF); Thailand Animal Welfare Act B.E. 2557 (uploaded PDF),uploaded:ACT_WILD-ANIMAL_2562.pdf | uploaded:law87.pdf | https://checklist.cites.org/,medium,legacy-row-needs-source-backfill,"Legacy row retained from the original dataset. Category-level taxonomy and legal reference sources have been added, but row-level husbandry and pricing sources should still be backfilled before production use."
EXO048,Amphibian,Salamander,Axolotl,แอกโซลอเติล,Ambystoma mexicanum,Mexico,25,12,carnivore,freshwater,nocturnal,calm,low,easy,yes,60 cm aquarium,16-20,,solitary,ต้องตรวจสอบสถานะรายชนิดจากชื่อวิทยาศาสตร์ก่อนครอบครอง ค้า เพาะพันธุ์ หรือนำเข้า-ส่งออก และผู้เลี้ยงต้องจัดสวัสดิภาพสัตว์ตามกฎหมาย,พ.ร.บ. สงวนและคุ้มครองสัตว์ป่า พ.ศ. 2562; พ.ร.บ. ป้องกันการทารุณกรรมและการจัดสวัสดิภาพสัตว์ พ.ศ. 2557,ต้องตรวจสอบประกาศรายชนิดเพิ่มเติม,ต้องตรวจสอบรายชนิดเพิ่มเติม,ต้องตรวจสอบว่าต้องแจ้งการครอบครองหรือขอใบอนุญาตหรือไม่,ต้องตรวจสอบประกาศเพิ่มเติม,ต้องตรวจสอบประกาศเพิ่มเติม,ต้องตรวจสอบรายชนิดเพิ่มเติม,ไม่ควรปล่อย,ผู้เลี้ยงต้องจัดสวัสดิภาพสัตว์ให้เหมาะสมและห้ามทารุณกรรมสัตว์,ต้องตรวจสอบสถานะรายชนิดจากชื่อวิทยาศาสตร์ก่อนครอบครอง ค้า เพาะพันธุ์ หรือนำเข้า-ส่งออก และผู้เลี้ยงต้องจัดสวัสดิภาพสัตว์ตามกฎหมาย,low,no,1500-8000,AmphibiaWeb,https://amphibiaweb.org/,IUCN Red List; CITES Checklist,https://www.iucnredlist.org/ | https://checklist.cites.org/,Thailand Wildlife Preservation and Protection Act B.E. 2562 (uploaded PDF); Thailand Animal Welfare Act B.E. 2557 (uploaded PDF),uploaded:ACT_WILD-ANIMAL_2562.pdf | uploaded:law87.pdf | https://checklist.cites.org/,medium,legacy-row-needs-source-backfill,"Legacy row retained from the original dataset. Category-level taxonomy and legal reference sources have been added, but row-level husbandry and pricing sources should still be backfilled before production use."
EXO049,Amphibian,Salamander,Tiger Salamander,ไทเกอร์ซาลาแมนเดอร์,Ambystoma tigrinum,North America,30,15,carnivore,terrestrial,nocturnal,calm,low,medium,no,60x45x45 cm terrarium,18-24,60-80,solitary,ต้องตรวจสอบสถานะรายชนิดจากชื่อวิทยาศาสตร์ก่อนครอบครอง ค้า เพาะพันธุ์ หรือนำเข้า-ส่งออก และผู้เลี้ยงต้องจัดสวัสดิภาพสัตว์ตามกฎหมาย,พ.ร.บ. สงวนและคุ้มครองสัตว์ป่า พ.ศ. 2562; พ.ร.บ. ป้องกันการทารุณกรรมและการจัดสวัสดิภาพสัตว์ พ.ศ. 2557,ต้องตรวจสอบประกาศรายชนิดเพิ่มเติม,ต้องตรวจสอบรายชนิดเพิ่มเติม,ต้องตรวจสอบว่าต้องแจ้งการครอบครองหรือขอใบอนุญาตหรือไม่,ต้องตรวจสอบประกาศเพิ่มเติม,ต้องตรวจสอบประกาศเพิ่มเติม,ต้องตรวจสอบรายชนิดเพิ่มเติม,ไม่ควรปล่อย,ผู้เลี้ยงต้องจัดสวัสดิภาพสัตว์ให้เหมาะสมและห้ามทารุณกรรมสัตว์,ต้องตรวจสอบสถานะรายชนิดจากชื่อวิทยาศาสตร์ก่อนครอบครอง ค้า เพาะพันธุ์ หรือนำเข้า-ส่งออก และผู้เลี้ยงต้องจัดสวัสดิภาพสัตว์ตามกฎหมาย,low,toxic-skin,3000-12000,AmphibiaWeb,https://amphibiaweb.org/,IUCN Red List; CITES Checklist,https://www.iucnredlist.org/ | https://checklist.cites.org/,Thailand Wildlife Preservation and Protection Act B.E. 2562 (uploaded PDF); Thailand Animal Welfare Act B.E. 2557 (uploaded PDF),uploaded:ACT_WILD-ANIMAL_2562.pdf | uploaded:law87.pdf | https://checklist.cites.org/,medium,legacy-row-needs-source-backfill,"Legacy row retained from the original dataset. Category-level taxonomy and legal reference sources have been added, but row-level husbandry and pricing sources should still be backfilled before production use."
EXO050,Amphibian,Salamander,Fire Salamander,ไฟร์ซาลาแมนเดอร์,Salamandra salamandra,Europe,25,20,carnivore,terrestrial,nocturnal,sensitive,low,hard,no,cool moist terrarium,14-22,70-90,solitary,ต้องตรวจสอบสถานะรายชนิดจากชื่อวิทยาศาสตร์ก่อนครอบครอง ค้า เพาะพันธุ์ หรือนำเข้า-ส่งออก และผู้เลี้ยงต้องจัดสวัสดิภาพสัตว์ตามกฎหมาย,พ.ร.บ. สงวนและคุ้มครองสัตว์ป่า พ.ศ. 2562; พ.ร.บ. ป้องกันการทารุณกรรมและการจัดสวัสดิภาพสัตว์ พ.ศ. 2557,ต้องตรวจสอบประกาศรายชนิดเพิ่มเติม,ต้องตรวจสอบรายชนิดเพิ่มเติม,ต้องตรวจสอบว่าต้องแจ้งการครอบครองหรือขอใบอนุญาตหรือไม่,ต้องตรวจสอบประกาศเพิ่มเติม,ต้องตรวจสอบประกาศเพิ่มเติม,ต้องตรวจสอบรายชนิดเพิ่มเติม,ไม่ควรปล่อย,ผู้เลี้ยงต้องจัดสวัสดิภาพสัตว์ให้เหมาะสมและห้ามทารุณกรรมสัตว์,ต้องตรวจสอบสถานะรายชนิดจากชื่อวิทยาศาสตร์ก่อนครอบครอง ค้า เพาะพันธุ์ หรือนำเข้า-ส่งออก และผู้เลี้ยงต้องจัดสวัสดิภาพสัตว์ตามกฎหมาย,low,toxic-skin,6000-20000,AmphibiaWeb,https://amphibiaweb.org/,IUCN Red List; CITES Checklist,https://www.iucnredlist.org/ | https://checklist.cites.org/,Thailand Wildlife Preservation and Protection Act B.E. 2562 (uploaded PDF); Thailand Animal Welfare Act B.E. 2557 (uploaded PDF),uploaded:ACT_WILD-ANIMAL_2562.pdf | uploaded:law87.pdf | https://checklist.cites.org/,medium,legacy-row-needs-source-backfill,"Legacy row retained from the original dataset. Category-level taxonomy and legal reference sources have been added, but row-level husbandry and pricing sources should still be backfilled before production use."
EXO051,Amphibian,Frog,White's Tree Frog,ไวท์ทรีฟร็อก,Litoria caerulea,Australia,12,15,insectivore,arboreal,nocturnal,calm,low,easy,yes,45x45x60 cm terrarium,24-28,50-70,small groups,ต้องตรวจสอบสถานะรายชนิดจากชื่อวิทยาศาสตร์ก่อนครอบครอง ค้า เพาะพันธุ์ หรือนำเข้า-ส่งออก และผู้เลี้ยงต้องจัดสวัสดิภาพสัตว์ตามกฎหมาย,พ.ร.บ. สงวนและคุ้มครองสัตว์ป่า พ.ศ. 2562; พ.ร.บ. ป้องกันการทารุณกรรมและการจัดสวัสดิภาพสัตว์ พ.ศ. 2557,ต้องตรวจสอบประกาศรายชนิดเพิ่มเติม,ต้องตรวจสอบรายชนิดเพิ่มเติม,ต้องตรวจสอบว่าต้องแจ้งการครอบครองหรือขอใบอนุญาตหรือไม่,ต้องตรวจสอบประกาศเพิ่มเติม,ต้องตรวจสอบประกาศเพิ่มเติม,ต้องตรวจสอบรายชนิดเพิ่มเติม,ไม่ควรปล่อย,ผู้เลี้ยงต้องจัดสวัสดิภาพสัตว์ให้เหมาะสมและห้ามทารุณกรรมสัตว์,ต้องตรวจสอบสถานะรายชนิดจากชื่อวิทยาศาสตร์ก่อนครอบครอง ค้า เพาะพันธุ์ หรือนำเข้า-ส่งออก และผู้เลี้ยงต้องจัดสวัสดิภาพสัตว์ตามกฎหมาย,low,no,1500-6000,AmphibiaWeb,https://amphibiaweb.org/,IUCN Red List; CITES Checklist,https://www.iucnredlist.org/ | https://checklist.cites.org/,Thailand Wildlife Preservation and Protection Act B.E. 2562 (uploaded PDF); Thailand Animal Welfare Act B.E. 2557 (uploaded PDF),uploaded:ACT_WILD-ANIMAL_2562.pdf | uploaded:law87.pdf | https://checklist.cites.org/,medium,legacy-row-needs-source-backfill,"Legacy row retained from the original dataset. Category-level taxonomy and legal reference sources have been added, but row-level husbandry and pricing sources should still be backfilled before production use."
EXO052,Amphibian,Frog,Red-eyed Tree Frog,เรดอายด์ทรีฟร็อก,Agalychnis callidryas,Central America,7,8,insectivore,arboreal,nocturnal,sensitive,low,medium,no,45x45x60 cm terrarium,24-28,70-90,small groups,ต้องตรวจสอบสถานะรายชนิดจากชื่อวิทยาศาสตร์ก่อนครอบครอง ค้า เพาะพันธุ์ หรือนำเข้า-ส่งออก และผู้เลี้ยงต้องจัดสวัสดิภาพสัตว์ตามกฎหมาย,พ.ร.บ. สงวนและคุ้มครองสัตว์ป่า พ.ศ. 2562; พ.ร.บ. ป้องกันการทารุณกรรมและการจัดสวัสดิภาพสัตว์ พ.ศ. 2557,ต้องตรวจสอบประกาศรายชนิดเพิ่มเติม,ต้องตรวจสอบรายชนิดเพิ่มเติม,ต้องตรวจสอบว่าต้องแจ้งการครอบครองหรือขอใบอนุญาตหรือไม่,ต้องตรวจสอบประกาศเพิ่มเติม,ต้องตรวจสอบประกาศเพิ่มเติม,ต้องตรวจสอบรายชนิดเพิ่มเติม,ไม่ควรปล่อย,ผู้เลี้ยงต้องจัดสวัสดิภาพสัตว์ให้เหมาะสมและห้ามทารุณกรรมสัตว์,ต้องตรวจสอบสถานะรายชนิดจากชื่อวิทยาศาสตร์ก่อนครอบครอง ค้า เพาะพันธุ์ หรือนำเข้า-ส่งออก และผู้เลี้ยงต้องจัดสวัสดิภาพสัตว์ตามกฎหมาย,low,no,1800-7000,AmphibiaWeb,https://amphibiaweb.org/,IUCN Red List; CITES Checklist,https://www.iucnredlist.org/ | https://checklist.cites.org/,Thailand Wildlife Preservation and Protection Act B.E. 2562 (uploaded PDF); Thailand Animal Welfare Act B.E. 2557 (uploaded PDF),uploaded:ACT_WILD-ANIMAL_2562.pdf | uploaded:law87.pdf | https://checklist.cites.org/,medium,legacy-row-needs-source-backfill,"Legacy row retained from the original dataset. Category-level taxonomy and legal reference sources have been added, but row-level husbandry and pricing sources should still be backfilled before production use."
EXO053,Amphibian,Frog,Pacman Frog,แพคแมนฟร็อก,Ceratophrys ornata,South America,15,10,carnivore,terrestrial,nocturnal,sit-and-wait,low,easy,yes,45x30x30 cm terrarium,24-28,70-80,solitary,ต้องตรวจสอบสถานะรายชนิดจากชื่อวิทยาศาสตร์ก่อนครอบครอง ค้า เพาะพันธุ์ หรือนำเข้า-ส่งออก และผู้เลี้ยงต้องจัดสวัสดิภาพสัตว์ตามกฎหมาย,พ.ร.บ. สงวนและคุ้มครองสัตว์ป่า พ.ศ. 2562; พ.ร.บ. ป้องกันการทารุณกรรมและการจัดสวัสดิภาพสัตว์ พ.ศ. 2557,ต้องตรวจสอบประกาศรายชนิดเพิ่มเติม,ต้องตรวจสอบรายชนิดเพิ่มเติม,ต้องตรวจสอบว่าต้องแจ้งการครอบครองหรือขอใบอนุญาตหรือไม่,ต้องตรวจสอบประกาศเพิ่มเติม,ต้องตรวจสอบประกาศเพิ่มเติม,ต้องตรวจสอบรายชนิดเพิ่มเติม,ไม่ควรปล่อย,ผู้เลี้ยงต้องจัดสวัสดิภาพสัตว์ให้เหมาะสมและห้ามทารุณกรรมสัตว์,ต้องตรวจสอบสถานะรายชนิดจากชื่อวิทยาศาสตร์ก่อนครอบครอง ค้า เพาะพันธุ์ หรือนำเข้า-ส่งออก และผู้เลี้ยงต้องจัดสวัสดิภาพสัตว์ตามกฎหมาย,medium,no,1200-6000,AmphibiaWeb,https://amphibiaweb.org/,IUCN Red List; CITES Checklist,https://www.iucnredlist.org/ | https://checklist.cites.org/,Thailand Wildlife Preservation and Protection Act B.E. 2562 (uploaded PDF); Thailand Animal Welfare Act B.E. 2557 (uploaded PDF),uploaded:ACT_WILD-ANIMAL_2562.pdf | uploaded:law87.pdf | https://checklist.cites.org/,medium,legacy-row-needs-source-backfill,"Legacy row retained from the original dataset. Category-level taxonomy and legal reference sources have been added, but row-level husbandry and pricing sources should still be backfilled before production use."
EXO054,Amphibian,Frog,Tomato Frog,โทมาโต้ฟร็อก,Dyscophus guineti,Madagascar,10,8,insectivore,terrestrial,nocturnal,shy,low,easy,yes,45x30x30 cm terrarium,22-28,70-80,solitary,ต้องตรวจสอบสถานะรายชนิดจากชื่อวิทยาศาสตร์ก่อนครอบครอง ค้า เพาะพันธุ์ หรือนำเข้า-ส่งออก และผู้เลี้ยงต้องจัดสวัสดิภาพสัตว์ตามกฎหมาย,พ.ร.บ. สงวนและคุ้มครองสัตว์ป่า พ.ศ. 2562; พ.ร.บ. ป้องกันการทารุณกรรมและการจัดสวัสดิภาพสัตว์ พ.ศ. 2557,ต้องตรวจสอบประกาศรายชนิดเพิ่มเติม,ต้องตรวจสอบรายชนิดเพิ่มเติม,ต้องตรวจสอบว่าต้องแจ้งการครอบครองหรือขอใบอนุญาตหรือไม่,ต้องตรวจสอบประกาศเพิ่มเติม,ต้องตรวจสอบประกาศเพิ่มเติม,ต้องตรวจสอบรายชนิดเพิ่มเติม,ไม่ควรปล่อย,ผู้เลี้ยงต้องจัดสวัสดิภาพสัตว์ให้เหมาะสมและห้ามทารุณกรรมสัตว์,ต้องตรวจสอบสถานะรายชนิดจากชื่อวิทยาศาสตร์ก่อนครอบครอง ค้า เพาะพันธุ์ หรือนำเข้า-ส่งออก และผู้เลี้ยงต้องจัดสวัสดิภาพสัตว์ตามกฎหมาย,low,mild-toxic,1500-7000,AmphibiaWeb,https://amphibiaweb.org/,IUCN Red List; CITES Checklist,https://www.iucnredlist.org/ | https://checklist.cites.org/,Thailand Wildlife Preservation and Protection Act B.E. 2562 (uploaded PDF); Thailand Animal Welfare Act B.E. 2557 (uploaded PDF),uploaded:ACT_WILD-ANIMAL_2562.pdf | uploaded:law87.pdf | https://checklist.cites.org/,medium,legacy-row-needs-source-backfill,"Legacy row retained from the original dataset. Category-level taxonomy and legal reference sources have been added, but row-level husbandry and pricing sources should still be backfilled before production use."
EXO055,Amphibian,Frog,African Bullfrog,แอฟริกันบูลฟร็อก,Pyxicephalus adspersus,Africa,24,20,carnivore,terrestrial,nocturnal,aggressive feeder,medium,medium,no,60x45x45 cm terrarium,24-30,50-70,solitary,ต้องตรวจสอบสถานะรายชนิดจากชื่อวิทยาศาสตร์ก่อนครอบครอง ค้า เพาะพันธุ์ หรือนำเข้า-ส่งออก และผู้เลี้ยงต้องจัดสวัสดิภาพสัตว์ตามกฎหมาย,พ.ร.บ. สงวนและคุ้มครองสัตว์ป่า พ.ศ. 2562; พ.ร.บ. ป้องกันการทารุณกรรมและการจัดสวัสดิภาพสัตว์ พ.ศ. 2557,ต้องตรวจสอบประกาศรายชนิดเพิ่มเติม,ต้องตรวจสอบรายชนิดเพิ่มเติม,ต้องตรวจสอบว่าต้องแจ้งการครอบครองหรือขอใบอนุญาตหรือไม่,ต้องตรวจสอบประกาศเพิ่มเติม,ต้องตรวจสอบประกาศเพิ่มเติม,ต้องตรวจสอบรายชนิดเพิ่มเติม,ไม่ควรปล่อย,ผู้เลี้ยงต้องจัดสวัสดิภาพสัตว์ให้เหมาะสมและห้ามทารุณกรรมสัตว์,ต้องตรวจสอบสถานะรายชนิดจากชื่อวิทยาศาสตร์ก่อนครอบครอง ค้า เพาะพันธุ์ หรือนำเข้า-ส่งออก และผู้เลี้ยงต้องจัดสวัสดิภาพสัตว์ตามกฎหมาย,medium,no,2500-10000,AmphibiaWeb,https://amphibiaweb.org/,IUCN Red List; CITES Checklist,https://www.iucnredlist.org/ | https://checklist.cites.org/,Thailand Wildlife Preservation and Protection Act B.E. 2562 (uploaded PDF); Thailand Animal Welfare Act B.E. 2557 (uploaded PDF),uploaded:ACT_WILD-ANIMAL_2562.pdf | uploaded:law87.pdf | https://checklist.cites.org/,medium,legacy-row-needs-source-backfill,"Legacy row retained from the original dataset. Category-level taxonomy and legal reference sources have been added, but row-level husbandry and pricing sources should still be backfilled before production use."
EXO056,Amphibian,Frog,Poison Dart Frog,พอยซันดาร์ทฟร็อก,Dendrobates tinctorius,South America,5,10,insectivore,terrestrial,diurnal,delicate,very low,hard,no,planted vivarium,22-26,80-100,pairs/groups,ต้องตรวจสอบสถานะรายชนิดจากชื่อวิทยาศาสตร์ก่อนครอบครอง ค้า เพาะพันธุ์ หรือนำเข้า-ส่งออก และผู้เลี้ยงต้องจัดสวัสดิภาพสัตว์ตามกฎหมาย,พ.ร.บ. สงวนและคุ้มครองสัตว์ป่า พ.ศ. 2562; พ.ร.บ. ป้องกันการทารุณกรรมและการจัดสวัสดิภาพสัตว์ พ.ศ. 2557,ต้องตรวจสอบประกาศรายชนิดเพิ่มเติม,ต้องตรวจสอบรายชนิดเพิ่มเติม,ต้องตรวจสอบว่าต้องแจ้งการครอบครองหรือขอใบอนุญาตหรือไม่,ต้องตรวจสอบประกาศเพิ่มเติม,ต้องตรวจสอบประกาศเพิ่มเติม,ต้องตรวจสอบรายชนิดเพิ่มเติม,ไม่ควรปล่อย,ผู้เลี้ยงต้องจัดสวัสดิภาพสัตว์ให้เหมาะสมและห้ามทารุณกรรมสัตว์,ต้องตรวจสอบสถานะรายชนิดจากชื่อวิทยาศาสตร์ก่อนครอบครอง ค้า เพาะพันธุ์ หรือนำเข้า-ส่งออก และผู้เลี้ยงต้องจัดสวัสดิภาพสัตว์ตามกฎหมาย,low,toxic-skin,2500-12000,AmphibiaWeb,https://amphibiaweb.org/,IUCN Red List; CITES Checklist,https://www.iucnredlist.org/ | https://checklist.cites.org/,Thailand Wildlife Preservation and Protection Act B.E. 2562 (uploaded PDF); Thailand Animal Welfare Act B.E. 2557 (uploaded PDF),uploaded:ACT_WILD-ANIMAL_2562.pdf | uploaded:law87.pdf | https://checklist.cites.org/,medium,legacy-row-needs-source-backfill,"Legacy row retained from the original dataset. Category-level taxonomy and legal reference sources have been added, but row-level husbandry and pricing sources should still be backfilled before production use."
EXO057,Amphibian,Toad,Fire-bellied Toad,ไฟร์เบลลีโทด,Bombina orientalis,East Asia,6,12,insectivore,semi-aquatic,diurnal,active,low,easy,yes,semi-aquatic paludarium,20-24,60-80,small groups,ต้องตรวจสอบสถานะรายชนิดจากชื่อวิทยาศาสตร์ก่อนครอบครอง ค้า เพาะพันธุ์ หรือนำเข้า-ส่งออก และผู้เลี้ยงต้องจัดสวัสดิภาพสัตว์ตามกฎหมาย,พ.ร.บ. สงวนและคุ้มครองสัตว์ป่า พ.ศ. 2562; พ.ร.บ. ป้องกันการทารุณกรรมและการจัดสวัสดิภาพสัตว์ พ.ศ. 2557,ต้องตรวจสอบประกาศรายชนิดเพิ่มเติม,ต้องตรวจสอบรายชนิดเพิ่มเติม,ต้องตรวจสอบว่าต้องแจ้งการครอบครองหรือขอใบอนุญาตหรือไม่,ต้องตรวจสอบประกาศเพิ่มเติม,ต้องตรวจสอบประกาศเพิ่มเติม,ต้องตรวจสอบรายชนิดเพิ่มเติม,ไม่ควรปล่อย,ผู้เลี้ยงต้องจัดสวัสดิภาพสัตว์ให้เหมาะสมและห้ามทารุณกรรมสัตว์,ต้องตรวจสอบสถานะรายชนิดจากชื่อวิทยาศาสตร์ก่อนครอบครอง ค้า เพาะพันธุ์ หรือนำเข้า-ส่งออก และผู้เลี้ยงต้องจัดสวัสดิภาพสัตว์ตามกฎหมาย,low,mild-toxic,1200-5000,AmphibiaWeb,https://amphibiaweb.org/,IUCN Red List; CITES Checklist,https://www.iucnredlist.org/ | https://checklist.cites.org/,Thailand Wildlife Preservation and Protection Act B.E. 2562 (uploaded PDF); Thailand Animal Welfare Act B.E. 2557 (uploaded PDF),uploaded:ACT_WILD-ANIMAL_2562.pdf | uploaded:law87.pdf | https://checklist.cites.org/,medium,legacy-row-needs-source-backfill,"Legacy row retained from the original dataset. Category-level taxonomy and legal reference sources have been added, but row-level husbandry and pricing sources should still be backfilled before production use."
EXO058,Amphibian,Frog,Budgett's Frog,บัดเจ็ตต์ฟร็อก,Lepidobatrachus laevis,South America,12,8,carnivore,semi-aquatic,nocturnal,odd but hardy,low,medium,no,semi-aquatic tank,24-28,60-80,solitary,ต้องตรวจสอบสถานะรายชนิดจากชื่อวิทยาศาสตร์ก่อนครอบครอง ค้า เพาะพันธุ์ หรือนำเข้า-ส่งออก และผู้เลี้ยงต้องจัดสวัสดิภาพสัตว์ตามกฎหมาย,พ.ร.บ. สงวนและคุ้มครองสัตว์ป่า พ.ศ. 2562; พ.ร.บ. ป้องกันการทารุณกรรมและการจัดสวัสดิภาพสัตว์ พ.ศ. 2557,ต้องตรวจสอบประกาศรายชนิดเพิ่มเติม,ต้องตรวจสอบรายชนิดเพิ่มเติม,ต้องตรวจสอบว่าต้องแจ้งการครอบครองหรือขอใบอนุญาตหรือไม่,ต้องตรวจสอบประกาศเพิ่มเติม,ต้องตรวจสอบประกาศเพิ่มเติม,ต้องตรวจสอบรายชนิดเพิ่มเติม,ไม่ควรปล่อย,ผู้เลี้ยงต้องจัดสวัสดิภาพสัตว์ให้เหมาะสมและห้ามทารุณกรรมสัตว์,ต้องตรวจสอบสถานะรายชนิดจากชื่อวิทยาศาสตร์ก่อนครอบครอง ค้า เพาะพันธุ์ หรือนำเข้า-ส่งออก และผู้เลี้ยงต้องจัดสวัสดิภาพสัตว์ตามกฎหมาย,medium,no,2500-9000,AmphibiaWeb,https://amphibiaweb.org/,IUCN Red List; CITES Checklist,https://www.iucnredlist.org/ | https://checklist.cites.org/,Thailand Wildlife Preservation and Protection Act B.E. 2562 (uploaded PDF); Thailand Animal Welfare Act B.E. 2557 (uploaded PDF),uploaded:ACT_WILD-ANIMAL_2562.pdf | uploaded:law87.pdf | https://checklist.cites.org/,medium,legacy-row-needs-source-backfill,"Legacy row retained from the original dataset. Category-level taxonomy and legal reference sources have been added, but row-level husbandry and pricing sources should still be backfilled before production use."
EXO059,Amphibian,Newt,Chinese Fire Belly Newt,นิวท์ไฟท้องส้ม,Cynops orientalis,China,10,15,carnivore,semi-aquatic,nocturnal,calm,low,medium,no,cool aquatic setup,18-22,,small groups,ต้องตรวจสอบสถานะรายชนิดจากชื่อวิทยาศาสตร์ก่อนครอบครอง ค้า เพาะพันธุ์ หรือนำเข้า-ส่งออก และผู้เลี้ยงต้องจัดสวัสดิภาพสัตว์ตามกฎหมาย,พ.ร.บ. สงวนและคุ้มครองสัตว์ป่า พ.ศ. 2562; พ.ร.บ. ป้องกันการทารุณกรรมและการจัดสวัสดิภาพสัตว์ พ.ศ. 2557,ต้องตรวจสอบประกาศรายชนิดเพิ่มเติม,ต้องตรวจสอบรายชนิดเพิ่มเติม,ต้องตรวจสอบว่าต้องแจ้งการครอบครองหรือขอใบอนุญาตหรือไม่,ต้องตรวจสอบประกาศเพิ่มเติม,ต้องตรวจสอบประกาศเพิ่มเติม,ต้องตรวจสอบรายชนิดเพิ่มเติม,ไม่ควรปล่อย,ผู้เลี้ยงต้องจัดสวัสดิภาพสัตว์ให้เหมาะสมและห้ามทารุณกรรมสัตว์,ต้องตรวจสอบสถานะรายชนิดจากชื่อวิทยาศาสตร์ก่อนครอบครอง ค้า เพาะพันธุ์ หรือนำเข้า-ส่งออก และผู้เลี้ยงต้องจัดสวัสดิภาพสัตว์ตามกฎหมาย,low,toxic-skin,1200-5000,AmphibiaWeb,https://amphibiaweb.org/,IUCN Red List; CITES Checklist,https://www.iucnredlist.org/ | https://checklist.cites.org/,Thailand Wildlife Preservation and Protection Act B.E. 2562 (uploaded PDF); Thailand Animal Welfare Act B.E. 2557 (uploaded PDF),uploaded:ACT_WILD-ANIMAL_2562.pdf | uploaded:law87.pdf | https://checklist.cites.org/,medium,legacy-row-needs-source-backfill,"Legacy row retained from the original dataset. Category-level taxonomy and legal reference sources have been added, but row-level husbandry and pricing sources should still be backfilled before production use."
EXO060,Mammal,Rodent,Chinchilla,ชินชิล่า,Chinchilla lanigera,South America,30,15,herbivore,terrestrial,crepuscular,sensitive,low,medium,no,multi-level cage,16-24,30-50,pairs/groups,ต้องตรวจสอบสถานะรายชนิดจากชื่อวิทยาศาสตร์ก่อนครอบครอง ค้า เพาะพันธุ์ หรือนำเข้า-ส่งออก และผู้เลี้ยงต้องจัดสวัสดิภาพสัตว์ตามกฎหมาย,พ.ร.บ. สงวนและคุ้มครองสัตว์ป่า พ.ศ. 2562; พ.ร.บ. ป้องกันการทารุณกรรมและการจัดสวัสดิภาพสัตว์ พ.ศ. 2557,ต้องตรวจสอบประกาศรายชนิดเพิ่มเติม,ต้องตรวจสอบรายชนิดเพิ่มเติม,ต้องตรวจสอบว่าต้องแจ้งการครอบครองหรือขอใบอนุญาตหรือไม่,ต้องตรวจสอบประกาศเพิ่มเติม,ต้องตรวจสอบประกาศเพิ่มเติม,ต้องตรวจสอบรายชนิดเพิ่มเติม,ไม่ควรปล่อย,ผู้เลี้ยงต้องจัดสวัสดิภาพสัตว์ให้เหมาะสมและห้ามทารุณกรรมสัตว์,ต้องตรวจสอบสถานะรายชนิดจากชื่อวิทยาศาสตร์ก่อนครอบครอง ค้า เพาะพันธุ์ หรือนำเข้า-ส่งออก และผู้เลี้ยงต้องจัดสวัสดิภาพสัตว์ตามกฎหมาย,low,no,4000-20000,Mammal Diversity Database,https://www.mammaldiversity.org/,IUCN Red List; CITES Checklist,https://www.iucnredlist.org/ | https://checklist.cites.org/,Thailand Wildlife Preservation and Protection Act B.E. 2562 (uploaded PDF); Thailand Animal Welfare Act B.E. 2557 (uploaded PDF),uploaded:ACT_WILD-ANIMAL_2562.pdf | uploaded:law87.pdf | https://checklist.cites.org/,medium,legacy-row-needs-source-backfill,"Legacy row retained from the original dataset. Category-level taxonomy and legal reference sources have been added, but row-level husbandry and pricing sources should still be backfilled before production use."
EXO061,Mammal,Rodent,Prairie Dog,แพรี่ด็อก,Cynomys ludovicianus,North America,40,8,herbivore,terrestrial,diurnal,social,medium,hard,no,large social enclosure,18-28,30-60,groups,ต้องตรวจสอบสถานะรายชนิดจากชื่อวิทยาศาสตร์ก่อนครอบครอง ค้า เพาะพันธุ์ หรือนำเข้า-ส่งออก และผู้เลี้ยงต้องจัดสวัสดิภาพสัตว์ตามกฎหมาย,พ.ร.บ. สงวนและคุ้มครองสัตว์ป่า พ.ศ. 2562; พ.ร.บ. ป้องกันการทารุณกรรมและการจัดสวัสดิภาพสัตว์ พ.ศ. 2557,ต้องตรวจสอบประกาศรายชนิดเพิ่มเติม,ต้องตรวจสอบรายชนิดเพิ่มเติม,ต้องตรวจสอบว่าต้องแจ้งการครอบครองหรือขอใบอนุญาตหรือไม่,ต้องตรวจสอบประกาศเพิ่มเติม,ต้องตรวจสอบประกาศเพิ่มเติม,ต้องตรวจสอบรายชนิดเพิ่มเติม,ไม่ควรปล่อย,ผู้เลี้ยงต้องจัดสวัสดิภาพสัตว์ให้เหมาะสมและห้ามทารุณกรรมสัตว์,ต้องตรวจสอบสถานะรายชนิดจากชื่อวิทยาศาสตร์ก่อนครอบครอง ค้า เพาะพันธุ์ หรือนำเข้า-ส่งออก และผู้เลี้ยงต้องจัดสวัสดิภาพสัตว์ตามกฎหมาย,medium,no,15000-50000,Mammal Diversity Database,https://www.mammaldiversity.org/,IUCN Red List; CITES Checklist,https://www.iucnredlist.org/ | https://checklist.cites.org/,Thailand Wildlife Preservation and Protection Act B.E. 2562 (uploaded PDF); Thailand Animal Welfare Act B.E. 2557 (uploaded PDF),uploaded:ACT_WILD-ANIMAL_2562.pdf | uploaded:law87.pdf | https://checklist.cites.org/,medium,legacy-row-needs-source-backfill,"Legacy row retained from the original dataset. Category-level taxonomy and legal reference sources have been added, but row-level husbandry and pricing sources should still be backfilled before production use."
EXO062,Mammal,Rodent,Degu,เดกู,Octodon degus,South America,30,8,herbivore,terrestrial,diurnal,active,low,medium,no,large wire cage,18-26,30-50,pairs/groups,ต้องตรวจสอบสถานะรายชนิดจากชื่อวิทยาศาสตร์ก่อนครอบครอง ค้า เพาะพันธุ์ หรือนำเข้า-ส่งออก และผู้เลี้ยงต้องจัดสวัสดิภาพสัตว์ตามกฎหมาย,พ.ร.บ. สงวนและคุ้มครองสัตว์ป่า พ.ศ. 2562; พ.ร.บ. ป้องกันการทารุณกรรมและการจัดสวัสดิภาพสัตว์ พ.ศ. 2557,ต้องตรวจสอบประกาศรายชนิดเพิ่มเติม,ต้องตรวจสอบรายชนิดเพิ่มเติม,ต้องตรวจสอบว่าต้องแจ้งการครอบครองหรือขอใบอนุญาตหรือไม่,ต้องตรวจสอบประกาศเพิ่มเติม,ต้องตรวจสอบประกาศเพิ่มเติม,ต้องตรวจสอบรายชนิดเพิ่มเติม,ไม่ควรปล่อย,ผู้เลี้ยงต้องจัดสวัสดิภาพสัตว์ให้เหมาะสมและห้ามทารุณกรรมสัตว์,ต้องตรวจสอบสถานะรายชนิดจากชื่อวิทยาศาสตร์ก่อนครอบครอง ค้า เพาะพันธุ์ หรือนำเข้า-ส่งออก และผู้เลี้ยงต้องจัดสวัสดิภาพสัตว์ตามกฎหมาย,low,no,2500-10000,Mammal Diversity Database,https://www.mammaldiversity.org/,IUCN Red List; CITES Checklist,https://www.iucnredlist.org/ | https://checklist.cites.org/,Thailand Wildlife Preservation and Protection Act B.E. 2562 (uploaded PDF); Thailand Animal Welfare Act B.E. 2557 (uploaded PDF),uploaded:ACT_WILD-ANIMAL_2562.pdf | uploaded:law87.pdf | https://checklist.cites.org/,medium,legacy-row-needs-source-backfill,"Legacy row retained from the original dataset. Category-level taxonomy and legal reference sources have been added, but row-level husbandry and pricing sources should still be backfilled before production use."
EXO063,Mammal,Rodent,Fancy Rat,หนูแฟนซี,Rattus norvegicus domestica,Worldwide,25,3,omnivore,terrestrial,nocturnal,social,low,easy,yes,wire cage,20-26,40-60,pairs/groups,ต้องตรวจสอบสถานะรายชนิดจากชื่อวิทยาศาสตร์ก่อนครอบครอง ค้า เพาะพันธุ์ หรือนำเข้า-ส่งออก และผู้เลี้ยงต้องจัดสวัสดิภาพสัตว์ตามกฎหมาย,พ.ร.บ. สงวนและคุ้มครองสัตว์ป่า พ.ศ. 2562; พ.ร.บ. ป้องกันการทารุณกรรมและการจัดสวัสดิภาพสัตว์ พ.ศ. 2557,ต้องตรวจสอบประกาศรายชนิดเพิ่มเติม,ต้องตรวจสอบรายชนิดเพิ่มเติม,ต้องตรวจสอบว่าต้องแจ้งการครอบครองหรือขอใบอนุญาตหรือไม่,ต้องตรวจสอบประกาศเพิ่มเติม,ต้องตรวจสอบประกาศเพิ่มเติม,ต้องตรวจสอบรายชนิดเพิ่มเติม,ไม่ควรปล่อย,ผู้เลี้ยงต้องจัดสวัสดิภาพสัตว์ให้เหมาะสมและห้ามทารุณกรรมสัตว์,ต้องตรวจสอบสถานะรายชนิดจากชื่อวิทยาศาสตร์ก่อนครอบครอง ค้า เพาะพันธุ์ หรือนำเข้า-ส่งออก และผู้เลี้ยงต้องจัดสวัสดิภาพสัตว์ตามกฎหมาย,low,no,200-1500,Mammal Diversity Database,https://www.mammaldiversity.org/,IUCN Red List; CITES Checklist,https://www.iucnredlist.org/ | https://checklist.cites.org/,Thailand Wildlife Preservation and Protection Act B.E. 2562 (uploaded PDF); Thailand Animal Welfare Act B.E. 2557 (uploaded PDF),uploaded:ACT_WILD-ANIMAL_2562.pdf | uploaded:law87.pdf | https://checklist.cites.org/,medium,legacy-row-needs-source-backfill,"Legacy row retained from the original dataset. Category-level taxonomy and legal reference sources have been added, but row-level husbandry and pricing sources should still be backfilled before production use."
EXO064,Mammal,Rodent,Hairless Rat,หนูไร้ขน,Rattus norvegicus domestica,Worldwide,25,3,omnivore,terrestrial,nocturnal,social,low,easy,yes,warm wire cage,22-28,40-60,pairs/groups,ต้องตรวจสอบสถานะรายชนิดจากชื่อวิทยาศาสตร์ก่อนครอบครอง ค้า เพาะพันธุ์ หรือนำเข้า-ส่งออก และผู้เลี้ยงต้องจัดสวัสดิภาพสัตว์ตามกฎหมาย,พ.ร.บ. สงวนและคุ้มครองสัตว์ป่า พ.ศ. 2562; พ.ร.บ. ป้องกันการทารุณกรรมและการจัดสวัสดิภาพสัตว์ พ.ศ. 2557,ต้องตรวจสอบประกาศรายชนิดเพิ่มเติม,ต้องตรวจสอบรายชนิดเพิ่มเติม,ต้องตรวจสอบว่าต้องแจ้งการครอบครองหรือขอใบอนุญาตหรือไม่,ต้องตรวจสอบประกาศเพิ่มเติม,ต้องตรวจสอบประกาศเพิ่มเติม,ต้องตรวจสอบรายชนิดเพิ่มเติม,ไม่ควรปล่อย,ผู้เลี้ยงต้องจัดสวัสดิภาพสัตว์ให้เหมาะสมและห้ามทารุณกรรมสัตว์,ต้องตรวจสอบสถานะรายชนิดจากชื่อวิทยาศาสตร์ก่อนครอบครอง ค้า เพาะพันธุ์ หรือนำเข้า-ส่งออก และผู้เลี้ยงต้องจัดสวัสดิภาพสัตว์ตามกฎหมาย,low,no,500-2500,Mammal Diversity Database,https://www.mammaldiversity.org/,IUCN Red List; CITES Checklist,https://www.iucnredlist.org/ | https://checklist.cites.org/,Thailand Wildlife Preservation and Protection Act B.E. 2562 (uploaded PDF); Thailand Animal Welfare Act B.E. 2557 (uploaded PDF),uploaded:ACT_WILD-ANIMAL_2562.pdf | uploaded:law87.pdf | https://checklist.cites.org/,medium,legacy-row-needs-source-backfill,"Legacy row retained from the original dataset. Category-level taxonomy and legal reference sources have been added, but row-level husbandry and pricing sources should still be backfilled before production use."
EXO065,Mammal,Rodent,Mongolian Gerbil,หนูเจอร์บิล,Meriones unguiculatus,Mongolia,20,4,omnivore,burrowing,diurnal,active,low,easy,yes,deep substrate tank,20-26,30-50,pairs/groups,ต้องตรวจสอบสถานะรายชนิดจากชื่อวิทยาศาสตร์ก่อนครอบครอง ค้า เพาะพันธุ์ หรือนำเข้า-ส่งออก และผู้เลี้ยงต้องจัดสวัสดิภาพสัตว์ตามกฎหมาย,พ.ร.บ. สงวนและคุ้มครองสัตว์ป่า พ.ศ. 2562; พ.ร.บ. ป้องกันการทารุณกรรมและการจัดสวัสดิภาพสัตว์ พ.ศ. 2557,ต้องตรวจสอบประกาศรายชนิดเพิ่มเติม,ต้องตรวจสอบรายชนิดเพิ่มเติม,ต้องตรวจสอบว่าต้องแจ้งการครอบครองหรือขอใบอนุญาตหรือไม่,ต้องตรวจสอบประกาศเพิ่มเติม,ต้องตรวจสอบประกาศเพิ่มเติม,ต้องตรวจสอบรายชนิดเพิ่มเติม,ไม่ควรปล่อย,ผู้เลี้ยงต้องจัดสวัสดิภาพสัตว์ให้เหมาะสมและห้ามทารุณกรรมสัตว์,ต้องตรวจสอบสถานะรายชนิดจากชื่อวิทยาศาสตร์ก่อนครอบครอง ค้า เพาะพันธุ์ หรือนำเข้า-ส่งออก และผู้เลี้ยงต้องจัดสวัสดิภาพสัตว์ตามกฎหมาย,low,no,300-1800,Mammal Diversity Database,https://www.mammaldiversity.org/,IUCN Red List; CITES Checklist,https://www.iucnredlist.org/ | https://checklist.cites.org/,Thailand Wildlife Preservation and Protection Act B.E. 2562 (uploaded PDF); Thailand Animal Welfare Act B.E. 2557 (uploaded PDF),uploaded:ACT_WILD-ANIMAL_2562.pdf | uploaded:law87.pdf | https://checklist.cites.org/,medium,legacy-row-needs-source-backfill,"Legacy row retained from the original dataset. Category-level taxonomy and legal reference sources have been added, but row-level husbandry and pricing sources should still be backfilled before production use."
EXO066,Mammal,Rodent,Syrian Hamster,แฮมสเตอร์ซีเรียน,Mesocricetus auratus,Middle East,18,3,omnivore,terrestrial,nocturnal,territorial,low,easy,yes,single hamster cage,20-26,40-60,solitary,ต้องตรวจสอบสถานะรายชนิดจากชื่อวิทยาศาสตร์ก่อนครอบครอง ค้า เพาะพันธุ์ หรือนำเข้า-ส่งออก และผู้เลี้ยงต้องจัดสวัสดิภาพสัตว์ตามกฎหมาย,พ.ร.บ. สงวนและคุ้มครองสัตว์ป่า พ.ศ. 2562; พ.ร.บ. ป้องกันการทารุณกรรมและการจัดสวัสดิภาพสัตว์ พ.ศ. 2557,ต้องตรวจสอบประกาศรายชนิดเพิ่มเติม,ต้องตรวจสอบรายชนิดเพิ่มเติม,ต้องตรวจสอบว่าต้องแจ้งการครอบครองหรือขอใบอนุญาตหรือไม่,ต้องตรวจสอบประกาศเพิ่มเติม,ต้องตรวจสอบประกาศเพิ่มเติม,ต้องตรวจสอบรายชนิดเพิ่มเติม,ไม่ควรปล่อย,ผู้เลี้ยงต้องจัดสวัสดิภาพสัตว์ให้เหมาะสมและห้ามทารุณกรรมสัตว์,ต้องตรวจสอบสถานะรายชนิดจากชื่อวิทยาศาสตร์ก่อนครอบครอง ค้า เพาะพันธุ์ หรือนำเข้า-ส่งออก และผู้เลี้ยงต้องจัดสวัสดิภาพสัตว์ตามกฎหมาย,low,no,150-1200,Mammal Diversity Database,https://www.mammaldiversity.org/,IUCN Red List; CITES Checklist,https://www.iucnredlist.org/ | https://checklist.cites.org/,Thailand Wildlife Preservation and Protection Act B.E. 2562 (uploaded PDF); Thailand Animal Welfare Act B.E. 2557 (uploaded PDF),uploaded:ACT_WILD-ANIMAL_2562.pdf | uploaded:law87.pdf | https://checklist.cites.org/,medium,legacy-row-needs-source-backfill,"Legacy row retained from the original dataset. Category-level taxonomy and legal reference sources have been added, but row-level husbandry and pricing sources should still be backfilled before production use."
EXO067,Mammal,Rodent,Roborovski Hamster,โรโบรอฟสกี้แฮมสเตอร์,Phodopus roborovskii,Asia,10,3,omnivore,terrestrial,nocturnal,fast,low,easy,yes,hamster cage,20-26,40-60,solitary/pairs,ต้องตรวจสอบสถานะรายชนิดจากชื่อวิทยาศาสตร์ก่อนครอบครอง ค้า เพาะพันธุ์ หรือนำเข้า-ส่งออก และผู้เลี้ยงต้องจัดสวัสดิภาพสัตว์ตามกฎหมาย,พ.ร.บ. สงวนและคุ้มครองสัตว์ป่า พ.ศ. 2562; พ.ร.บ. ป้องกันการทารุณกรรมและการจัดสวัสดิภาพสัตว์ พ.ศ. 2557,ต้องตรวจสอบประกาศรายชนิดเพิ่มเติม,ต้องตรวจสอบรายชนิดเพิ่มเติม,ต้องตรวจสอบว่าต้องแจ้งการครอบครองหรือขอใบอนุญาตหรือไม่,ต้องตรวจสอบประกาศเพิ่มเติม,ต้องตรวจสอบประกาศเพิ่มเติม,ต้องตรวจสอบรายชนิดเพิ่มเติม,ไม่ควรปล่อย,ผู้เลี้ยงต้องจัดสวัสดิภาพสัตว์ให้เหมาะสมและห้ามทารุณกรรมสัตว์,ต้องตรวจสอบสถานะรายชนิดจากชื่อวิทยาศาสตร์ก่อนครอบครอง ค้า เพาะพันธุ์ หรือนำเข้า-ส่งออก และผู้เลี้ยงต้องจัดสวัสดิภาพสัตว์ตามกฎหมาย,low,no,250-1500,Mammal Diversity Database,https://www.mammaldiversity.org/,IUCN Red List; CITES Checklist,https://www.iucnredlist.org/ | https://checklist.cites.org/,Thailand Wildlife Preservation and Protection Act B.E. 2562 (uploaded PDF); Thailand Animal Welfare Act B.E. 2557 (uploaded PDF),uploaded:ACT_WILD-ANIMAL_2562.pdf | uploaded:law87.pdf | https://checklist.cites.org/,medium,legacy-row-needs-source-backfill,"Legacy row retained from the original dataset. Category-level taxonomy and legal reference sources have been added, but row-level husbandry and pricing sources should still be backfilled before production use."
EXO068,Mammal,Rodent,Campbell's Dwarf Hamster,แคมป์เบลล์แฮมสเตอร์,Phodopus campbelli,Asia,10,2,omnivore,terrestrial,nocturnal,active,low,easy,yes,hamster cage,20-26,40-60,solitary/pairs,ต้องตรวจสอบสถานะรายชนิดจากชื่อวิทยาศาสตร์ก่อนครอบครอง ค้า เพาะพันธุ์ หรือนำเข้า-ส่งออก และผู้เลี้ยงต้องจัดสวัสดิภาพสัตว์ตามกฎหมาย,พ.ร.บ. สงวนและคุ้มครองสัตว์ป่า พ.ศ. 2562; พ.ร.บ. ป้องกันการทารุณกรรมและการจัดสวัสดิภาพสัตว์ พ.ศ. 2557,ต้องตรวจสอบประกาศรายชนิดเพิ่มเติม,ต้องตรวจสอบรายชนิดเพิ่มเติม,ต้องตรวจสอบว่าต้องแจ้งการครอบครองหรือขอใบอนุญาตหรือไม่,ต้องตรวจสอบประกาศเพิ่มเติม,ต้องตรวจสอบประกาศเพิ่มเติม,ต้องตรวจสอบรายชนิดเพิ่มเติม,ไม่ควรปล่อย,ผู้เลี้ยงต้องจัดสวัสดิภาพสัตว์ให้เหมาะสมและห้ามทารุณกรรมสัตว์,ต้องตรวจสอบสถานะรายชนิดจากชื่อวิทยาศาสตร์ก่อนครอบครอง ค้า เพาะพันธุ์ หรือนำเข้า-ส่งออก และผู้เลี้ยงต้องจัดสวัสดิภาพสัตว์ตามกฎหมาย,low,no,200-1200,Mammal Diversity Database,https://www.mammaldiversity.org/,IUCN Red List; CITES Checklist,https://www.iucnredlist.org/ | https://checklist.cites.org/,Thailand Wildlife Preservation and Protection Act B.E. 2562 (uploaded PDF); Thailand Animal Welfare Act B.E. 2557 (uploaded PDF),uploaded:ACT_WILD-ANIMAL_2562.pdf | uploaded:law87.pdf | https://checklist.cites.org/,medium,legacy-row-needs-source-backfill,"Legacy row retained from the original dataset. Category-level taxonomy and legal reference sources have been added, but row-level husbandry and pricing sources should still be backfilled before production use."
EXO069,Mammal,Rodent,African Pygmy Dormouse,ดอร์เมาส์แอฟริกัน,Graphiurus murinus,Africa,10,5,omnivore,arboreal,nocturnal,delicate,very low,medium,no,tall planted cage,22-28,50-70,small groups,ต้องตรวจสอบสถานะรายชนิดจากชื่อวิทยาศาสตร์ก่อนครอบครอง ค้า เพาะพันธุ์ หรือนำเข้า-ส่งออก และผู้เลี้ยงต้องจัดสวัสดิภาพสัตว์ตามกฎหมาย,พ.ร.บ. สงวนและคุ้มครองสัตว์ป่า พ.ศ. 2562; พ.ร.บ. ป้องกันการทารุณกรรมและการจัดสวัสดิภาพสัตว์ พ.ศ. 2557,ต้องตรวจสอบประกาศรายชนิดเพิ่มเติม,ต้องตรวจสอบรายชนิดเพิ่มเติม,ต้องตรวจสอบว่าต้องแจ้งการครอบครองหรือขอใบอนุญาตหรือไม่,ต้องตรวจสอบประกาศเพิ่มเติม,ต้องตรวจสอบประกาศเพิ่มเติม,ต้องตรวจสอบรายชนิดเพิ่มเติม,ไม่ควรปล่อย,ผู้เลี้ยงต้องจัดสวัสดิภาพสัตว์ให้เหมาะสมและห้ามทารุณกรรมสัตว์,ต้องตรวจสอบสถานะรายชนิดจากชื่อวิทยาศาสตร์ก่อนครอบครอง ค้า เพาะพันธุ์ หรือนำเข้า-ส่งออก และผู้เลี้ยงต้องจัดสวัสดิภาพสัตว์ตามกฎหมาย,low,no,3000-12000,Mammal Diversity Database,https://www.mammaldiversity.org/,IUCN Red List; CITES Checklist,https://www.iucnredlist.org/ | https://checklist.cites.org/,Thailand Wildlife Preservation and Protection Act B.E. 2562 (uploaded PDF); Thailand Animal Welfare Act B.E. 2557 (uploaded PDF),uploaded:ACT_WILD-ANIMAL_2562.pdf | uploaded:law87.pdf | https://checklist.cites.org/,medium,legacy-row-needs-source-backfill,"Legacy row retained from the original dataset. Category-level taxonomy and legal reference sources have been added, but row-level husbandry and pricing sources should still be backfilled before production use."
EXO070,Mammal,Rodent,Guinea Pig,กินนี่พิก,Cavia porcellus,South America,30,7,herbivore,terrestrial,crepuscular,gentle,low,easy,yes,large guinea pig cage,18-24,40-70,pairs/groups,ต้องตรวจสอบสถานะรายชนิดจากชื่อวิทยาศาสตร์ก่อนครอบครอง ค้า เพาะพันธุ์ หรือนำเข้า-ส่งออก และผู้เลี้ยงต้องจัดสวัสดิภาพสัตว์ตามกฎหมาย,พ.ร.บ. สงวนและคุ้มครองสัตว์ป่า พ.ศ. 2562; พ.ร.บ. ป้องกันการทารุณกรรมและการจัดสวัสดิภาพสัตว์ พ.ศ. 2557,ต้องตรวจสอบประกาศรายชนิดเพิ่มเติม,ต้องตรวจสอบรายชนิดเพิ่มเติม,ต้องตรวจสอบว่าต้องแจ้งการครอบครองหรือขอใบอนุญาตหรือไม่,ต้องตรวจสอบประกาศเพิ่มเติม,ต้องตรวจสอบประกาศเพิ่มเติม,ต้องตรวจสอบรายชนิดเพิ่มเติม,ไม่ควรปล่อย,ผู้เลี้ยงต้องจัดสวัสดิภาพสัตว์ให้เหมาะสมและห้ามทารุณกรรมสัตว์,ต้องตรวจสอบสถานะรายชนิดจากชื่อวิทยาศาสตร์ก่อนครอบครอง ค้า เพาะพันธุ์ หรือนำเข้า-ส่งออก และผู้เลี้ยงต้องจัดสวัสดิภาพสัตว์ตามกฎหมาย,low,no,500-3000,Mammal Diversity Database,https://www.mammaldiversity.org/,IUCN Red List; CITES Checklist,https://www.iucnredlist.org/ | https://checklist.cites.org/,Thailand Wildlife Preservation and Protection Act B.E. 2562 (uploaded PDF); Thailand Animal Welfare Act B.E. 2557 (uploaded PDF),uploaded:ACT_WILD-ANIMAL_2562.pdf | uploaded:law87.pdf | https://checklist.cites.org/,medium,legacy-row-needs-source-backfill,"Legacy row retained from the original dataset. Category-level taxonomy and legal reference sources have been added, but row-level husbandry and pricing sources should still be backfilled before production use."
EXO071,Mammal,Rodent,Skinny Pig,สกินนี่พิก,Cavia porcellus,South America,30,6,herbivore,terrestrial,crepuscular,gentle,low,easy,yes,warm large cage,20-26,40-70,pairs/groups,ต้องตรวจสอบสถานะรายชนิดจากชื่อวิทยาศาสตร์ก่อนครอบครอง ค้า เพาะพันธุ์ หรือนำเข้า-ส่งออก และผู้เลี้ยงต้องจัดสวัสดิภาพสัตว์ตามกฎหมาย,พ.ร.บ. สงวนและคุ้มครองสัตว์ป่า พ.ศ. 2562; พ.ร.บ. ป้องกันการทารุณกรรมและการจัดสวัสดิภาพสัตว์ พ.ศ. 2557,ต้องตรวจสอบประกาศรายชนิดเพิ่มเติม,ต้องตรวจสอบรายชนิดเพิ่มเติม,ต้องตรวจสอบว่าต้องแจ้งการครอบครองหรือขอใบอนุญาตหรือไม่,ต้องตรวจสอบประกาศเพิ่มเติม,ต้องตรวจสอบประกาศเพิ่มเติม,ต้องตรวจสอบรายชนิดเพิ่มเติม,ไม่ควรปล่อย,ผู้เลี้ยงต้องจัดสวัสดิภาพสัตว์ให้เหมาะสมและห้ามทารุณกรรมสัตว์,ต้องตรวจสอบสถานะรายชนิดจากชื่อวิทยาศาสตร์ก่อนครอบครอง ค้า เพาะพันธุ์ หรือนำเข้า-ส่งออก และผู้เลี้ยงต้องจัดสวัสดิภาพสัตว์ตามกฎหมาย,low,no,2500-12000,Mammal Diversity Database,https://www.mammaldiversity.org/,IUCN Red List; CITES Checklist,https://www.iucnredlist.org/ | https://checklist.cites.org/,Thailand Wildlife Preservation and Protection Act B.E. 2562 (uploaded PDF); Thailand Animal Welfare Act B.E. 2557 (uploaded PDF),uploaded:ACT_WILD-ANIMAL_2562.pdf | uploaded:law87.pdf | https://checklist.cites.org/,medium,legacy-row-needs-source-backfill,"Legacy row retained from the original dataset. Category-level taxonomy and legal reference sources have been added, but row-level husbandry and pricing sources should still be backfilled before production use."
EXO072,Mammal,Rodent,Flying Squirrel,กระรอกบิน,Pteromyini spp.,Asia,25,8,omnivore,arboreal,nocturnal,nervous,low,hard,no,tall climbing enclosure,22-28,50-80,pairs/groups,ต้องตรวจสอบสถานะรายชนิดจากชื่อวิทยาศาสตร์ก่อนครอบครอง ค้า เพาะพันธุ์ หรือนำเข้า-ส่งออก และผู้เลี้ยงต้องจัดสวัสดิภาพสัตว์ตามกฎหมาย,พ.ร.บ. สงวนและคุ้มครองสัตว์ป่า พ.ศ. 2562; พ.ร.บ. ป้องกันการทารุณกรรมและการจัดสวัสดิภาพสัตว์ พ.ศ. 2557,ต้องตรวจสอบประกาศรายชนิดเพิ่มเติม,ต้องตรวจสอบรายชนิดเพิ่มเติม,ต้องตรวจสอบว่าต้องแจ้งการครอบครองหรือขอใบอนุญาตหรือไม่,ต้องตรวจสอบประกาศเพิ่มเติม,ต้องตรวจสอบประกาศเพิ่มเติม,ต้องตรวจสอบรายชนิดเพิ่มเติม,ไม่ควรปล่อย,ผู้เลี้ยงต้องจัดสวัสดิภาพสัตว์ให้เหมาะสมและห้ามทารุณกรรมสัตว์,ต้องตรวจสอบสถานะรายชนิดจากชื่อวิทยาศาสตร์ก่อนครอบครอง ค้า เพาะพันธุ์ หรือนำเข้า-ส่งออก และผู้เลี้ยงต้องจัดสวัสดิภาพสัตว์ตามกฎหมาย,medium,no,5000-30000,Mammal Diversity Database,https://www.mammaldiversity.org/,IUCN Red List; CITES Checklist,https://www.iucnredlist.org/ | https://checklist.cites.org/,Thailand Wildlife Preservation and Protection Act B.E. 2562 (uploaded PDF); Thailand Animal Welfare Act B.E. 2557 (uploaded PDF),uploaded:ACT_WILD-ANIMAL_2562.pdf | uploaded:law87.pdf | https://checklist.cites.org/,medium,legacy-row-needs-source-backfill,"Legacy row retained from the original dataset. Category-level taxonomy and legal reference sources have been added, but row-level husbandry and pricing sources should still be backfilled before production use."
EXO073,Mammal,Exotic Mammal,Ferret,เฟอเรท,Mustela putorius furo,Europe,50,8,carnivore,terrestrial,crepuscular,playful,medium,medium,no,large ferret cage + play area,18-24,40-60,pairs/groups,ต้องตรวจสอบสถานะรายชนิดจากชื่อวิทยาศาสตร์ก่อนครอบครอง ค้า เพาะพันธุ์ หรือนำเข้า-ส่งออก และผู้เลี้ยงต้องจัดสวัสดิภาพสัตว์ตามกฎหมาย,พ.ร.บ. สงวนและคุ้มครองสัตว์ป่า พ.ศ. 2562; พ.ร.บ. ป้องกันการทารุณกรรมและการจัดสวัสดิภาพสัตว์ พ.ศ. 2557,ต้องตรวจสอบประกาศรายชนิดเพิ่มเติม,ต้องตรวจสอบรายชนิดเพิ่มเติม,ต้องตรวจสอบว่าต้องแจ้งการครอบครองหรือขอใบอนุญาตหรือไม่,ต้องตรวจสอบประกาศเพิ่มเติม,ต้องตรวจสอบประกาศเพิ่มเติม,ต้องตรวจสอบรายชนิดเพิ่มเติม,ไม่ควรปล่อย,ผู้เลี้ยงต้องจัดสวัสดิภาพสัตว์ให้เหมาะสมและห้ามทารุณกรรมสัตว์,ต้องตรวจสอบสถานะรายชนิดจากชื่อวิทยาศาสตร์ก่อนครอบครอง ค้า เพาะพันธุ์ หรือนำเข้า-ส่งออก และผู้เลี้ยงต้องจัดสวัสดิภาพสัตว์ตามกฎหมาย,medium,no,3000-15000,Mammal Diversity Database,https://www.mammaldiversity.org/,IUCN Red List; CITES Checklist,https://www.iucnredlist.org/ | https://checklist.cites.org/,Thailand Wildlife Preservation and Protection Act B.E. 2562 (uploaded PDF); Thailand Animal Welfare Act B.E. 2557 (uploaded PDF),uploaded:ACT_WILD-ANIMAL_2562.pdf | uploaded:law87.pdf | https://checklist.cites.org/,medium,legacy-row-needs-source-backfill,"Legacy row retained from the original dataset. Category-level taxonomy and legal reference sources have been added, but row-level husbandry and pricing sources should still be backfilled before production use."
EXO074,Mammal,Exotic Mammal,Hedgehog,เฮดจ์ฮอก,Atelerix albiventris,Africa,20,6,insectivore,terrestrial,nocturnal,shy,low,easy,yes,hedgehog cage,24-28,40-60,solitary,ต้องตรวจสอบสถานะรายชนิดจากชื่อวิทยาศาสตร์ก่อนครอบครอง ค้า เพาะพันธุ์ หรือนำเข้า-ส่งออก และผู้เลี้ยงต้องจัดสวัสดิภาพสัตว์ตามกฎหมาย,พ.ร.บ. สงวนและคุ้มครองสัตว์ป่า พ.ศ. 2562; พ.ร.บ. ป้องกันการทารุณกรรมและการจัดสวัสดิภาพสัตว์ พ.ศ. 2557,ต้องตรวจสอบประกาศรายชนิดเพิ่มเติม,ต้องตรวจสอบรายชนิดเพิ่มเติม,ต้องตรวจสอบว่าต้องแจ้งการครอบครองหรือขอใบอนุญาตหรือไม่,ต้องตรวจสอบประกาศเพิ่มเติม,ต้องตรวจสอบประกาศเพิ่มเติม,ต้องตรวจสอบรายชนิดเพิ่มเติม,ไม่ควรปล่อย,ผู้เลี้ยงต้องจัดสวัสดิภาพสัตว์ให้เหมาะสมและห้ามทารุณกรรมสัตว์,ต้องตรวจสอบสถานะรายชนิดจากชื่อวิทยาศาสตร์ก่อนครอบครอง ค้า เพาะพันธุ์ หรือนำเข้า-ส่งออก และผู้เลี้ยงต้องจัดสวัสดิภาพสัตว์ตามกฎหมาย,low,no,1500-8000,Mammal Diversity Database,https://www.mammaldiversity.org/,IUCN Red List; CITES Checklist,https://www.iucnredlist.org/ | https://checklist.cites.org/,Thailand Wildlife Preservation and Protection Act B.E. 2562 (uploaded PDF); Thailand Animal Welfare Act B.E. 2557 (uploaded PDF),uploaded:ACT_WILD-ANIMAL_2562.pdf | uploaded:law87.pdf | https://checklist.cites.org/,medium,legacy-row-needs-source-backfill,"Legacy row retained from the original dataset. Category-level taxonomy and legal reference sources have been added, but row-level husbandry and pricing sources should still be backfilled before production use."
EXO075,Mammal,Exotic Mammal,Sugar Glider,ชูการ์ไกลเดอร์,Petaurus breviceps,Australia,30,12,omnivore,arboreal,nocturnal,social,medium,medium,no,tall colony cage,22-28,40-70,pairs/groups,ต้องตรวจสอบสถานะรายชนิดจากชื่อวิทยาศาสตร์ก่อนครอบครอง ค้า เพาะพันธุ์ หรือนำเข้า-ส่งออก และผู้เลี้ยงต้องจัดสวัสดิภาพสัตว์ตามกฎหมาย,พ.ร.บ. สงวนและคุ้มครองสัตว์ป่า พ.ศ. 2562; พ.ร.บ. ป้องกันการทารุณกรรมและการจัดสวัสดิภาพสัตว์ พ.ศ. 2557,ต้องตรวจสอบประกาศรายชนิดเพิ่มเติม,ต้องตรวจสอบรายชนิดเพิ่มเติม,ต้องตรวจสอบว่าต้องแจ้งการครอบครองหรือขอใบอนุญาตหรือไม่,ต้องตรวจสอบประกาศเพิ่มเติม,ต้องตรวจสอบประกาศเพิ่มเติม,ต้องตรวจสอบรายชนิดเพิ่มเติม,ไม่ควรปล่อย,ผู้เลี้ยงต้องจัดสวัสดิภาพสัตว์ให้เหมาะสมและห้ามทารุณกรรมสัตว์,ต้องตรวจสอบสถานะรายชนิดจากชื่อวิทยาศาสตร์ก่อนครอบครอง ค้า เพาะพันธุ์ หรือนำเข้า-ส่งออก และผู้เลี้ยงต้องจัดสวัสดิภาพสัตว์ตามกฎหมาย,low,no,2000-10000,Mammal Diversity Database,https://www.mammaldiversity.org/,IUCN Red List; CITES Checklist,https://www.iucnredlist.org/ | https://checklist.cites.org/,Thailand Wildlife Preservation and Protection Act B.E. 2562 (uploaded PDF); Thailand Animal Welfare Act B.E. 2557 (uploaded PDF),uploaded:ACT_WILD-ANIMAL_2562.pdf | uploaded:law87.pdf | https://checklist.cites.org/,medium,legacy-row-needs-source-backfill,"Legacy row retained from the original dataset. Category-level taxonomy and legal reference sources have been added, but row-level husbandry and pricing sources should still be backfilled before production use."
EXO076,Mammal,Exotic Mammal,Meerkat,เมียร์แคต,Suricata suricatta,Africa,35,12,insectivore,terrestrial,diurnal,social,high,expert,no,large enriched enclosure,24-32,20-40,groups,ต้องตรวจสอบสถานะรายชนิดจากชื่อวิทยาศาสตร์ก่อนครอบครอง ค้า เพาะพันธุ์ หรือนำเข้า-ส่งออก และผู้เลี้ยงต้องจัดสวัสดิภาพสัตว์ตามกฎหมาย,พ.ร.บ. สงวนและคุ้มครองสัตว์ป่า พ.ศ. 2562; พ.ร.บ. ป้องกันการทารุณกรรมและการจัดสวัสดิภาพสัตว์ พ.ศ. 2557,ต้องตรวจสอบประกาศรายชนิดเพิ่มเติม,ต้องตรวจสอบรายชนิดเพิ่มเติม,ต้องตรวจสอบว่าต้องแจ้งการครอบครองหรือขอใบอนุญาตหรือไม่,ต้องตรวจสอบประกาศเพิ่มเติม,ต้องตรวจสอบประกาศเพิ่มเติม,ต้องตรวจสอบรายชนิดเพิ่มเติม,ไม่ควรปล่อย,ผู้เลี้ยงต้องจัดสวัสดิภาพสัตว์ให้เหมาะสมและห้ามทารุณกรรมสัตว์,ต้องตรวจสอบสถานะรายชนิดจากชื่อวิทยาศาสตร์ก่อนครอบครอง ค้า เพาะพันธุ์ หรือนำเข้า-ส่งออก และผู้เลี้ยงต้องจัดสวัสดิภาพสัตว์ตามกฎหมาย,medium,no,40000-150000,Mammal Diversity Database,https://www.mammaldiversity.org/,IUCN Red List; CITES Checklist,https://www.iucnredlist.org/ | https://checklist.cites.org/,Thailand Wildlife Preservation and Protection Act B.E. 2562 (uploaded PDF); Thailand Animal Welfare Act B.E. 2557 (uploaded PDF),uploaded:ACT_WILD-ANIMAL_2562.pdf | uploaded:law87.pdf | https://checklist.cites.org/,medium,legacy-row-needs-source-backfill,"Legacy row retained from the original dataset. Category-level taxonomy and legal reference sources have been added, but row-level husbandry and pricing sources should still be backfilled before production use."
EXO077,Mammal,Exotic Mammal,Fennec Fox,เฟนเนกฟ็อกซ์,Vulpes zerda,Africa,40,12,omnivore,terrestrial,nocturnal,active,medium,hard,no,secure outdoor/indoor enclosure,22-30,20-40,pairs,ต้องตรวจสอบสถานะรายชนิดจากชื่อวิทยาศาสตร์ก่อนครอบครอง ค้า เพาะพันธุ์ หรือนำเข้า-ส่งออก และผู้เลี้ยงต้องจัดสวัสดิภาพสัตว์ตามกฎหมาย,พ.ร.บ. สงวนและคุ้มครองสัตว์ป่า พ.ศ. 2562; พ.ร.บ. ป้องกันการทารุณกรรมและการจัดสวัสดิภาพสัตว์ พ.ศ. 2557,ต้องตรวจสอบประกาศรายชนิดเพิ่มเติม,ต้องตรวจสอบรายชนิดเพิ่มเติม,ต้องตรวจสอบว่าต้องแจ้งการครอบครองหรือขอใบอนุญาตหรือไม่,ต้องตรวจสอบประกาศเพิ่มเติม,ต้องตรวจสอบประกาศเพิ่มเติม,ต้องตรวจสอบรายชนิดเพิ่มเติม,ไม่ควรปล่อย,ผู้เลี้ยงต้องจัดสวัสดิภาพสัตว์ให้เหมาะสมและห้ามทารุณกรรมสัตว์,ต้องตรวจสอบสถานะรายชนิดจากชื่อวิทยาศาสตร์ก่อนครอบครอง ค้า เพาะพันธุ์ หรือนำเข้า-ส่งออก และผู้เลี้ยงต้องจัดสวัสดิภาพสัตว์ตามกฎหมาย,medium,no,50000-200000,Mammal Diversity Database,https://www.mammaldiversity.org/,IUCN Red List; CITES Checklist,https://www.iucnredlist.org/ | https://checklist.cites.org/,Thailand Wildlife Preservation and Protection Act B.E. 2562 (uploaded PDF); Thailand Animal Welfare Act B.E. 2557 (uploaded PDF),uploaded:ACT_WILD-ANIMAL_2562.pdf | uploaded:law87.pdf | https://checklist.cites.org/,medium,legacy-row-needs-source-backfill,"Legacy row retained from the original dataset. Category-level taxonomy and legal reference sources have been added, but row-level husbandry and pricing sources should still be backfilled before production use."
EXO078,Mammal,Exotic Mammal,Raccoon,แรคคูน,Procyon lotor,North America,70,15,omnivore,terrestrial,nocturnal,mischievous,high,hard,no,secure enriched enclosure,18-28,40-70,solitary,ต้องตรวจสอบสถานะรายชนิดจากชื่อวิทยาศาสตร์ก่อนครอบครอง ค้า เพาะพันธุ์ หรือนำเข้า-ส่งออก และผู้เลี้ยงต้องจัดสวัสดิภาพสัตว์ตามกฎหมาย,พ.ร.บ. สงวนและคุ้มครองสัตว์ป่า พ.ศ. 2562; พ.ร.บ. ป้องกันการทารุณกรรมและการจัดสวัสดิภาพสัตว์ พ.ศ. 2557,ต้องตรวจสอบประกาศรายชนิดเพิ่มเติม,ต้องตรวจสอบรายชนิดเพิ่มเติม,ต้องตรวจสอบว่าต้องแจ้งการครอบครองหรือขอใบอนุญาตหรือไม่,ต้องตรวจสอบประกาศเพิ่มเติม,ต้องตรวจสอบประกาศเพิ่มเติม,ต้องตรวจสอบรายชนิดเพิ่มเติม,ไม่ควรปล่อย,ผู้เลี้ยงต้องจัดสวัสดิภาพสัตว์ให้เหมาะสมและห้ามทารุณกรรมสัตว์,ต้องตรวจสอบสถานะรายชนิดจากชื่อวิทยาศาสตร์ก่อนครอบครอง ค้า เพาะพันธุ์ หรือนำเข้า-ส่งออก และผู้เลี้ยงต้องจัดสวัสดิภาพสัตว์ตามกฎหมาย,medium,no,30000-120000,Mammal Diversity Database,https://www.mammaldiversity.org/,IUCN Red List; CITES Checklist,https://www.iucnredlist.org/ | https://checklist.cites.org/,Thailand Wildlife Preservation and Protection Act B.E. 2562 (uploaded PDF); Thailand Animal Welfare Act B.E. 2557 (uploaded PDF),uploaded:ACT_WILD-ANIMAL_2562.pdf | uploaded:law87.pdf | https://checklist.cites.org/,medium,legacy-row-needs-source-backfill,"Legacy row retained from the original dataset. Category-level taxonomy and legal reference sources have been added, but row-level husbandry and pricing sources should still be backfilled before production use."
EXO079,Mammal,Exotic Mammal,Striped Skunk,สกังก์,Mephitis mephitis,North America,60,10,omnivore,terrestrial,crepuscular,curious,medium,hard,no,secure enclosure,18-26,40-60,solitary,ต้องตรวจสอบสถานะรายชนิดจากชื่อวิทยาศาสตร์ก่อนครอบครอง ค้า เพาะพันธุ์ หรือนำเข้า-ส่งออก และผู้เลี้ยงต้องจัดสวัสดิภาพสัตว์ตามกฎหมาย,พ.ร.บ. สงวนและคุ้มครองสัตว์ป่า พ.ศ. 2562; พ.ร.บ. ป้องกันการทารุณกรรมและการจัดสวัสดิภาพสัตว์ พ.ศ. 2557,ต้องตรวจสอบประกาศรายชนิดเพิ่มเติม,ต้องตรวจสอบรายชนิดเพิ่มเติม,ต้องตรวจสอบว่าต้องแจ้งการครอบครองหรือขอใบอนุญาตหรือไม่,ต้องตรวจสอบประกาศเพิ่มเติม,ต้องตรวจสอบประกาศเพิ่มเติม,ต้องตรวจสอบรายชนิดเพิ่มเติม,ไม่ควรปล่อย,ผู้เลี้ยงต้องจัดสวัสดิภาพสัตว์ให้เหมาะสมและห้ามทารุณกรรมสัตว์,ต้องตรวจสอบสถานะรายชนิดจากชื่อวิทยาศาสตร์ก่อนครอบครอง ค้า เพาะพันธุ์ หรือนำเข้า-ส่งออก และผู้เลี้ยงต้องจัดสวัสดิภาพสัตว์ตามกฎหมาย,medium,spray-risk,30000-150000,Mammal Diversity Database,https://www.mammaldiversity.org/,IUCN Red List; CITES Checklist,https://www.iucnredlist.org/ | https://checklist.cites.org/,Thailand Wildlife Preservation and Protection Act B.E. 2562 (uploaded PDF); Thailand Animal Welfare Act B.E. 2557 (uploaded PDF),uploaded:ACT_WILD-ANIMAL_2562.pdf | uploaded:law87.pdf | https://checklist.cites.org/,medium,legacy-row-needs-source-backfill,"Legacy row retained from the original dataset. Category-level taxonomy and legal reference sources have been added, but row-level husbandry and pricing sources should still be backfilled before production use."
EXO080,Mammal,Exotic Mammal,Wallaby,วอลลาบี,Macropus rufogriseus,Australia,90,14,herbivore,terrestrial,crepuscular,sensitive,low,hard,no,large outdoor yard,18-28,30-60,pairs/groups,ต้องตรวจสอบสถานะรายชนิดจากชื่อวิทยาศาสตร์ก่อนครอบครอง ค้า เพาะพันธุ์ หรือนำเข้า-ส่งออก และผู้เลี้ยงต้องจัดสวัสดิภาพสัตว์ตามกฎหมาย,พ.ร.บ. สงวนและคุ้มครองสัตว์ป่า พ.ศ. 2562; พ.ร.บ. ป้องกันการทารุณกรรมและการจัดสวัสดิภาพสัตว์ พ.ศ. 2557,ต้องตรวจสอบประกาศรายชนิดเพิ่มเติม,ต้องตรวจสอบรายชนิดเพิ่มเติม,ต้องตรวจสอบว่าต้องแจ้งการครอบครองหรือขอใบอนุญาตหรือไม่,ต้องตรวจสอบประกาศเพิ่มเติม,ต้องตรวจสอบประกาศเพิ่มเติม,ต้องตรวจสอบรายชนิดเพิ่มเติม,ไม่ควรปล่อย,ผู้เลี้ยงต้องจัดสวัสดิภาพสัตว์ให้เหมาะสมและห้ามทารุณกรรมสัตว์,ต้องตรวจสอบสถานะรายชนิดจากชื่อวิทยาศาสตร์ก่อนครอบครอง ค้า เพาะพันธุ์ หรือนำเข้า-ส่งออก และผู้เลี้ยงต้องจัดสวัสดิภาพสัตว์ตามกฎหมาย,low,no,50000-250000,Mammal Diversity Database,https://www.mammaldiversity.org/,IUCN Red List; CITES Checklist,https://www.iucnredlist.org/ | https://checklist.cites.org/,Thailand Wildlife Preservation and Protection Act B.E. 2562 (uploaded PDF); Thailand Animal Welfare Act B.E. 2557 (uploaded PDF),uploaded:ACT_WILD-ANIMAL_2562.pdf | uploaded:law87.pdf | https://checklist.cites.org/,medium,legacy-row-needs-source-backfill,"Legacy row retained from the original dataset. Category-level taxonomy and legal reference sources have been added, but row-level husbandry and pricing sources should still be backfilled before production use."
EXO081,Mammal,Exotic Mammal,Common Marmoset,มาร์โมเสท,Callithrix jacchus,South America,30,15,omnivore,arboreal,diurnal,social,high,expert,no,large primate enclosure,24-30,50-80,pairs/groups,ต้องตรวจสอบสถานะรายชนิดจากชื่อวิทยาศาสตร์ก่อนครอบครอง ค้า เพาะพันธุ์ หรือนำเข้า-ส่งออก และผู้เลี้ยงต้องจัดสวัสดิภาพสัตว์ตามกฎหมาย,พ.ร.บ. สงวนและคุ้มครองสัตว์ป่า พ.ศ. 2562; พ.ร.บ. ป้องกันการทารุณกรรมและการจัดสวัสดิภาพสัตว์ พ.ศ. 2557,ต้องตรวจสอบประกาศรายชนิดเพิ่มเติม,ต้องตรวจสอบรายชนิดเพิ่มเติม,ต้องตรวจสอบว่าต้องแจ้งการครอบครองหรือขอใบอนุญาตหรือไม่,ต้องตรวจสอบประกาศเพิ่มเติม,ต้องตรวจสอบประกาศเพิ่มเติม,ต้องตรวจสอบรายชนิดเพิ่มเติม,ไม่ควรปล่อย,ผู้เลี้ยงต้องจัดสวัสดิภาพสัตว์ให้เหมาะสมและห้ามทารุณกรรมสัตว์,ต้องตรวจสอบสถานะรายชนิดจากชื่อวิทยาศาสตร์ก่อนครอบครอง ค้า เพาะพันธุ์ หรือนำเข้า-ส่งออก และผู้เลี้ยงต้องจัดสวัสดิภาพสัตว์ตามกฎหมาย,medium,no,70000-250000,Mammal Diversity Database,https://www.mammaldiversity.org/,IUCN Red List; CITES Checklist,https://www.iucnredlist.org/ | https://checklist.cites.org/,Thailand Wildlife Preservation and Protection Act B.E. 2562 (uploaded PDF); Thailand Animal Welfare Act B.E. 2557 (uploaded PDF),uploaded:ACT_WILD-ANIMAL_2562.pdf | uploaded:law87.pdf | https://checklist.cites.org/,medium,legacy-row-needs-source-backfill,"Legacy row retained from the original dataset. Category-level taxonomy and legal reference sources have been added, but row-level husbandry and pricing sources should still be backfilled before production use."
EXO082,Mammal,Exotic Mammal,Capuchin Monkey,คาปูชิน,Cebus capucinus,Central America,45,25,omnivore,arboreal,diurnal,intelligent,high,expert,no,large primate enclosure,24-30,50-80,groups,ต้องตรวจสอบสถานะรายชนิดจากชื่อวิทยาศาสตร์ก่อนครอบครอง ค้า เพาะพันธุ์ หรือนำเข้า-ส่งออก และผู้เลี้ยงต้องจัดสวัสดิภาพสัตว์ตามกฎหมาย,พ.ร.บ. สงวนและคุ้มครองสัตว์ป่า พ.ศ. 2562; พ.ร.บ. ป้องกันการทารุณกรรมและการจัดสวัสดิภาพสัตว์ พ.ศ. 2557,ต้องตรวจสอบประกาศรายชนิดเพิ่มเติม,ต้องตรวจสอบรายชนิดเพิ่มเติม,ต้องตรวจสอบว่าต้องแจ้งการครอบครองหรือขอใบอนุญาตหรือไม่,ต้องตรวจสอบประกาศเพิ่มเติม,ต้องตรวจสอบประกาศเพิ่มเติม,ต้องตรวจสอบรายชนิดเพิ่มเติม,ไม่ควรปล่อย,ผู้เลี้ยงต้องจัดสวัสดิภาพสัตว์ให้เหมาะสมและห้ามทารุณกรรมสัตว์,ต้องตรวจสอบสถานะรายชนิดจากชื่อวิทยาศาสตร์ก่อนครอบครอง ค้า เพาะพันธุ์ หรือนำเข้า-ส่งออก และผู้เลี้ยงต้องจัดสวัสดิภาพสัตว์ตามกฎหมาย,high,no,150000-500000,Mammal Diversity Database,https://www.mammaldiversity.org/,IUCN Red List; CITES Checklist,https://www.iucnredlist.org/ | https://checklist.cites.org/,Thailand Wildlife Preservation and Protection Act B.E. 2562 (uploaded PDF); Thailand Animal Welfare Act B.E. 2557 (uploaded PDF),uploaded:ACT_WILD-ANIMAL_2562.pdf | uploaded:law87.pdf | https://checklist.cites.org/,medium,legacy-row-needs-source-backfill,"Legacy row retained from the original dataset. Category-level taxonomy and legal reference sources have been added, but row-level husbandry and pricing sources should still be backfilled before production use."
EXO083,Mammal,Exotic Mammal,Civet,ชะมด,Paradoxurus hermaphroditus,Asia,60,15,omnivore,arboreal,nocturnal,independent,high,expert,no,large secure enclosure,22-30,50-80,solitary,ต้องตรวจสอบสถานะรายชนิดจากชื่อวิทยาศาสตร์ก่อนครอบครอง ค้า เพาะพันธุ์ หรือนำเข้า-ส่งออก และผู้เลี้ยงต้องจัดสวัสดิภาพสัตว์ตามกฎหมาย,พ.ร.บ. สงวนและคุ้มครองสัตว์ป่า พ.ศ. 2562; พ.ร.บ. ป้องกันการทารุณกรรมและการจัดสวัสดิภาพสัตว์ พ.ศ. 2557,ต้องตรวจสอบประกาศรายชนิดเพิ่มเติม,ต้องตรวจสอบรายชนิดเพิ่มเติม,ต้องตรวจสอบว่าต้องแจ้งการครอบครองหรือขอใบอนุญาตหรือไม่,ต้องตรวจสอบประกาศเพิ่มเติม,ต้องตรวจสอบประกาศเพิ่มเติม,ต้องตรวจสอบรายชนิดเพิ่มเติม,ไม่ควรปล่อย,ผู้เลี้ยงต้องจัดสวัสดิภาพสัตว์ให้เหมาะสมและห้ามทารุณกรรมสัตว์,ต้องตรวจสอบสถานะรายชนิดจากชื่อวิทยาศาสตร์ก่อนครอบครอง ค้า เพาะพันธุ์ หรือนำเข้า-ส่งออก และผู้เลี้ยงต้องจัดสวัสดิภาพสัตว์ตามกฎหมาย,medium,no,30000-150000,Mammal Diversity Database,https://www.mammaldiversity.org/,IUCN Red List; CITES Checklist,https://www.iucnredlist.org/ | https://checklist.cites.org/,Thailand Wildlife Preservation and Protection Act B.E. 2562 (uploaded PDF); Thailand Animal Welfare Act B.E. 2557 (uploaded PDF),uploaded:ACT_WILD-ANIMAL_2562.pdf | uploaded:law87.pdf | https://checklist.cites.org/,medium,legacy-row-needs-source-backfill,"Legacy row retained from the original dataset. Category-level taxonomy and legal reference sources have been added, but row-level husbandry and pricing sources should still be backfilled before production use."
EXO084,Mammal,Exotic Mammal,Kinkajou,คินคาจู,Potos flavus,Central America,60,20,omnivore,arboreal,nocturnal,social,high,expert,no,large arboreal enclosure,24-30,60-80,pairs,ต้องตรวจสอบสถานะรายชนิดจากชื่อวิทยาศาสตร์ก่อนครอบครอง ค้า เพาะพันธุ์ หรือนำเข้า-ส่งออก และผู้เลี้ยงต้องจัดสวัสดิภาพสัตว์ตามกฎหมาย,พ.ร.บ. สงวนและคุ้มครองสัตว์ป่า พ.ศ. 2562; พ.ร.บ. ป้องกันการทารุณกรรมและการจัดสวัสดิภาพสัตว์ พ.ศ. 2557,ต้องตรวจสอบประกาศรายชนิดเพิ่มเติม,ต้องตรวจสอบรายชนิดเพิ่มเติม,ต้องตรวจสอบว่าต้องแจ้งการครอบครองหรือขอใบอนุญาตหรือไม่,ต้องตรวจสอบประกาศเพิ่มเติม,ต้องตรวจสอบประกาศเพิ่มเติม,ต้องตรวจสอบรายชนิดเพิ่มเติม,ไม่ควรปล่อย,ผู้เลี้ยงต้องจัดสวัสดิภาพสัตว์ให้เหมาะสมและห้ามทารุณกรรมสัตว์,ต้องตรวจสอบสถานะรายชนิดจากชื่อวิทยาศาสตร์ก่อนครอบครอง ค้า เพาะพันธุ์ หรือนำเข้า-ส่งออก และผู้เลี้ยงต้องจัดสวัสดิภาพสัตว์ตามกฎหมาย,medium,no,60000-250000,Mammal Diversity Database,https://www.mammaldiversity.org/,IUCN Red List; CITES Checklist,https://www.iucnredlist.org/ | https://checklist.cites.org/,Thailand Wildlife Preservation and Protection Act B.E. 2562 (uploaded PDF); Thailand Animal Welfare Act B.E. 2557 (uploaded PDF),uploaded:ACT_WILD-ANIMAL_2562.pdf | uploaded:law87.pdf | https://checklist.cites.org/,medium,legacy-row-needs-source-backfill,"Legacy row retained from the original dataset. Category-level taxonomy and legal reference sources have been added, but row-level husbandry and pricing sources should still be backfilled before production use."
EXO085,Bird,Parrot,Cockatiel,ค็อกคาเทล,Nymphicus hollandicus,Australia,32,18,omnivore,arboreal,diurnal,friendly,low,easy,yes,flight cage,22-28,40-60,pairs/groups,ต้องตรวจสอบสถานะรายชนิดจากชื่อวิทยาศาสตร์ก่อนครอบครอง ค้า เพาะพันธุ์ หรือนำเข้า-ส่งออก และผู้เลี้ยงต้องจัดสวัสดิภาพสัตว์ตามกฎหมาย,พ.ร.บ. สงวนและคุ้มครองสัตว์ป่า พ.ศ. 2562; พ.ร.บ. ป้องกันการทารุณกรรมและการจัดสวัสดิภาพสัตว์ พ.ศ. 2557,ต้องตรวจสอบประกาศรายชนิดเพิ่มเติม,ต้องตรวจสอบรายชนิดเพิ่มเติม,ต้องตรวจสอบว่าต้องแจ้งการครอบครองหรือขอใบอนุญาตหรือไม่,ต้องตรวจสอบประกาศเพิ่มเติม,ต้องตรวจสอบประกาศเพิ่มเติม,ต้องตรวจสอบรายชนิดเพิ่มเติม,ไม่ควรปล่อย,ผู้เลี้ยงต้องจัดสวัสดิภาพสัตว์ให้เหมาะสมและห้ามทารุณกรรมสัตว์,ต้องตรวจสอบสถานะรายชนิดจากชื่อวิทยาศาสตร์ก่อนครอบครอง ค้า เพาะพันธุ์ หรือนำเข้า-ส่งออก และผู้เลี้ยงต้องจัดสวัสดิภาพสัตว์ตามกฎหมาย,low,no,800-5000,IOC World Bird List,https://www.worldbirdnames.org/new/,IUCN Red List; CITES Checklist,https://www.iucnredlist.org/ | https://checklist.cites.org/,Thailand Wildlife Preservation and Protection Act B.E. 2562 (uploaded PDF); Thailand Animal Welfare Act B.E. 2557 (uploaded PDF),uploaded:ACT_WILD-ANIMAL_2562.pdf | uploaded:law87.pdf | https://checklist.cites.org/,medium,legacy-row-needs-source-backfill,"Legacy row retained from the original dataset. Category-level taxonomy and legal reference sources have been added, but row-level husbandry and pricing sources should still be backfilled before production use."
EXO086,Bird,Parrot,African Grey Parrot,แอฟริกันเกรย์,Psittacus erithacus,Africa,33,40,omnivore,arboreal,diurnal,intelligent,medium,hard,no,large parrot cage,22-28,50-70,pairs,ต้องตรวจสอบสถานะรายชนิดจากชื่อวิทยาศาสตร์ก่อนครอบครอง ค้า เพาะพันธุ์ หรือนำเข้า-ส่งออก และผู้เลี้ยงต้องจัดสวัสดิภาพสัตว์ตามกฎหมาย,พ.ร.บ. สงวนและคุ้มครองสัตว์ป่า พ.ศ. 2562; พ.ร.บ. ป้องกันการทารุณกรรมและการจัดสวัสดิภาพสัตว์ พ.ศ. 2557,ต้องตรวจสอบประกาศรายชนิดเพิ่มเติม,ต้องตรวจสอบรายชนิดเพิ่มเติม,ต้องตรวจสอบว่าต้องแจ้งการครอบครองหรือขอใบอนุญาตหรือไม่,ต้องตรวจสอบประกาศเพิ่มเติม,ต้องตรวจสอบประกาศเพิ่มเติม,ต้องตรวจสอบรายชนิดเพิ่มเติม,ไม่ควรปล่อย,ผู้เลี้ยงต้องจัดสวัสดิภาพสัตว์ให้เหมาะสมและห้ามทารุณกรรมสัตว์,ต้องตรวจสอบสถานะรายชนิดจากชื่อวิทยาศาสตร์ก่อนครอบครอง ค้า เพาะพันธุ์ หรือนำเข้า-ส่งออก และผู้เลี้ยงต้องจัดสวัสดิภาพสัตว์ตามกฎหมาย,medium,no,30000-120000,IOC World Bird List,https://www.worldbirdnames.org/new/,IUCN Red List; CITES Checklist,https://www.iucnredlist.org/ | https://checklist.cites.org/,Thailand Wildlife Preservation and Protection Act B.E. 2562 (uploaded PDF); Thailand Animal Welfare Act B.E. 2557 (uploaded PDF),uploaded:ACT_WILD-ANIMAL_2562.pdf | uploaded:law87.pdf | https://checklist.cites.org/,medium,legacy-row-needs-source-backfill,"Legacy row retained from the original dataset. Category-level taxonomy and legal reference sources have been added, but row-level husbandry and pricing sources should still be backfilled before production use."
EXO087,Bird,Parrot,Blue-and-gold Macaw,บลูแอนด์โกลด์มาคอว์,Ara ararauna,South America,85,50,omnivore,arboreal,diurnal,social,high,hard,no,aviary/huge cage,24-30,50-70,pairs,ต้องตรวจสอบสถานะรายชนิดจากชื่อวิทยาศาสตร์ก่อนครอบครอง ค้า เพาะพันธุ์ หรือนำเข้า-ส่งออก และผู้เลี้ยงต้องจัดสวัสดิภาพสัตว์ตามกฎหมาย,พ.ร.บ. สงวนและคุ้มครองสัตว์ป่า พ.ศ. 2562; พ.ร.บ. ป้องกันการทารุณกรรมและการจัดสวัสดิภาพสัตว์ พ.ศ. 2557,ต้องตรวจสอบประกาศรายชนิดเพิ่มเติม,ต้องตรวจสอบรายชนิดเพิ่มเติม,ต้องตรวจสอบว่าต้องแจ้งการครอบครองหรือขอใบอนุญาตหรือไม่,ต้องตรวจสอบประกาศเพิ่มเติม,ต้องตรวจสอบประกาศเพิ่มเติม,ต้องตรวจสอบรายชนิดเพิ่มเติม,ไม่ควรปล่อย,ผู้เลี้ยงต้องจัดสวัสดิภาพสัตว์ให้เหมาะสมและห้ามทารุณกรรมสัตว์,ต้องตรวจสอบสถานะรายชนิดจากชื่อวิทยาศาสตร์ก่อนครอบครอง ค้า เพาะพันธุ์ หรือนำเข้า-ส่งออก และผู้เลี้ยงต้องจัดสวัสดิภาพสัตว์ตามกฎหมาย,medium,no,50000-200000,IOC World Bird List,https://www.worldbirdnames.org/new/,IUCN Red List; CITES Checklist,https://www.iucnredlist.org/ | https://checklist.cites.org/,Thailand Wildlife Preservation and Protection Act B.E. 2562 (uploaded PDF); Thailand Animal Welfare Act B.E. 2557 (uploaded PDF),uploaded:ACT_WILD-ANIMAL_2562.pdf | uploaded:law87.pdf | https://checklist.cites.org/,medium,legacy-row-needs-source-backfill,"Legacy row retained from the original dataset. Category-level taxonomy and legal reference sources have been added, but row-level husbandry and pricing sources should still be backfilled before production use."
EXO088,Bird,Parrot,Scarlet Macaw,สการ์เล็ตมาคอว์,Ara macao,South America,85,50,omnivore,arboreal,diurnal,loud,high,hard,no,aviary/huge cage,24-30,50-70,pairs,ต้องตรวจสอบสถานะรายชนิดจากชื่อวิทยาศาสตร์ก่อนครอบครอง ค้า เพาะพันธุ์ หรือนำเข้า-ส่งออก และผู้เลี้ยงต้องจัดสวัสดิภาพสัตว์ตามกฎหมาย,พ.ร.บ. สงวนและคุ้มครองสัตว์ป่า พ.ศ. 2562; พ.ร.บ. ป้องกันการทารุณกรรมและการจัดสวัสดิภาพสัตว์ พ.ศ. 2557,ต้องตรวจสอบประกาศรายชนิดเพิ่มเติม,ต้องตรวจสอบรายชนิดเพิ่มเติม,ต้องตรวจสอบว่าต้องแจ้งการครอบครองหรือขอใบอนุญาตหรือไม่,ต้องตรวจสอบประกาศเพิ่มเติม,ต้องตรวจสอบประกาศเพิ่มเติม,ต้องตรวจสอบรายชนิดเพิ่มเติม,ไม่ควรปล่อย,ผู้เลี้ยงต้องจัดสวัสดิภาพสัตว์ให้เหมาะสมและห้ามทารุณกรรมสัตว์,ต้องตรวจสอบสถานะรายชนิดจากชื่อวิทยาศาสตร์ก่อนครอบครอง ค้า เพาะพันธุ์ หรือนำเข้า-ส่งออก และผู้เลี้ยงต้องจัดสวัสดิภาพสัตว์ตามกฎหมาย,medium,no,60000-250000,IOC World Bird List,https://www.worldbirdnames.org/new/,IUCN Red List; CITES Checklist,https://www.iucnredlist.org/ | https://checklist.cites.org/,Thailand Wildlife Preservation and Protection Act B.E. 2562 (uploaded PDF); Thailand Animal Welfare Act B.E. 2557 (uploaded PDF),uploaded:ACT_WILD-ANIMAL_2562.pdf | uploaded:law87.pdf | https://checklist.cites.org/,medium,legacy-row-needs-source-backfill,"Legacy row retained from the original dataset. Category-level taxonomy and legal reference sources have been added, but row-level husbandry and pricing sources should still be backfilled before production use."
EXO089,Bird,Parrot,Hyacinth Macaw,ไฮยาซินธ์มาคอว์,Anodorhynchus hyacinthinus,South America,100,50,omnivore,arboreal,diurnal,gentle but huge,high,expert,no,aviary/huge cage,24-30,50-70,pairs,ต้องตรวจสอบสถานะรายชนิดจากชื่อวิทยาศาสตร์ก่อนครอบครอง ค้า เพาะพันธุ์ หรือนำเข้า-ส่งออก และผู้เลี้ยงต้องจัดสวัสดิภาพสัตว์ตามกฎหมาย,พ.ร.บ. สงวนและคุ้มครองสัตว์ป่า พ.ศ. 2562; พ.ร.บ. ป้องกันการทารุณกรรมและการจัดสวัสดิภาพสัตว์ พ.ศ. 2557,ต้องตรวจสอบประกาศรายชนิดเพิ่มเติม,ต้องตรวจสอบรายชนิดเพิ่มเติม,ต้องตรวจสอบว่าต้องแจ้งการครอบครองหรือขอใบอนุญาตหรือไม่,ต้องตรวจสอบประกาศเพิ่มเติม,ต้องตรวจสอบประกาศเพิ่มเติม,ต้องตรวจสอบรายชนิดเพิ่มเติม,ไม่ควรปล่อย,ผู้เลี้ยงต้องจัดสวัสดิภาพสัตว์ให้เหมาะสมและห้ามทารุณกรรมสัตว์,ต้องตรวจสอบสถานะรายชนิดจากชื่อวิทยาศาสตร์ก่อนครอบครอง ค้า เพาะพันธุ์ หรือนำเข้า-ส่งออก และผู้เลี้ยงต้องจัดสวัสดิภาพสัตว์ตามกฎหมาย,medium,no,300000-1000000,IOC World Bird List,https://www.worldbirdnames.org/new/,IUCN Red List; CITES Checklist,https://www.iucnredlist.org/ | https://checklist.cites.org/,Thailand Wildlife Preservation and Protection Act B.E. 2562 (uploaded PDF); Thailand Animal Welfare Act B.E. 2557 (uploaded PDF),uploaded:ACT_WILD-ANIMAL_2562.pdf | uploaded:law87.pdf | https://checklist.cites.org/,medium,legacy-row-needs-source-backfill,"Legacy row retained from the original dataset. Category-level taxonomy and legal reference sources have been added, but row-level husbandry and pricing sources should still be backfilled before production use."
EXO090,Bird,Parrot,Sun Conure,ซันคอนัวร์,Aratinga solstitialis,South America,30,25,omnivore,arboreal,diurnal,very social,medium,medium,no,large cage,22-28,50-70,pairs/groups,ต้องตรวจสอบสถานะรายชนิดจากชื่อวิทยาศาสตร์ก่อนครอบครอง ค้า เพาะพันธุ์ หรือนำเข้า-ส่งออก และผู้เลี้ยงต้องจัดสวัสดิภาพสัตว์ตามกฎหมาย,พ.ร.บ. สงวนและคุ้มครองสัตว์ป่า พ.ศ. 2562; พ.ร.บ. ป้องกันการทารุณกรรมและการจัดสวัสดิภาพสัตว์ พ.ศ. 2557,ต้องตรวจสอบประกาศรายชนิดเพิ่มเติม,ต้องตรวจสอบรายชนิดเพิ่มเติม,ต้องตรวจสอบว่าต้องแจ้งการครอบครองหรือขอใบอนุญาตหรือไม่,ต้องตรวจสอบประกาศเพิ่มเติม,ต้องตรวจสอบประกาศเพิ่มเติม,ต้องตรวจสอบรายชนิดเพิ่มเติม,ไม่ควรปล่อย,ผู้เลี้ยงต้องจัดสวัสดิภาพสัตว์ให้เหมาะสมและห้ามทารุณกรรมสัตว์,ต้องตรวจสอบสถานะรายชนิดจากชื่อวิทยาศาสตร์ก่อนครอบครอง ค้า เพาะพันธุ์ หรือนำเข้า-ส่งออก และผู้เลี้ยงต้องจัดสวัสดิภาพสัตว์ตามกฎหมาย,low,no,5000-20000,IOC World Bird List,https://www.worldbirdnames.org/new/,IUCN Red List; CITES Checklist,https://www.iucnredlist.org/ | https://checklist.cites.org/,Thailand Wildlife Preservation and Protection Act B.E. 2562 (uploaded PDF); Thailand Animal Welfare Act B.E. 2557 (uploaded PDF),uploaded:ACT_WILD-ANIMAL_2562.pdf | uploaded:law87.pdf | https://checklist.cites.org/,medium,legacy-row-needs-source-backfill,"Legacy row retained from the original dataset. Category-level taxonomy and legal reference sources have been added, but row-level husbandry and pricing sources should still be backfilled before production use."
EXO091,Bird,Parrot,Green-cheek Conure,กรีนชีคคอนัวร์,Pyrrhura molinae,South America,26,20,omnivore,arboreal,diurnal,playful,low,easy,yes,large cage,22-28,50-70,pairs,ต้องตรวจสอบสถานะรายชนิดจากชื่อวิทยาศาสตร์ก่อนครอบครอง ค้า เพาะพันธุ์ หรือนำเข้า-ส่งออก และผู้เลี้ยงต้องจัดสวัสดิภาพสัตว์ตามกฎหมาย,พ.ร.บ. สงวนและคุ้มครองสัตว์ป่า พ.ศ. 2562; พ.ร.บ. ป้องกันการทารุณกรรมและการจัดสวัสดิภาพสัตว์ พ.ศ. 2557,ต้องตรวจสอบประกาศรายชนิดเพิ่มเติม,ต้องตรวจสอบรายชนิดเพิ่มเติม,ต้องตรวจสอบว่าต้องแจ้งการครอบครองหรือขอใบอนุญาตหรือไม่,ต้องตรวจสอบประกาศเพิ่มเติม,ต้องตรวจสอบประกาศเพิ่มเติม,ต้องตรวจสอบรายชนิดเพิ่มเติม,ไม่ควรปล่อย,ผู้เลี้ยงต้องจัดสวัสดิภาพสัตว์ให้เหมาะสมและห้ามทารุณกรรมสัตว์,ต้องตรวจสอบสถานะรายชนิดจากชื่อวิทยาศาสตร์ก่อนครอบครอง ค้า เพาะพันธุ์ หรือนำเข้า-ส่งออก และผู้เลี้ยงต้องจัดสวัสดิภาพสัตว์ตามกฎหมาย,low,no,3500-15000,IOC World Bird List,https://www.worldbirdnames.org/new/,IUCN Red List; CITES Checklist,https://www.iucnredlist.org/ | https://checklist.cites.org/,Thailand Wildlife Preservation and Protection Act B.E. 2562 (uploaded PDF); Thailand Animal Welfare Act B.E. 2557 (uploaded PDF),uploaded:ACT_WILD-ANIMAL_2562.pdf | uploaded:law87.pdf | https://checklist.cites.org/,medium,legacy-row-needs-source-backfill,"Legacy row retained from the original dataset. Category-level taxonomy and legal reference sources have been added, but row-level husbandry and pricing sources should still be backfilled before production use."
EXO092,Bird,Parrot,Lovebird,เลิฟเบิร์ด,Agapornis roseicollis,Africa,17,15,omnivore,arboreal,diurnal,active,low,easy,yes,flight cage,22-28,40-60,pairs/groups,ต้องตรวจสอบสถานะรายชนิดจากชื่อวิทยาศาสตร์ก่อนครอบครอง ค้า เพาะพันธุ์ หรือนำเข้า-ส่งออก และผู้เลี้ยงต้องจัดสวัสดิภาพสัตว์ตามกฎหมาย,พ.ร.บ. สงวนและคุ้มครองสัตว์ป่า พ.ศ. 2562; พ.ร.บ. ป้องกันการทารุณกรรมและการจัดสวัสดิภาพสัตว์ พ.ศ. 2557,ต้องตรวจสอบประกาศรายชนิดเพิ่มเติม,ต้องตรวจสอบรายชนิดเพิ่มเติม,ต้องตรวจสอบว่าต้องแจ้งการครอบครองหรือขอใบอนุญาตหรือไม่,ต้องตรวจสอบประกาศเพิ่มเติม,ต้องตรวจสอบประกาศเพิ่มเติม,ต้องตรวจสอบรายชนิดเพิ่มเติม,ไม่ควรปล่อย,ผู้เลี้ยงต้องจัดสวัสดิภาพสัตว์ให้เหมาะสมและห้ามทารุณกรรมสัตว์,ต้องตรวจสอบสถานะรายชนิดจากชื่อวิทยาศาสตร์ก่อนครอบครอง ค้า เพาะพันธุ์ หรือนำเข้า-ส่งออก และผู้เลี้ยงต้องจัดสวัสดิภาพสัตว์ตามกฎหมาย,low,no,500-3000,IOC World Bird List,https://www.worldbirdnames.org/new/,IUCN Red List; CITES Checklist,https://www.iucnredlist.org/ | https://checklist.cites.org/,Thailand Wildlife Preservation and Protection Act B.E. 2562 (uploaded PDF); Thailand Animal Welfare Act B.E. 2557 (uploaded PDF),uploaded:ACT_WILD-ANIMAL_2562.pdf | uploaded:law87.pdf | https://checklist.cites.org/,medium,legacy-row-needs-source-backfill,"Legacy row retained from the original dataset. Category-level taxonomy and legal reference sources have been added, but row-level husbandry and pricing sources should still be backfilled before production use."
EXO093,Bird,Parrot,Budgerigar,หงส์หยก,Melopsittacus undulatus,Australia,18,10,omnivore,arboreal,diurnal,friendly,low,easy,yes,flight cage,22-28,40-60,pairs/groups,ต้องตรวจสอบสถานะรายชนิดจากชื่อวิทยาศาสตร์ก่อนครอบครอง ค้า เพาะพันธุ์ หรือนำเข้า-ส่งออก และผู้เลี้ยงต้องจัดสวัสดิภาพสัตว์ตามกฎหมาย,พ.ร.บ. สงวนและคุ้มครองสัตว์ป่า พ.ศ. 2562; พ.ร.บ. ป้องกันการทารุณกรรมและการจัดสวัสดิภาพสัตว์ พ.ศ. 2557,ต้องตรวจสอบประกาศรายชนิดเพิ่มเติม,ต้องตรวจสอบรายชนิดเพิ่มเติม,ต้องตรวจสอบว่าต้องแจ้งการครอบครองหรือขอใบอนุญาตหรือไม่,ต้องตรวจสอบประกาศเพิ่มเติม,ต้องตรวจสอบประกาศเพิ่มเติม,ต้องตรวจสอบรายชนิดเพิ่มเติม,ไม่ควรปล่อย,ผู้เลี้ยงต้องจัดสวัสดิภาพสัตว์ให้เหมาะสมและห้ามทารุณกรรมสัตว์,ต้องตรวจสอบสถานะรายชนิดจากชื่อวิทยาศาสตร์ก่อนครอบครอง ค้า เพาะพันธุ์ หรือนำเข้า-ส่งออก และผู้เลี้ยงต้องจัดสวัสดิภาพสัตว์ตามกฎหมาย,low,no,200-1500,IOC World Bird List,https://www.worldbirdnames.org/new/,IUCN Red List; CITES Checklist,https://www.iucnredlist.org/ | https://checklist.cites.org/,Thailand Wildlife Preservation and Protection Act B.E. 2562 (uploaded PDF); Thailand Animal Welfare Act B.E. 2557 (uploaded PDF),uploaded:ACT_WILD-ANIMAL_2562.pdf | uploaded:law87.pdf | https://checklist.cites.org/,medium,legacy-row-needs-source-backfill,"Legacy row retained from the original dataset. Category-level taxonomy and legal reference sources have been added, but row-level husbandry and pricing sources should still be backfilled before production use."
EXO094,Bird,Parrot,Eclectus Parrot,เอคเคล็คตัส,Eclectus roratus,Indonesia,35,35,omnivore,arboreal,diurnal,calm,medium,hard,no,large parrot cage,24-30,50-70,pairs,ต้องตรวจสอบสถานะรายชนิดจากชื่อวิทยาศาสตร์ก่อนครอบครอง ค้า เพาะพันธุ์ หรือนำเข้า-ส่งออก และผู้เลี้ยงต้องจัดสวัสดิภาพสัตว์ตามกฎหมาย,พ.ร.บ. สงวนและคุ้มครองสัตว์ป่า พ.ศ. 2562; พ.ร.บ. ป้องกันการทารุณกรรมและการจัดสวัสดิภาพสัตว์ พ.ศ. 2557,ต้องตรวจสอบประกาศรายชนิดเพิ่มเติม,ต้องตรวจสอบรายชนิดเพิ่มเติม,ต้องตรวจสอบว่าต้องแจ้งการครอบครองหรือขอใบอนุญาตหรือไม่,ต้องตรวจสอบประกาศเพิ่มเติม,ต้องตรวจสอบประกาศเพิ่มเติม,ต้องตรวจสอบรายชนิดเพิ่มเติม,ไม่ควรปล่อย,ผู้เลี้ยงต้องจัดสวัสดิภาพสัตว์ให้เหมาะสมและห้ามทารุณกรรมสัตว์,ต้องตรวจสอบสถานะรายชนิดจากชื่อวิทยาศาสตร์ก่อนครอบครอง ค้า เพาะพันธุ์ หรือนำเข้า-ส่งออก และผู้เลี้ยงต้องจัดสวัสดิภาพสัตว์ตามกฎหมาย,low,no,25000-90000,IOC World Bird List,https://www.worldbirdnames.org/new/,IUCN Red List; CITES Checklist,https://www.iucnredlist.org/ | https://checklist.cites.org/,Thailand Wildlife Preservation and Protection Act B.E. 2562 (uploaded PDF); Thailand Animal Welfare Act B.E. 2557 (uploaded PDF),uploaded:ACT_WILD-ANIMAL_2562.pdf | uploaded:law87.pdf | https://checklist.cites.org/,medium,legacy-row-needs-source-backfill,"Legacy row retained from the original dataset. Category-level taxonomy and legal reference sources have been added, but row-level husbandry and pricing sources should still be backfilled before production use."
EXO095,Bird,Parrot,Blue-fronted Amazon,บลูฟรอนต์อะเมซอน,Amazona aestiva,South America,38,40,omnivore,arboreal,diurnal,talkative,medium,hard,no,large parrot cage,22-28,50-70,pairs,ต้องตรวจสอบสถานะรายชนิดจากชื่อวิทยาศาสตร์ก่อนครอบครอง ค้า เพาะพันธุ์ หรือนำเข้า-ส่งออก และผู้เลี้ยงต้องจัดสวัสดิภาพสัตว์ตามกฎหมาย,พ.ร.บ. สงวนและคุ้มครองสัตว์ป่า พ.ศ. 2562; พ.ร.บ. ป้องกันการทารุณกรรมและการจัดสวัสดิภาพสัตว์ พ.ศ. 2557,ต้องตรวจสอบประกาศรายชนิดเพิ่มเติม,ต้องตรวจสอบรายชนิดเพิ่มเติม,ต้องตรวจสอบว่าต้องแจ้งการครอบครองหรือขอใบอนุญาตหรือไม่,ต้องตรวจสอบประกาศเพิ่มเติม,ต้องตรวจสอบประกาศเพิ่มเติม,ต้องตรวจสอบรายชนิดเพิ่มเติม,ไม่ควรปล่อย,ผู้เลี้ยงต้องจัดสวัสดิภาพสัตว์ให้เหมาะสมและห้ามทารุณกรรมสัตว์,ต้องตรวจสอบสถานะรายชนิดจากชื่อวิทยาศาสตร์ก่อนครอบครอง ค้า เพาะพันธุ์ หรือนำเข้า-ส่งออก และผู้เลี้ยงต้องจัดสวัสดิภาพสัตว์ตามกฎหมาย,medium,no,20000-80000,IOC World Bird List,https://www.worldbirdnames.org/new/,IUCN Red List; CITES Checklist,https://www.iucnredlist.org/ | https://checklist.cites.org/,Thailand Wildlife Preservation and Protection Act B.E. 2562 (uploaded PDF); Thailand Animal Welfare Act B.E. 2557 (uploaded PDF),uploaded:ACT_WILD-ANIMAL_2562.pdf | uploaded:law87.pdf | https://checklist.cites.org/,medium,legacy-row-needs-source-backfill,"Legacy row retained from the original dataset. Category-level taxonomy and legal reference sources have been added, but row-level husbandry and pricing sources should still be backfilled before production use."
EXO096,Bird,Parrot,Umbrella Cockatoo,อัมเบรลล่าค็อกคาทู,Cacatua alba,Indonesia,46,50,omnivore,arboreal,diurnal,demanding,high,expert,no,aviary/huge cage,24-30,50-70,pairs,ต้องตรวจสอบสถานะรายชนิดจากชื่อวิทยาศาสตร์ก่อนครอบครอง ค้า เพาะพันธุ์ หรือนำเข้า-ส่งออก และผู้เลี้ยงต้องจัดสวัสดิภาพสัตว์ตามกฎหมาย,พ.ร.บ. สงวนและคุ้มครองสัตว์ป่า พ.ศ. 2562; พ.ร.บ. ป้องกันการทารุณกรรมและการจัดสวัสดิภาพสัตว์ พ.ศ. 2557,ต้องตรวจสอบประกาศรายชนิดเพิ่มเติม,ต้องตรวจสอบรายชนิดเพิ่มเติม,ต้องตรวจสอบว่าต้องแจ้งการครอบครองหรือขอใบอนุญาตหรือไม่,ต้องตรวจสอบประกาศเพิ่มเติม,ต้องตรวจสอบประกาศเพิ่มเติม,ต้องตรวจสอบรายชนิดเพิ่มเติม,ไม่ควรปล่อย,ผู้เลี้ยงต้องจัดสวัสดิภาพสัตว์ให้เหมาะสมและห้ามทารุณกรรมสัตว์,ต้องตรวจสอบสถานะรายชนิดจากชื่อวิทยาศาสตร์ก่อนครอบครอง ค้า เพาะพันธุ์ หรือนำเข้า-ส่งออก และผู้เลี้ยงต้องจัดสวัสดิภาพสัตว์ตามกฎหมาย,medium,no,50000-180000,IOC World Bird List,https://www.worldbirdnames.org/new/,IUCN Red List; CITES Checklist,https://www.iucnredlist.org/ | https://checklist.cites.org/,Thailand Wildlife Preservation and Protection Act B.E. 2562 (uploaded PDF); Thailand Animal Welfare Act B.E. 2557 (uploaded PDF),uploaded:ACT_WILD-ANIMAL_2562.pdf | uploaded:law87.pdf | https://checklist.cites.org/,medium,legacy-row-needs-source-backfill,"Legacy row retained from the original dataset. Category-level taxonomy and legal reference sources have been added, but row-level husbandry and pricing sources should still be backfilled before production use."
EXO097,Bird,Parrot,Sulphur-crested Cockatoo,ซัลเฟอร์เครสเต็ดค็อกคาทู,Cacatua galerita,Australia,50,50,omnivore,arboreal,diurnal,loud,high,hard,no,aviary/huge cage,24-30,50-70,pairs,ต้องตรวจสอบสถานะรายชนิดจากชื่อวิทยาศาสตร์ก่อนครอบครอง ค้า เพาะพันธุ์ หรือนำเข้า-ส่งออก และผู้เลี้ยงต้องจัดสวัสดิภาพสัตว์ตามกฎหมาย,พ.ร.บ. สงวนและคุ้มครองสัตว์ป่า พ.ศ. 2562; พ.ร.บ. ป้องกันการทารุณกรรมและการจัดสวัสดิภาพสัตว์ พ.ศ. 2557,ต้องตรวจสอบประกาศรายชนิดเพิ่มเติม,ต้องตรวจสอบรายชนิดเพิ่มเติม,ต้องตรวจสอบว่าต้องแจ้งการครอบครองหรือขอใบอนุญาตหรือไม่,ต้องตรวจสอบประกาศเพิ่มเติม,ต้องตรวจสอบประกาศเพิ่มเติม,ต้องตรวจสอบรายชนิดเพิ่มเติม,ไม่ควรปล่อย,ผู้เลี้ยงต้องจัดสวัสดิภาพสัตว์ให้เหมาะสมและห้ามทารุณกรรมสัตว์,ต้องตรวจสอบสถานะรายชนิดจากชื่อวิทยาศาสตร์ก่อนครอบครอง ค้า เพาะพันธุ์ หรือนำเข้า-ส่งออก และผู้เลี้ยงต้องจัดสวัสดิภาพสัตว์ตามกฎหมาย,medium,no,40000-150000,IOC World Bird List,https://www.worldbirdnames.org/new/,IUCN Red List; CITES Checklist,https://www.iucnredlist.org/ | https://checklist.cites.org/,Thailand Wildlife Preservation and Protection Act B.E. 2562 (uploaded PDF); Thailand Animal Welfare Act B.E. 2557 (uploaded PDF),uploaded:ACT_WILD-ANIMAL_2562.pdf | uploaded:law87.pdf | https://checklist.cites.org/,medium,legacy-row-needs-source-backfill,"Legacy row retained from the original dataset. Category-level taxonomy and legal reference sources have been added, but row-level husbandry and pricing sources should still be backfilled before production use."
EXO098,Bird,Parrot,Indian Ringneck,ริงเน็คพาราคีท,Psittacula krameri,Asia,40,25,omnivore,arboreal,diurnal,active,medium,medium,no,large cage,22-30,40-60,pairs,ต้องตรวจสอบสถานะรายชนิดจากชื่อวิทยาศาสตร์ก่อนครอบครอง ค้า เพาะพันธุ์ หรือนำเข้า-ส่งออก และผู้เลี้ยงต้องจัดสวัสดิภาพสัตว์ตามกฎหมาย,พ.ร.บ. สงวนและคุ้มครองสัตว์ป่า พ.ศ. 2562; พ.ร.บ. ป้องกันการทารุณกรรมและการจัดสวัสดิภาพสัตว์ พ.ศ. 2557,ต้องตรวจสอบประกาศรายชนิดเพิ่มเติม,ต้องตรวจสอบรายชนิดเพิ่มเติม,ต้องตรวจสอบว่าต้องแจ้งการครอบครองหรือขอใบอนุญาตหรือไม่,ต้องตรวจสอบประกาศเพิ่มเติม,ต้องตรวจสอบประกาศเพิ่มเติม,ต้องตรวจสอบรายชนิดเพิ่มเติม,ไม่ควรปล่อย,ผู้เลี้ยงต้องจัดสวัสดิภาพสัตว์ให้เหมาะสมและห้ามทารุณกรรมสัตว์,ต้องตรวจสอบสถานะรายชนิดจากชื่อวิทยาศาสตร์ก่อนครอบครอง ค้า เพาะพันธุ์ หรือนำเข้า-ส่งออก และผู้เลี้ยงต้องจัดสวัสดิภาพสัตว์ตามกฎหมาย,low,no,4000-18000,IOC World Bird List,https://www.worldbirdnames.org/new/,IUCN Red List; CITES Checklist,https://www.iucnredlist.org/ | https://checklist.cites.org/,Thailand Wildlife Preservation and Protection Act B.E. 2562 (uploaded PDF); Thailand Animal Welfare Act B.E. 2557 (uploaded PDF),uploaded:ACT_WILD-ANIMAL_2562.pdf | uploaded:law87.pdf | https://checklist.cites.org/,medium,legacy-row-needs-source-backfill,"Legacy row retained from the original dataset. Category-level taxonomy and legal reference sources have been added, but row-level husbandry and pricing sources should still be backfilled before production use."
EXO099,Bird,Parrot,Black-headed Caique,ไคอิค,Pionites melanocephalus,South America,24,30,omnivore,arboreal,diurnal,clownish,medium,hard,no,large cage,22-28,50-70,pairs,ต้องตรวจสอบสถานะรายชนิดจากชื่อวิทยาศาสตร์ก่อนครอบครอง ค้า เพาะพันธุ์ หรือนำเข้า-ส่งออก และผู้เลี้ยงต้องจัดสวัสดิภาพสัตว์ตามกฎหมาย,พ.ร.บ. สงวนและคุ้มครองสัตว์ป่า พ.ศ. 2562; พ.ร.บ. ป้องกันการทารุณกรรมและการจัดสวัสดิภาพสัตว์ พ.ศ. 2557,ต้องตรวจสอบประกาศรายชนิดเพิ่มเติม,ต้องตรวจสอบรายชนิดเพิ่มเติม,ต้องตรวจสอบว่าต้องแจ้งการครอบครองหรือขอใบอนุญาตหรือไม่,ต้องตรวจสอบประกาศเพิ่มเติม,ต้องตรวจสอบประกาศเพิ่มเติม,ต้องตรวจสอบรายชนิดเพิ่มเติม,ไม่ควรปล่อย,ผู้เลี้ยงต้องจัดสวัสดิภาพสัตว์ให้เหมาะสมและห้ามทารุณกรรมสัตว์,ต้องตรวจสอบสถานะรายชนิดจากชื่อวิทยาศาสตร์ก่อนครอบครอง ค้า เพาะพันธุ์ หรือนำเข้า-ส่งออก และผู้เลี้ยงต้องจัดสวัสดิภาพสัตว์ตามกฎหมาย,low,no,25000-90000,IOC World Bird List,https://www.worldbirdnames.org/new/,IUCN Red List; CITES Checklist,https://www.iucnredlist.org/ | https://checklist.cites.org/,Thailand Wildlife Preservation and Protection Act B.E. 2562 (uploaded PDF); Thailand Animal Welfare Act B.E. 2557 (uploaded PDF),uploaded:ACT_WILD-ANIMAL_2562.pdf | uploaded:law87.pdf | https://checklist.cites.org/,medium,legacy-row-needs-source-backfill,"Legacy row retained from the original dataset. Category-level taxonomy and legal reference sources have been added, but row-level husbandry and pricing sources should still be backfilled before production use."
EXO100,Bird,Parrot,Senegal Parrot,เซเนกัลพาร็อต,Poicephalus senegalus,Africa,23,30,omnivore,arboreal,diurnal,steady,medium,medium,no,large cage,22-28,50-70,pairs,ต้องตรวจสอบสถานะรายชนิดจากชื่อวิทยาศาสตร์ก่อนครอบครอง ค้า เพาะพันธุ์ หรือนำเข้า-ส่งออก และผู้เลี้ยงต้องจัดสวัสดิภาพสัตว์ตามกฎหมาย,พ.ร.บ. สงวนและคุ้มครองสัตว์ป่า พ.ศ. 2562; พ.ร.บ. ป้องกันการทารุณกรรมและการจัดสวัสดิภาพสัตว์ พ.ศ. 2557,ต้องตรวจสอบประกาศรายชนิดเพิ่มเติม,ต้องตรวจสอบรายชนิดเพิ่มเติม,ต้องตรวจสอบว่าต้องแจ้งการครอบครองหรือขอใบอนุญาตหรือไม่,ต้องตรวจสอบประกาศเพิ่มเติม,ต้องตรวจสอบประกาศเพิ่มเติม,ต้องตรวจสอบรายชนิดเพิ่มเติม,ไม่ควรปล่อย,ผู้เลี้ยงต้องจัดสวัสดิภาพสัตว์ให้เหมาะสมและห้ามทารุณกรรมสัตว์,ต้องตรวจสอบสถานะรายชนิดจากชื่อวิทยาศาสตร์ก่อนครอบครอง ค้า เพาะพันธุ์ หรือนำเข้า-ส่งออก และผู้เลี้ยงต้องจัดสวัสดิภาพสัตว์ตามกฎหมาย,low,no,12000-45000,IOC World Bird List,https://www.worldbirdnames.org/new/,IUCN Red List; CITES Checklist,https://www.iucnredlist.org/ | https://checklist.cites.org/,Thailand Wildlife Preservation and Protection Act B.E. 2562 (uploaded PDF); Thailand Animal Welfare Act B.E. 2557 (uploaded PDF),uploaded:ACT_WILD-ANIMAL_2562.pdf | uploaded:law87.pdf | https://checklist.cites.org/,medium,legacy-row-needs-source-backfill,"Legacy row retained from the original dataset. Category-level taxonomy and legal reference sources have been added, but row-level husbandry and pricing sources should still be backfilled before production use."
EXO101,Bird,Parrot,Quaker Parrot,เควกเกอร์พาร็อต,Myiopsitta monachus,South America,30,20,omnivore,arboreal,diurnal,social,medium,medium,no,large cage,22-28,40-60,pairs/groups,ต้องตรวจสอบสถานะรายชนิดจากชื่อวิทยาศาสตร์ก่อนครอบครอง ค้า เพาะพันธุ์ หรือนำเข้า-ส่งออก และผู้เลี้ยงต้องจัดสวัสดิภาพสัตว์ตามกฎหมาย,พ.ร.บ. สงวนและคุ้มครองสัตว์ป่า พ.ศ. 2562; พ.ร.บ. ป้องกันการทารุณกรรมและการจัดสวัสดิภาพสัตว์ พ.ศ. 2557,ต้องตรวจสอบประกาศรายชนิดเพิ่มเติม,ต้องตรวจสอบรายชนิดเพิ่มเติม,ต้องตรวจสอบว่าต้องแจ้งการครอบครองหรือขอใบอนุญาตหรือไม่,ต้องตรวจสอบประกาศเพิ่มเติม,ต้องตรวจสอบประกาศเพิ่มเติม,ต้องตรวจสอบรายชนิดเพิ่มเติม,ไม่ควรปล่อย,ผู้เลี้ยงต้องจัดสวัสดิภาพสัตว์ให้เหมาะสมและห้ามทารุณกรรมสัตว์,ต้องตรวจสอบสถานะรายชนิดจากชื่อวิทยาศาสตร์ก่อนครอบครอง ค้า เพาะพันธุ์ หรือนำเข้า-ส่งออก และผู้เลี้ยงต้องจัดสวัสดิภาพสัตว์ตามกฎหมาย,low,no,5000-25000,IOC World Bird List,https://www.worldbirdnames.org/new/,IUCN Red List; CITES Checklist,https://www.iucnredlist.org/ | https://checklist.cites.org/,Thailand Wildlife Preservation and Protection Act B.E. 2562 (uploaded PDF); Thailand Animal Welfare Act B.E. 2557 (uploaded PDF),uploaded:ACT_WILD-ANIMAL_2562.pdf | uploaded:law87.pdf | https://checklist.cites.org/,medium,legacy-row-needs-source-backfill,"Legacy row retained from the original dataset. Category-level taxonomy and legal reference sources have been added, but row-level husbandry and pricing sources should still be backfilled before production use."
EXO102,Bird,Finch,Zebra Finch,ซีบร้าฟินช์,Taeniopygia guttata,Australia,11,7,omnivore,arboreal,diurnal,active,very low,easy,yes,flight cage,22-28,40-60,groups,ต้องตรวจสอบสถานะรายชนิดจากชื่อวิทยาศาสตร์ก่อนครอบครอง ค้า เพาะพันธุ์ หรือนำเข้า-ส่งออก และผู้เลี้ยงต้องจัดสวัสดิภาพสัตว์ตามกฎหมาย,พ.ร.บ. สงวนและคุ้มครองสัตว์ป่า พ.ศ. 2562; พ.ร.บ. ป้องกันการทารุณกรรมและการจัดสวัสดิภาพสัตว์ พ.ศ. 2557,ต้องตรวจสอบประกาศรายชนิดเพิ่มเติม,ต้องตรวจสอบรายชนิดเพิ่มเติม,ต้องตรวจสอบว่าต้องแจ้งการครอบครองหรือขอใบอนุญาตหรือไม่,ต้องตรวจสอบประกาศเพิ่มเติม,ต้องตรวจสอบประกาศเพิ่มเติม,ต้องตรวจสอบรายชนิดเพิ่มเติม,ไม่ควรปล่อย,ผู้เลี้ยงต้องจัดสวัสดิภาพสัตว์ให้เหมาะสมและห้ามทารุณกรรมสัตว์,ต้องตรวจสอบสถานะรายชนิดจากชื่อวิทยาศาสตร์ก่อนครอบครอง ค้า เพาะพันธุ์ หรือนำเข้า-ส่งออก และผู้เลี้ยงต้องจัดสวัสดิภาพสัตว์ตามกฎหมาย,low,no,200-800,IOC World Bird List,https://www.worldbirdnames.org/new/,IUCN Red List; CITES Checklist,https://www.iucnredlist.org/ | https://checklist.cites.org/,Thailand Wildlife Preservation and Protection Act B.E. 2562 (uploaded PDF); Thailand Animal Welfare Act B.E. 2557 (uploaded PDF),uploaded:ACT_WILD-ANIMAL_2562.pdf | uploaded:law87.pdf | https://checklist.cites.org/,medium,legacy-row-needs-source-backfill,"Legacy row retained from the original dataset. Category-level taxonomy and legal reference sources have been added, but row-level husbandry and pricing sources should still be backfilled before production use."
EXO103,Bird,Finch,Java Sparrow,ชวาสแปร์โรว์,Padda oryzivora,Indonesia,17,10,omnivore,arboreal,diurnal,calm,very low,easy,yes,flight cage,22-28,40-60,pairs/groups,ต้องตรวจสอบสถานะรายชนิดจากชื่อวิทยาศาสตร์ก่อนครอบครอง ค้า เพาะพันธุ์ หรือนำเข้า-ส่งออก และผู้เลี้ยงต้องจัดสวัสดิภาพสัตว์ตามกฎหมาย,พ.ร.บ. สงวนและคุ้มครองสัตว์ป่า พ.ศ. 2562; พ.ร.บ. ป้องกันการทารุณกรรมและการจัดสวัสดิภาพสัตว์ พ.ศ. 2557,ต้องตรวจสอบประกาศรายชนิดเพิ่มเติม,ต้องตรวจสอบรายชนิดเพิ่มเติม,ต้องตรวจสอบว่าต้องแจ้งการครอบครองหรือขอใบอนุญาตหรือไม่,ต้องตรวจสอบประกาศเพิ่มเติม,ต้องตรวจสอบประกาศเพิ่มเติม,ต้องตรวจสอบรายชนิดเพิ่มเติม,ไม่ควรปล่อย,ผู้เลี้ยงต้องจัดสวัสดิภาพสัตว์ให้เหมาะสมและห้ามทารุณกรรมสัตว์,ต้องตรวจสอบสถานะรายชนิดจากชื่อวิทยาศาสตร์ก่อนครอบครอง ค้า เพาะพันธุ์ หรือนำเข้า-ส่งออก และผู้เลี้ยงต้องจัดสวัสดิภาพสัตว์ตามกฎหมาย,low,no,500-3000,IOC World Bird List,https://www.worldbirdnames.org/new/,IUCN Red List; CITES Checklist,https://www.iucnredlist.org/ | https://checklist.cites.org/,Thailand Wildlife Preservation and Protection Act B.E. 2562 (uploaded PDF); Thailand Animal Welfare Act B.E. 2557 (uploaded PDF),uploaded:ACT_WILD-ANIMAL_2562.pdf | uploaded:law87.pdf | https://checklist.cites.org/,medium,legacy-row-needs-source-backfill,"Legacy row retained from the original dataset. Category-level taxonomy and legal reference sources have been added, but row-level husbandry and pricing sources should still be backfilled before production use."
EXO104,Bird,Songbird,Canary,คานารี่,Serinus canaria domestica,Europe,14,10,omnivore,arboreal,diurnal,calm,very low,easy,yes,flight cage,20-26,40-60,pairs,ต้องตรวจสอบสถานะรายชนิดจากชื่อวิทยาศาสตร์ก่อนครอบครอง ค้า เพาะพันธุ์ หรือนำเข้า-ส่งออก และผู้เลี้ยงต้องจัดสวัสดิภาพสัตว์ตามกฎหมาย,พ.ร.บ. สงวนและคุ้มครองสัตว์ป่า พ.ศ. 2562; พ.ร.บ. ป้องกันการทารุณกรรมและการจัดสวัสดิภาพสัตว์ พ.ศ. 2557,ต้องตรวจสอบประกาศรายชนิดเพิ่มเติม,ต้องตรวจสอบรายชนิดเพิ่มเติม,ต้องตรวจสอบว่าต้องแจ้งการครอบครองหรือขอใบอนุญาตหรือไม่,ต้องตรวจสอบประกาศเพิ่มเติม,ต้องตรวจสอบประกาศเพิ่มเติม,ต้องตรวจสอบรายชนิดเพิ่มเติม,ไม่ควรปล่อย,ผู้เลี้ยงต้องจัดสวัสดิภาพสัตว์ให้เหมาะสมและห้ามทารุณกรรมสัตว์,ต้องตรวจสอบสถานะรายชนิดจากชื่อวิทยาศาสตร์ก่อนครอบครอง ค้า เพาะพันธุ์ หรือนำเข้า-ส่งออก และผู้เลี้ยงต้องจัดสวัสดิภาพสัตว์ตามกฎหมาย,low,no,500-5000,IOC World Bird List,https://www.worldbirdnames.org/new/,IUCN Red List; CITES Checklist,https://www.iucnredlist.org/ | https://checklist.cites.org/,Thailand Wildlife Preservation and Protection Act B.E. 2562 (uploaded PDF); Thailand Animal Welfare Act B.E. 2557 (uploaded PDF),uploaded:ACT_WILD-ANIMAL_2562.pdf | uploaded:law87.pdf | https://checklist.cites.org/,medium,legacy-row-needs-source-backfill,"Legacy row retained from the original dataset. Category-level taxonomy and legal reference sources have been added, but row-level husbandry and pricing sources should still be backfilled before production use."
EXO105,Bird,Toucan,Toco Toucan,โทโคทูแคน,Ramphastos toco,South America,60,20,omnivore,arboreal,diurnal,curious,high,expert,no,large aviary,24-30,60-80,pairs,ต้องตรวจสอบสถานะรายชนิดจากชื่อวิทยาศาสตร์ก่อนครอบครอง ค้า เพาะพันธุ์ หรือนำเข้า-ส่งออก และผู้เลี้ยงต้องจัดสวัสดิภาพสัตว์ตามกฎหมาย,พ.ร.บ. สงวนและคุ้มครองสัตว์ป่า พ.ศ. 2562; พ.ร.บ. ป้องกันการทารุณกรรมและการจัดสวัสดิภาพสัตว์ พ.ศ. 2557,ต้องตรวจสอบประกาศรายชนิดเพิ่มเติม,ต้องตรวจสอบรายชนิดเพิ่มเติม,ต้องตรวจสอบว่าต้องแจ้งการครอบครองหรือขอใบอนุญาตหรือไม่,ต้องตรวจสอบประกาศเพิ่มเติม,ต้องตรวจสอบประกาศเพิ่มเติม,ต้องตรวจสอบรายชนิดเพิ่มเติม,ไม่ควรปล่อย,ผู้เลี้ยงต้องจัดสวัสดิภาพสัตว์ให้เหมาะสมและห้ามทารุณกรรมสัตว์,ต้องตรวจสอบสถานะรายชนิดจากชื่อวิทยาศาสตร์ก่อนครอบครอง ค้า เพาะพันธุ์ หรือนำเข้า-ส่งออก และผู้เลี้ยงต้องจัดสวัสดิภาพสัตว์ตามกฎหมาย,medium,no,80000-300000,IOC World Bird List,https://www.worldbirdnames.org/new/,IUCN Red List; CITES Checklist,https://www.iucnredlist.org/ | https://checklist.cites.org/,Thailand Wildlife Preservation and Protection Act B.E. 2562 (uploaded PDF); Thailand Animal Welfare Act B.E. 2557 (uploaded PDF),uploaded:ACT_WILD-ANIMAL_2562.pdf | uploaded:law87.pdf | https://checklist.cites.org/,medium,legacy-row-needs-source-backfill,"Legacy row retained from the original dataset. Category-level taxonomy and legal reference sources have been added, but row-level husbandry and pricing sources should still be backfilled before production use."
EXO106,Bird,Starling,Common Hill Myna,นกเอี้ยงคำ,Gracula religiosa,Asia,30,20,omnivore,arboreal,diurnal,vocal,medium,medium,no,large cage,22-30,50-70,pairs,ต้องตรวจสอบสถานะรายชนิดจากชื่อวิทยาศาสตร์ก่อนครอบครอง ค้า เพาะพันธุ์ หรือนำเข้า-ส่งออก และผู้เลี้ยงต้องจัดสวัสดิภาพสัตว์ตามกฎหมาย,พ.ร.บ. สงวนและคุ้มครองสัตว์ป่า พ.ศ. 2562; พ.ร.บ. ป้องกันการทารุณกรรมและการจัดสวัสดิภาพสัตว์ พ.ศ. 2557,ต้องตรวจสอบประกาศรายชนิดเพิ่มเติม,ต้องตรวจสอบรายชนิดเพิ่มเติม,ต้องตรวจสอบว่าต้องแจ้งการครอบครองหรือขอใบอนุญาตหรือไม่,ต้องตรวจสอบประกาศเพิ่มเติม,ต้องตรวจสอบประกาศเพิ่มเติม,ต้องตรวจสอบรายชนิดเพิ่มเติม,ไม่ควรปล่อย,ผู้เลี้ยงต้องจัดสวัสดิภาพสัตว์ให้เหมาะสมและห้ามทารุณกรรมสัตว์,ต้องตรวจสอบสถานะรายชนิดจากชื่อวิทยาศาสตร์ก่อนครอบครอง ค้า เพาะพันธุ์ หรือนำเข้า-ส่งออก และผู้เลี้ยงต้องจัดสวัสดิภาพสัตว์ตามกฎหมาย,low,no,3000-15000,IOC World Bird List,https://www.worldbirdnames.org/new/,IUCN Red List; CITES Checklist,https://www.iucnredlist.org/ | https://checklist.cites.org/,Thailand Wildlife Preservation and Protection Act B.E. 2562 (uploaded PDF); Thailand Animal Welfare Act B.E. 2557 (uploaded PDF),uploaded:ACT_WILD-ANIMAL_2562.pdf | uploaded:law87.pdf | https://checklist.cites.org/,medium,legacy-row-needs-source-backfill,"Legacy row retained from the original dataset. Category-level taxonomy and legal reference sources have been added, but row-level husbandry and pricing sources should still be backfilled before production use."
EXO107,Aquatic,Fish,Asian Arowana,เอเชียนอโรวาน่า,Scleropages formosus,Southeast Asia,90,15,carnivore,freshwater,diurnal,predatory,low,hard,no,very large aquarium,24-30,,solitary,ต้องตรวจสอบสถานะรายชนิดจากชื่อวิทยาศาสตร์ก่อนครอบครอง ค้า เพาะพันธุ์ หรือนำเข้า-ส่งออก และผู้เลี้ยงต้องจัดสวัสดิภาพสัตว์ตามกฎหมาย,พ.ร.บ. สงวนและคุ้มครองสัตว์ป่า พ.ศ. 2562; พ.ร.บ. ป้องกันการทารุณกรรมและการจัดสวัสดิภาพสัตว์ พ.ศ. 2557,ต้องตรวจสอบประกาศรายชนิดเพิ่มเติม,ต้องตรวจสอบรายชนิดเพิ่มเติม,ต้องตรวจสอบว่าต้องแจ้งการครอบครองหรือขอใบอนุญาตหรือไม่,ต้องตรวจสอบประกาศเพิ่มเติม,ต้องตรวจสอบประกาศเพิ่มเติม,ต้องตรวจสอบรายชนิดเพิ่มเติม,ไม่ควรปล่อย,ผู้เลี้ยงต้องจัดสวัสดิภาพสัตว์ให้เหมาะสมและห้ามทารุณกรรมสัตว์,ต้องตรวจสอบสถานะรายชนิดจากชื่อวิทยาศาสตร์ก่อนครอบครอง ค้า เพาะพันธุ์ หรือนำเข้า-ส่งออก และผู้เลี้ยงต้องจัดสวัสดิภาพสัตว์ตามกฎหมาย,medium,no,20000-500000,FishBase,https://www.fishbase.se/,IUCN Red List; CITES Checklist,https://www.iucnredlist.org/ | https://checklist.cites.org/,Thailand Wildlife Preservation and Protection Act B.E. 2562 (uploaded PDF); Thailand Animal Welfare Act B.E. 2557 (uploaded PDF),uploaded:ACT_WILD-ANIMAL_2562.pdf | uploaded:law87.pdf | https://checklist.cites.org/,medium,legacy-row-needs-source-backfill,"Legacy row retained from the original dataset. Category-level taxonomy and legal reference sources have been added, but row-level husbandry and pricing sources should still be backfilled before production use."
EXO108,Aquatic,Fish,Silver Arowana,ซิลเวอร์อโรวาน่า,Osteoglossum bicirrhosum,South America,100,15,carnivore,freshwater,diurnal,predatory,low,hard,no,very large aquarium,24-30,,solitary,ต้องตรวจสอบสถานะรายชนิดจากชื่อวิทยาศาสตร์ก่อนครอบครอง ค้า เพาะพันธุ์ หรือนำเข้า-ส่งออก และผู้เลี้ยงต้องจัดสวัสดิภาพสัตว์ตามกฎหมาย,พ.ร.บ. สงวนและคุ้มครองสัตว์ป่า พ.ศ. 2562; พ.ร.บ. ป้องกันการทารุณกรรมและการจัดสวัสดิภาพสัตว์ พ.ศ. 2557,ต้องตรวจสอบประกาศรายชนิดเพิ่มเติม,ต้องตรวจสอบรายชนิดเพิ่มเติม,ต้องตรวจสอบว่าต้องแจ้งการครอบครองหรือขอใบอนุญาตหรือไม่,ต้องตรวจสอบประกาศเพิ่มเติม,ต้องตรวจสอบประกาศเพิ่มเติม,ต้องตรวจสอบรายชนิดเพิ่มเติม,ไม่ควรปล่อย,ผู้เลี้ยงต้องจัดสวัสดิภาพสัตว์ให้เหมาะสมและห้ามทารุณกรรมสัตว์,ต้องตรวจสอบสถานะรายชนิดจากชื่อวิทยาศาสตร์ก่อนครอบครอง ค้า เพาะพันธุ์ หรือนำเข้า-ส่งออก และผู้เลี้ยงต้องจัดสวัสดิภาพสัตว์ตามกฎหมาย,medium,no,2500-15000,FishBase,https://www.fishbase.se/,IUCN Red List; CITES Checklist,https://www.iucnredlist.org/ | https://checklist.cites.org/,Thailand Wildlife Preservation and Protection Act B.E. 2562 (uploaded PDF); Thailand Animal Welfare Act B.E. 2557 (uploaded PDF),uploaded:ACT_WILD-ANIMAL_2562.pdf | uploaded:law87.pdf | https://checklist.cites.org/,medium,legacy-row-needs-source-backfill,"Legacy row retained from the original dataset. Category-level taxonomy and legal reference sources have been added, but row-level husbandry and pricing sources should still be backfilled before production use."
EXO109,Aquatic,Fish,Discus,ดิสคัส,Symphysodon aequifasciatus,South America,20,10,omnivore,freshwater,diurnal,sensitive,low,hard,no,planted aquarium,28-31,,groups,ต้องตรวจสอบสถานะรายชนิดจากชื่อวิทยาศาสตร์ก่อนครอบครอง ค้า เพาะพันธุ์ หรือนำเข้า-ส่งออก และผู้เลี้ยงต้องจัดสวัสดิภาพสัตว์ตามกฎหมาย,พ.ร.บ. สงวนและคุ้มครองสัตว์ป่า พ.ศ. 2562; พ.ร.บ. ป้องกันการทารุณกรรมและการจัดสวัสดิภาพสัตว์ พ.ศ. 2557,ต้องตรวจสอบประกาศรายชนิดเพิ่มเติม,ต้องตรวจสอบรายชนิดเพิ่มเติม,ต้องตรวจสอบว่าต้องแจ้งการครอบครองหรือขอใบอนุญาตหรือไม่,ต้องตรวจสอบประกาศเพิ่มเติม,ต้องตรวจสอบประกาศเพิ่มเติม,ต้องตรวจสอบรายชนิดเพิ่มเติม,ไม่ควรปล่อย,ผู้เลี้ยงต้องจัดสวัสดิภาพสัตว์ให้เหมาะสมและห้ามทารุณกรรมสัตว์,ต้องตรวจสอบสถานะรายชนิดจากชื่อวิทยาศาสตร์ก่อนครอบครอง ค้า เพาะพันธุ์ หรือนำเข้า-ส่งออก และผู้เลี้ยงต้องจัดสวัสดิภาพสัตว์ตามกฎหมาย,low,no,800-12000,FishBase,https://www.fishbase.se/,IUCN Red List; CITES Checklist,https://www.iucnredlist.org/ | https://checklist.cites.org/,Thailand Wildlife Preservation and Protection Act B.E. 2562 (uploaded PDF); Thailand Animal Welfare Act B.E. 2557 (uploaded PDF),uploaded:ACT_WILD-ANIMAL_2562.pdf | uploaded:law87.pdf | https://checklist.cites.org/,medium,legacy-row-needs-source-backfill,"Legacy row retained from the original dataset. Category-level taxonomy and legal reference sources have been added, but row-level husbandry and pricing sources should still be backfilled before production use."
EXO110,Aquatic,Fish,Flowerhorn,ปลาหมอสีฟลาวเวอร์ฮอร์น,Cichlasoma hybrid,Asia,35,10,omnivore,freshwater,diurnal,aggressive,low,medium,no,large aquarium,26-30,,solitary,ต้องตรวจสอบสถานะรายชนิดจากชื่อวิทยาศาสตร์ก่อนครอบครอง ค้า เพาะพันธุ์ หรือนำเข้า-ส่งออก และผู้เลี้ยงต้องจัดสวัสดิภาพสัตว์ตามกฎหมาย,พ.ร.บ. สงวนและคุ้มครองสัตว์ป่า พ.ศ. 2562; พ.ร.บ. ป้องกันการทารุณกรรมและการจัดสวัสดิภาพสัตว์ พ.ศ. 2557,ต้องตรวจสอบประกาศรายชนิดเพิ่มเติม,ต้องตรวจสอบรายชนิดเพิ่มเติม,ต้องตรวจสอบว่าต้องแจ้งการครอบครองหรือขอใบอนุญาตหรือไม่,ต้องตรวจสอบประกาศเพิ่มเติม,ต้องตรวจสอบประกาศเพิ่มเติม,ต้องตรวจสอบรายชนิดเพิ่มเติม,ไม่ควรปล่อย,ผู้เลี้ยงต้องจัดสวัสดิภาพสัตว์ให้เหมาะสมและห้ามทารุณกรรมสัตว์,ต้องตรวจสอบสถานะรายชนิดจากชื่อวิทยาศาสตร์ก่อนครอบครอง ค้า เพาะพันธุ์ หรือนำเข้า-ส่งออก และผู้เลี้ยงต้องจัดสวัสดิภาพสัตว์ตามกฎหมาย,low,no,500-50000,FishBase,https://www.fishbase.se/,IUCN Red List; CITES Checklist,https://www.iucnredlist.org/ | https://checklist.cites.org/,Thailand Wildlife Preservation and Protection Act B.E. 2562 (uploaded PDF); Thailand Animal Welfare Act B.E. 2557 (uploaded PDF),uploaded:ACT_WILD-ANIMAL_2562.pdf | uploaded:law87.pdf | https://checklist.cites.org/,medium,legacy-row-needs-source-backfill,"Legacy row retained from the original dataset. Category-level taxonomy and legal reference sources have been added, but row-level husbandry and pricing sources should still be backfilled before production use."
EXO111,Aquatic,Fish,Oscar,ออสการ์,Astronotus ocellatus,South America,35,12,omnivore,freshwater,diurnal,interactive,low,medium,no,large aquarium,24-28,,solitary/pairs,ต้องตรวจสอบสถานะรายชนิดจากชื่อวิทยาศาสตร์ก่อนครอบครอง ค้า เพาะพันธุ์ หรือนำเข้า-ส่งออก และผู้เลี้ยงต้องจัดสวัสดิภาพสัตว์ตามกฎหมาย,พ.ร.บ. สงวนและคุ้มครองสัตว์ป่า พ.ศ. 2562; พ.ร.บ. ป้องกันการทารุณกรรมและการจัดสวัสดิภาพสัตว์ พ.ศ. 2557,ต้องตรวจสอบประกาศรายชนิดเพิ่มเติม,ต้องตรวจสอบรายชนิดเพิ่มเติม,ต้องตรวจสอบว่าต้องแจ้งการครอบครองหรือขอใบอนุญาตหรือไม่,ต้องตรวจสอบประกาศเพิ่มเติม,ต้องตรวจสอบประกาศเพิ่มเติม,ต้องตรวจสอบรายชนิดเพิ่มเติม,ไม่ควรปล่อย,ผู้เลี้ยงต้องจัดสวัสดิภาพสัตว์ให้เหมาะสมและห้ามทารุณกรรมสัตว์,ต้องตรวจสอบสถานะรายชนิดจากชื่อวิทยาศาสตร์ก่อนครอบครอง ค้า เพาะพันธุ์ หรือนำเข้า-ส่งออก และผู้เลี้ยงต้องจัดสวัสดิภาพสัตว์ตามกฎหมาย,low,no,300-5000,FishBase,https://www.fishbase.se/,IUCN Red List; CITES Checklist,https://www.iucnredlist.org/ | https://checklist.cites.org/,Thailand Wildlife Preservation and Protection Act B.E. 2562 (uploaded PDF); Thailand Animal Welfare Act B.E. 2557 (uploaded PDF),uploaded:ACT_WILD-ANIMAL_2562.pdf | uploaded:law87.pdf | https://checklist.cites.org/,medium,legacy-row-needs-source-backfill,"Legacy row retained from the original dataset. Category-level taxonomy and legal reference sources have been added, but row-level husbandry and pricing sources should still be backfilled before production use."
EXO112,Aquatic,Fish,Frontosa,ฟรอนโตซ่า,Cyphotilapia frontosa,Africa,35,20,carnivore,freshwater,diurnal,calm,low,medium,no,large aquarium,24-27,,groups,ต้องตรวจสอบสถานะรายชนิดจากชื่อวิทยาศาสตร์ก่อนครอบครอง ค้า เพาะพันธุ์ หรือนำเข้า-ส่งออก และผู้เลี้ยงต้องจัดสวัสดิภาพสัตว์ตามกฎหมาย,พ.ร.บ. สงวนและคุ้มครองสัตว์ป่า พ.ศ. 2562; พ.ร.บ. ป้องกันการทารุณกรรมและการจัดสวัสดิภาพสัตว์ พ.ศ. 2557,ต้องตรวจสอบประกาศรายชนิดเพิ่มเติม,ต้องตรวจสอบรายชนิดเพิ่มเติม,ต้องตรวจสอบว่าต้องแจ้งการครอบครองหรือขอใบอนุญาตหรือไม่,ต้องตรวจสอบประกาศเพิ่มเติม,ต้องตรวจสอบประกาศเพิ่มเติม,ต้องตรวจสอบรายชนิดเพิ่มเติม,ไม่ควรปล่อย,ผู้เลี้ยงต้องจัดสวัสดิภาพสัตว์ให้เหมาะสมและห้ามทารุณกรรมสัตว์,ต้องตรวจสอบสถานะรายชนิดจากชื่อวิทยาศาสตร์ก่อนครอบครอง ค้า เพาะพันธุ์ หรือนำเข้า-ส่งออก และผู้เลี้ยงต้องจัดสวัสดิภาพสัตว์ตามกฎหมาย,low,no,800-8000,FishBase,https://www.fishbase.se/,IUCN Red List; CITES Checklist,https://www.iucnredlist.org/ | https://checklist.cites.org/,Thailand Wildlife Preservation and Protection Act B.E. 2562 (uploaded PDF); Thailand Animal Welfare Act B.E. 2557 (uploaded PDF),uploaded:ACT_WILD-ANIMAL_2562.pdf | uploaded:law87.pdf | https://checklist.cites.org/,medium,legacy-row-needs-source-backfill,"Legacy row retained from the original dataset. Category-level taxonomy and legal reference sources have been added, but row-level husbandry and pricing sources should still be backfilled before production use."
EXO113,Aquatic,Fish,Motoro Stingray,โมโตโร่สติงเรย์,Potamotrygon motoro,South America,60,15,carnivore,freshwater,nocturnal,predatory,very low,hard,no,very large aquarium,24-28,,solitary,ต้องตรวจสอบสถานะรายชนิดจากชื่อวิทยาศาสตร์ก่อนครอบครอง ค้า เพาะพันธุ์ หรือนำเข้า-ส่งออก และผู้เลี้ยงต้องจัดสวัสดิภาพสัตว์ตามกฎหมาย,พ.ร.บ. สงวนและคุ้มครองสัตว์ป่า พ.ศ. 2562; พ.ร.บ. ป้องกันการทารุณกรรมและการจัดสวัสดิภาพสัตว์ พ.ศ. 2557,ต้องตรวจสอบประกาศรายชนิดเพิ่มเติม,ต้องตรวจสอบรายชนิดเพิ่มเติม,ต้องตรวจสอบว่าต้องแจ้งการครอบครองหรือขอใบอนุญาตหรือไม่,ต้องตรวจสอบประกาศเพิ่มเติม,ต้องตรวจสอบประกาศเพิ่มเติม,ต้องตรวจสอบรายชนิดเพิ่มเติม,ไม่ควรปล่อย,ผู้เลี้ยงต้องจัดสวัสดิภาพสัตว์ให้เหมาะสมและห้ามทารุณกรรมสัตว์,ต้องตรวจสอบสถานะรายชนิดจากชื่อวิทยาศาสตร์ก่อนครอบครอง ค้า เพาะพันธุ์ หรือนำเข้า-ส่งออก และผู้เลี้ยงต้องจัดสวัสดิภาพสัตว์ตามกฎหมาย,high,venomous-spine,15000-100000,FishBase,https://www.fishbase.se/,IUCN Red List; CITES Checklist,https://www.iucnredlist.org/ | https://checklist.cites.org/,Thailand Wildlife Preservation and Protection Act B.E. 2562 (uploaded PDF); Thailand Animal Welfare Act B.E. 2557 (uploaded PDF),uploaded:ACT_WILD-ANIMAL_2562.pdf | uploaded:law87.pdf | https://checklist.cites.org/,medium,legacy-row-needs-source-backfill,"Legacy row retained from the original dataset. Category-level taxonomy and legal reference sources have been added, but row-level husbandry and pricing sources should still be backfilled before production use."
EXO114,Aquatic,Fish,Mbu Puffer,เอ็มบูพัฟเฟอร์,Tetraodon mbu,Africa,60,12,carnivore,freshwater,diurnal,intelligent,very low,hard,no,very large aquarium,24-28,,solitary,ต้องตรวจสอบสถานะรายชนิดจากชื่อวิทยาศาสตร์ก่อนครอบครอง ค้า เพาะพันธุ์ หรือนำเข้า-ส่งออก และผู้เลี้ยงต้องจัดสวัสดิภาพสัตว์ตามกฎหมาย,พ.ร.บ. สงวนและคุ้มครองสัตว์ป่า พ.ศ. 2562; พ.ร.บ. ป้องกันการทารุณกรรมและการจัดสวัสดิภาพสัตว์ พ.ศ. 2557,ต้องตรวจสอบประกาศรายชนิดเพิ่มเติม,ต้องตรวจสอบรายชนิดเพิ่มเติม,ต้องตรวจสอบว่าต้องแจ้งการครอบครองหรือขอใบอนุญาตหรือไม่,ต้องตรวจสอบประกาศเพิ่มเติม,ต้องตรวจสอบประกาศเพิ่มเติม,ต้องตรวจสอบรายชนิดเพิ่มเติม,ไม่ควรปล่อย,ผู้เลี้ยงต้องจัดสวัสดิภาพสัตว์ให้เหมาะสมและห้ามทารุณกรรมสัตว์,ต้องตรวจสอบสถานะรายชนิดจากชื่อวิทยาศาสตร์ก่อนครอบครอง ค้า เพาะพันธุ์ หรือนำเข้า-ส่งออก และผู้เลี้ยงต้องจัดสวัสดิภาพสัตว์ตามกฎหมาย,medium,toxic,8000-40000,FishBase,https://www.fishbase.se/,IUCN Red List; CITES Checklist,https://www.iucnredlist.org/ | https://checklist.cites.org/,Thailand Wildlife Preservation and Protection Act B.E. 2562 (uploaded PDF); Thailand Animal Welfare Act B.E. 2557 (uploaded PDF),uploaded:ACT_WILD-ANIMAL_2562.pdf | uploaded:law87.pdf | https://checklist.cites.org/,medium,legacy-row-needs-source-backfill,"Legacy row retained from the original dataset. Category-level taxonomy and legal reference sources have been added, but row-level husbandry and pricing sources should still be backfilled before production use."
EXO115,Aquatic,Fish,Fahaka Puffer,ฟาฮาก้าพัฟเฟอร์,Tetraodon lineatus,Africa,45,10,carnivore,freshwater,diurnal,territorial,very low,hard,no,large aquarium,24-28,,solitary,ต้องตรวจสอบสถานะรายชนิดจากชื่อวิทยาศาสตร์ก่อนครอบครอง ค้า เพาะพันธุ์ หรือนำเข้า-ส่งออก และผู้เลี้ยงต้องจัดสวัสดิภาพสัตว์ตามกฎหมาย,พ.ร.บ. สงวนและคุ้มครองสัตว์ป่า พ.ศ. 2562; พ.ร.บ. ป้องกันการทารุณกรรมและการจัดสวัสดิภาพสัตว์ พ.ศ. 2557,ต้องตรวจสอบประกาศรายชนิดเพิ่มเติม,ต้องตรวจสอบรายชนิดเพิ่มเติม,ต้องตรวจสอบว่าต้องแจ้งการครอบครองหรือขอใบอนุญาตหรือไม่,ต้องตรวจสอบประกาศเพิ่มเติม,ต้องตรวจสอบประกาศเพิ่มเติม,ต้องตรวจสอบรายชนิดเพิ่มเติม,ไม่ควรปล่อย,ผู้เลี้ยงต้องจัดสวัสดิภาพสัตว์ให้เหมาะสมและห้ามทารุณกรรมสัตว์,ต้องตรวจสอบสถานะรายชนิดจากชื่อวิทยาศาสตร์ก่อนครอบครอง ค้า เพาะพันธุ์ หรือนำเข้า-ส่งออก และผู้เลี้ยงต้องจัดสวัสดิภาพสัตว์ตามกฎหมาย,medium,toxic,3000-15000,FishBase,https://www.fishbase.se/,IUCN Red List; CITES Checklist,https://www.iucnredlist.org/ | https://checklist.cites.org/,Thailand Wildlife Preservation and Protection Act B.E. 2562 (uploaded PDF); Thailand Animal Welfare Act B.E. 2557 (uploaded PDF),uploaded:ACT_WILD-ANIMAL_2562.pdf | uploaded:law87.pdf | https://checklist.cites.org/,medium,legacy-row-needs-source-backfill,"Legacy row retained from the original dataset. Category-level taxonomy and legal reference sources have been added, but row-level husbandry and pricing sources should still be backfilled before production use."
EXO116,Aquatic,Fish,Figure-8 Puffer,ฟิกเกอร์เอทพัฟเฟอร์,Dichotomyctere ocellatus,Southeast Asia,8,8,carnivore,brackish,diurnal,active,very low,medium,no,brackish aquarium,24-28,,solitary,ต้องตรวจสอบสถานะรายชนิดจากชื่อวิทยาศาสตร์ก่อนครอบครอง ค้า เพาะพันธุ์ หรือนำเข้า-ส่งออก และผู้เลี้ยงต้องจัดสวัสดิภาพสัตว์ตามกฎหมาย,พ.ร.บ. สงวนและคุ้มครองสัตว์ป่า พ.ศ. 2562; พ.ร.บ. ป้องกันการทารุณกรรมและการจัดสวัสดิภาพสัตว์ พ.ศ. 2557,ต้องตรวจสอบประกาศรายชนิดเพิ่มเติม,ต้องตรวจสอบรายชนิดเพิ่มเติม,ต้องตรวจสอบว่าต้องแจ้งการครอบครองหรือขอใบอนุญาตหรือไม่,ต้องตรวจสอบประกาศเพิ่มเติม,ต้องตรวจสอบประกาศเพิ่มเติม,ต้องตรวจสอบรายชนิดเพิ่มเติม,ไม่ควรปล่อย,ผู้เลี้ยงต้องจัดสวัสดิภาพสัตว์ให้เหมาะสมและห้ามทารุณกรรมสัตว์,ต้องตรวจสอบสถานะรายชนิดจากชื่อวิทยาศาสตร์ก่อนครอบครอง ค้า เพาะพันธุ์ หรือนำเข้า-ส่งออก และผู้เลี้ยงต้องจัดสวัสดิภาพสัตว์ตามกฎหมาย,low,toxic,300-2500,FishBase,https://www.fishbase.se/,IUCN Red List; CITES Checklist,https://www.iucnredlist.org/ | https://checklist.cites.org/,Thailand Wildlife Preservation and Protection Act B.E. 2562 (uploaded PDF); Thailand Animal Welfare Act B.E. 2557 (uploaded PDF),uploaded:ACT_WILD-ANIMAL_2562.pdf | uploaded:law87.pdf | https://checklist.cites.org/,medium,legacy-row-needs-source-backfill,"Legacy row retained from the original dataset. Category-level taxonomy and legal reference sources have been added, but row-level husbandry and pricing sources should still be backfilled before production use."
EXO117,Aquatic,Fish,Archerfish,อาร์เชอร์ฟิช,Toxotes jaculatrix,Southeast Asia,25,10,carnivore,brackish,diurnal,active,very low,medium,no,brackish aquarium,24-30,,groups,ต้องตรวจสอบสถานะรายชนิดจากชื่อวิทยาศาสตร์ก่อนครอบครอง ค้า เพาะพันธุ์ หรือนำเข้า-ส่งออก และผู้เลี้ยงต้องจัดสวัสดิภาพสัตว์ตามกฎหมาย,พ.ร.บ. สงวนและคุ้มครองสัตว์ป่า พ.ศ. 2562; พ.ร.บ. ป้องกันการทารุณกรรมและการจัดสวัสดิภาพสัตว์ พ.ศ. 2557,ต้องตรวจสอบประกาศรายชนิดเพิ่มเติม,ต้องตรวจสอบรายชนิดเพิ่มเติม,ต้องตรวจสอบว่าต้องแจ้งการครอบครองหรือขอใบอนุญาตหรือไม่,ต้องตรวจสอบประกาศเพิ่มเติม,ต้องตรวจสอบประกาศเพิ่มเติม,ต้องตรวจสอบรายชนิดเพิ่มเติม,ไม่ควรปล่อย,ผู้เลี้ยงต้องจัดสวัสดิภาพสัตว์ให้เหมาะสมและห้ามทารุณกรรมสัตว์,ต้องตรวจสอบสถานะรายชนิดจากชื่อวิทยาศาสตร์ก่อนครอบครอง ค้า เพาะพันธุ์ หรือนำเข้า-ส่งออก และผู้เลี้ยงต้องจัดสวัสดิภาพสัตว์ตามกฎหมาย,low,no,400-3000,FishBase,https://www.fishbase.se/,IUCN Red List; CITES Checklist,https://www.iucnredlist.org/ | https://checklist.cites.org/,Thailand Wildlife Preservation and Protection Act B.E. 2562 (uploaded PDF); Thailand Animal Welfare Act B.E. 2557 (uploaded PDF),uploaded:ACT_WILD-ANIMAL_2562.pdf | uploaded:law87.pdf | https://checklist.cites.org/,medium,legacy-row-needs-source-backfill,"Legacy row retained from the original dataset. Category-level taxonomy and legal reference sources have been added, but row-level husbandry and pricing sources should still be backfilled before production use."
EXO118,Aquatic,Fish,Senegal Bichir,บิเชียร์เซเนกัล,Polypterus senegalus,Africa,35,20,carnivore,freshwater,nocturnal,hardy,very low,easy,yes,large aquarium,24-28,,solitary,ต้องตรวจสอบสถานะรายชนิดจากชื่อวิทยาศาสตร์ก่อนครอบครอง ค้า เพาะพันธุ์ หรือนำเข้า-ส่งออก และผู้เลี้ยงต้องจัดสวัสดิภาพสัตว์ตามกฎหมาย,พ.ร.บ. สงวนและคุ้มครองสัตว์ป่า พ.ศ. 2562; พ.ร.บ. ป้องกันการทารุณกรรมและการจัดสวัสดิภาพสัตว์ พ.ศ. 2557,ต้องตรวจสอบประกาศรายชนิดเพิ่มเติม,ต้องตรวจสอบรายชนิดเพิ่มเติม,ต้องตรวจสอบว่าต้องแจ้งการครอบครองหรือขอใบอนุญาตหรือไม่,ต้องตรวจสอบประกาศเพิ่มเติม,ต้องตรวจสอบประกาศเพิ่มเติม,ต้องตรวจสอบรายชนิดเพิ่มเติม,ไม่ควรปล่อย,ผู้เลี้ยงต้องจัดสวัสดิภาพสัตว์ให้เหมาะสมและห้ามทารุณกรรมสัตว์,ต้องตรวจสอบสถานะรายชนิดจากชื่อวิทยาศาสตร์ก่อนครอบครอง ค้า เพาะพันธุ์ หรือนำเข้า-ส่งออก และผู้เลี้ยงต้องจัดสวัสดิภาพสัตว์ตามกฎหมาย,low,no,500-3500,FishBase,https://www.fishbase.se/,IUCN Red List; CITES Checklist,https://www.iucnredlist.org/ | https://checklist.cites.org/,Thailand Wildlife Preservation and Protection Act B.E. 2562 (uploaded PDF); Thailand Animal Welfare Act B.E. 2557 (uploaded PDF),uploaded:ACT_WILD-ANIMAL_2562.pdf | uploaded:law87.pdf | https://checklist.cites.org/,medium,legacy-row-needs-source-backfill,"Legacy row retained from the original dataset. Category-level taxonomy and legal reference sources have been added, but row-level husbandry and pricing sources should still be backfilled before production use."
EXO119,Aquatic,Fish,Alligator Gar,อัลลิเกเตอร์การ์,Atractosteus spatula,North America,200,20,carnivore,freshwater,diurnal,predatory,very low,hard,no,pond/giant tank,22-28,,solitary,ต้องตรวจสอบสถานะรายชนิดจากชื่อวิทยาศาสตร์ก่อนครอบครอง ค้า เพาะพันธุ์ หรือนำเข้า-ส่งออก และผู้เลี้ยงต้องจัดสวัสดิภาพสัตว์ตามกฎหมาย,พ.ร.บ. สงวนและคุ้มครองสัตว์ป่า พ.ศ. 2562; พ.ร.บ. ป้องกันการทารุณกรรมและการจัดสวัสดิภาพสัตว์ พ.ศ. 2557,ต้องตรวจสอบประกาศรายชนิดเพิ่มเติม,ต้องตรวจสอบรายชนิดเพิ่มเติม,ต้องตรวจสอบว่าต้องแจ้งการครอบครองหรือขอใบอนุญาตหรือไม่,ต้องตรวจสอบประกาศเพิ่มเติม,ต้องตรวจสอบประกาศเพิ่มเติม,ต้องตรวจสอบรายชนิดเพิ่มเติม,ไม่ควรปล่อย,ผู้เลี้ยงต้องจัดสวัสดิภาพสัตว์ให้เหมาะสมและห้ามทารุณกรรมสัตว์,ต้องตรวจสอบสถานะรายชนิดจากชื่อวิทยาศาสตร์ก่อนครอบครอง ค้า เพาะพันธุ์ หรือนำเข้า-ส่งออก และผู้เลี้ยงต้องจัดสวัสดิภาพสัตว์ตามกฎหมาย,high,no,5000-50000,FishBase,https://www.fishbase.se/,IUCN Red List; CITES Checklist,https://www.iucnredlist.org/ | https://checklist.cites.org/,Thailand Wildlife Preservation and Protection Act B.E. 2562 (uploaded PDF); Thailand Animal Welfare Act B.E. 2557 (uploaded PDF),uploaded:ACT_WILD-ANIMAL_2562.pdf | uploaded:law87.pdf | https://checklist.cites.org/,medium,legacy-row-needs-source-backfill,"Legacy row retained from the original dataset. Category-level taxonomy and legal reference sources have been added, but row-level husbandry and pricing sources should still be backfilled before production use."
EXO120,Aquatic,Fish,Clown Knifefish,ปลามีดตัวตลก,Chitala ornata,Southeast Asia,100,15,carnivore,freshwater,nocturnal,predatory,very low,hard,no,very large aquarium,24-30,,solitary,ต้องตรวจสอบสถานะรายชนิดจากชื่อวิทยาศาสตร์ก่อนครอบครอง ค้า เพาะพันธุ์ หรือนำเข้า-ส่งออก และผู้เลี้ยงต้องจัดสวัสดิภาพสัตว์ตามกฎหมาย,พ.ร.บ. สงวนและคุ้มครองสัตว์ป่า พ.ศ. 2562; พ.ร.บ. ป้องกันการทารุณกรรมและการจัดสวัสดิภาพสัตว์ พ.ศ. 2557,ต้องตรวจสอบประกาศรายชนิดเพิ่มเติม,ต้องตรวจสอบรายชนิดเพิ่มเติม,ต้องตรวจสอบว่าต้องแจ้งการครอบครองหรือขอใบอนุญาตหรือไม่,ต้องตรวจสอบประกาศเพิ่มเติม,ต้องตรวจสอบประกาศเพิ่มเติม,ต้องตรวจสอบรายชนิดเพิ่มเติม,ไม่ควรปล่อย,ผู้เลี้ยงต้องจัดสวัสดิภาพสัตว์ให้เหมาะสมและห้ามทารุณกรรมสัตว์,ต้องตรวจสอบสถานะรายชนิดจากชื่อวิทยาศาสตร์ก่อนครอบครอง ค้า เพาะพันธุ์ หรือนำเข้า-ส่งออก และผู้เลี้ยงต้องจัดสวัสดิภาพสัตว์ตามกฎหมาย,medium,no,1000-10000,FishBase,https://www.fishbase.se/,IUCN Red List; CITES Checklist,https://www.iucnredlist.org/ | https://checklist.cites.org/,Thailand Wildlife Preservation and Protection Act B.E. 2562 (uploaded PDF); Thailand Animal Welfare Act B.E. 2557 (uploaded PDF),uploaded:ACT_WILD-ANIMAL_2562.pdf | uploaded:law87.pdf | https://checklist.cites.org/,medium,legacy-row-needs-source-backfill,"Legacy row retained from the original dataset. Category-level taxonomy and legal reference sources have been added, but row-level husbandry and pricing sources should still be backfilled before production use."
EXO121,Aquatic,Fish,Datnoid,ดัทนอยด์,Datnioides microlepis,Southeast Asia,45,15,carnivore,freshwater,diurnal,predatory,very low,hard,no,large aquarium,24-30,,solitary,ต้องตรวจสอบสถานะรายชนิดจากชื่อวิทยาศาสตร์ก่อนครอบครอง ค้า เพาะพันธุ์ หรือนำเข้า-ส่งออก และผู้เลี้ยงต้องจัดสวัสดิภาพสัตว์ตามกฎหมาย,พ.ร.บ. สงวนและคุ้มครองสัตว์ป่า พ.ศ. 2562; พ.ร.บ. ป้องกันการทารุณกรรมและการจัดสวัสดิภาพสัตว์ พ.ศ. 2557,ต้องตรวจสอบประกาศรายชนิดเพิ่มเติม,ต้องตรวจสอบรายชนิดเพิ่มเติม,ต้องตรวจสอบว่าต้องแจ้งการครอบครองหรือขอใบอนุญาตหรือไม่,ต้องตรวจสอบประกาศเพิ่มเติม,ต้องตรวจสอบประกาศเพิ่มเติม,ต้องตรวจสอบรายชนิดเพิ่มเติม,ไม่ควรปล่อย,ผู้เลี้ยงต้องจัดสวัสดิภาพสัตว์ให้เหมาะสมและห้ามทารุณกรรมสัตว์,ต้องตรวจสอบสถานะรายชนิดจากชื่อวิทยาศาสตร์ก่อนครอบครอง ค้า เพาะพันธุ์ หรือนำเข้า-ส่งออก และผู้เลี้ยงต้องจัดสวัสดิภาพสัตว์ตามกฎหมาย,medium,no,3000-50000,FishBase,https://www.fishbase.se/,IUCN Red List; CITES Checklist,https://www.iucnredlist.org/ | https://checklist.cites.org/,Thailand Wildlife Preservation and Protection Act B.E. 2562 (uploaded PDF); Thailand Animal Welfare Act B.E. 2557 (uploaded PDF),uploaded:ACT_WILD-ANIMAL_2562.pdf | uploaded:law87.pdf | https://checklist.cites.org/,medium,legacy-row-needs-source-backfill,"Legacy row retained from the original dataset. Category-level taxonomy and legal reference sources have been added, but row-level husbandry and pricing sources should still be backfilled before production use."
EXO122,Aquatic,Fish,Redtail Catfish,เรดเทลแคทฟิช,Phractocephalus hemioliopterus,South America,120,15,carnivore,freshwater,nocturnal,predatory,very low,hard,no,pond/giant tank,24-28,,solitary,ต้องตรวจสอบสถานะรายชนิดจากชื่อวิทยาศาสตร์ก่อนครอบครอง ค้า เพาะพันธุ์ หรือนำเข้า-ส่งออก และผู้เลี้ยงต้องจัดสวัสดิภาพสัตว์ตามกฎหมาย,พ.ร.บ. สงวนและคุ้มครองสัตว์ป่า พ.ศ. 2562; พ.ร.บ. ป้องกันการทารุณกรรมและการจัดสวัสดิภาพสัตว์ พ.ศ. 2557,ต้องตรวจสอบประกาศรายชนิดเพิ่มเติม,ต้องตรวจสอบรายชนิดเพิ่มเติม,ต้องตรวจสอบว่าต้องแจ้งการครอบครองหรือขอใบอนุญาตหรือไม่,ต้องตรวจสอบประกาศเพิ่มเติม,ต้องตรวจสอบประกาศเพิ่มเติม,ต้องตรวจสอบรายชนิดเพิ่มเติม,ไม่ควรปล่อย,ผู้เลี้ยงต้องจัดสวัสดิภาพสัตว์ให้เหมาะสมและห้ามทารุณกรรมสัตว์,ต้องตรวจสอบสถานะรายชนิดจากชื่อวิทยาศาสตร์ก่อนครอบครอง ค้า เพาะพันธุ์ หรือนำเข้า-ส่งออก และผู้เลี้ยงต้องจัดสวัสดิภาพสัตว์ตามกฎหมาย,medium,no,700-7000,FishBase,https://www.fishbase.se/,IUCN Red List; CITES Checklist,https://www.iucnredlist.org/ | https://checklist.cites.org/,Thailand Wildlife Preservation and Protection Act B.E. 2562 (uploaded PDF); Thailand Animal Welfare Act B.E. 2557 (uploaded PDF),uploaded:ACT_WILD-ANIMAL_2562.pdf | uploaded:law87.pdf | https://checklist.cites.org/,medium,legacy-row-needs-source-backfill,"Legacy row retained from the original dataset. Category-level taxonomy and legal reference sources have been added, but row-level husbandry and pricing sources should still be backfilled before production use."
EXO123,Aquatic,Fish,Freshwater Moray Eel,ปลาไหลมอเรย์น้ำจืด,Gymnothorax polyuranodon,Indo-Pacific,80,15,carnivore,freshwater,nocturnal,predatory,very low,hard,no,large escape-proof aquarium,24-28,,solitary,ต้องตรวจสอบสถานะรายชนิดจากชื่อวิทยาศาสตร์ก่อนครอบครอง ค้า เพาะพันธุ์ หรือนำเข้า-ส่งออก และผู้เลี้ยงต้องจัดสวัสดิภาพสัตว์ตามกฎหมาย,พ.ร.บ. สงวนและคุ้มครองสัตว์ป่า พ.ศ. 2562; พ.ร.บ. ป้องกันการทารุณกรรมและการจัดสวัสดิภาพสัตว์ พ.ศ. 2557,ต้องตรวจสอบประกาศรายชนิดเพิ่มเติม,ต้องตรวจสอบรายชนิดเพิ่มเติม,ต้องตรวจสอบว่าต้องแจ้งการครอบครองหรือขอใบอนุญาตหรือไม่,ต้องตรวจสอบประกาศเพิ่มเติม,ต้องตรวจสอบประกาศเพิ่มเติม,ต้องตรวจสอบรายชนิดเพิ่มเติม,ไม่ควรปล่อย,ผู้เลี้ยงต้องจัดสวัสดิภาพสัตว์ให้เหมาะสมและห้ามทารุณกรรมสัตว์,ต้องตรวจสอบสถานะรายชนิดจากชื่อวิทยาศาสตร์ก่อนครอบครอง ค้า เพาะพันธุ์ หรือนำเข้า-ส่งออก และผู้เลี้ยงต้องจัดสวัสดิภาพสัตว์ตามกฎหมาย,medium,bite-risk,3000-15000,FishBase,https://www.fishbase.se/,IUCN Red List; CITES Checklist,https://www.iucnredlist.org/ | https://checklist.cites.org/,Thailand Wildlife Preservation and Protection Act B.E. 2562 (uploaded PDF); Thailand Animal Welfare Act B.E. 2557 (uploaded PDF),uploaded:ACT_WILD-ANIMAL_2562.pdf | uploaded:law87.pdf | https://checklist.cites.org/,medium,legacy-row-needs-source-backfill,"Legacy row retained from the original dataset. Category-level taxonomy and legal reference sources have been added, but row-level husbandry and pricing sources should still be backfilled before production use."
EXO124,Aquatic,Crustacean,Australian Redclaw Crayfish,เรดคลอว์เครย์ฟิช,Cherax quadricarinatus,Australia,20,6,omnivore,freshwater,nocturnal,territorial,very low,easy,yes,freshwater aquarium,22-28,,solitary/groups,ต้องตรวจสอบสถานะรายชนิดจากชื่อวิทยาศาสตร์ก่อนครอบครอง ค้า เพาะพันธุ์ หรือนำเข้า-ส่งออก และผู้เลี้ยงต้องจัดสวัสดิภาพสัตว์ตามกฎหมาย,พ.ร.บ. สงวนและคุ้มครองสัตว์ป่า พ.ศ. 2562; พ.ร.บ. ป้องกันการทารุณกรรมและการจัดสวัสดิภาพสัตว์ พ.ศ. 2557,ต้องตรวจสอบประกาศรายชนิดเพิ่มเติม,ต้องตรวจสอบรายชนิดเพิ่มเติม,ต้องตรวจสอบว่าต้องแจ้งการครอบครองหรือขอใบอนุญาตหรือไม่,ต้องตรวจสอบประกาศเพิ่มเติม,ต้องตรวจสอบประกาศเพิ่มเติม,ต้องตรวจสอบรายชนิดเพิ่มเติม,ไม่ควรปล่อย,ผู้เลี้ยงต้องจัดสวัสดิภาพสัตว์ให้เหมาะสมและห้ามทารุณกรรมสัตว์,ต้องตรวจสอบสถานะรายชนิดจากชื่อวิทยาศาสตร์ก่อนครอบครอง ค้า เพาะพันธุ์ หรือนำเข้า-ส่งออก และผู้เลี้ยงต้องจัดสวัสดิภาพสัตว์ตามกฎหมาย,low,no,150-3000,FishBase,https://www.fishbase.se/,IUCN Red List; CITES Checklist,https://www.iucnredlist.org/ | https://checklist.cites.org/,Thailand Wildlife Preservation and Protection Act B.E. 2562 (uploaded PDF); Thailand Animal Welfare Act B.E. 2557 (uploaded PDF),uploaded:ACT_WILD-ANIMAL_2562.pdf | uploaded:law87.pdf | https://checklist.cites.org/,medium,legacy-row-needs-source-backfill,"Legacy row retained from the original dataset. Category-level taxonomy and legal reference sources have been added, but row-level husbandry and pricing sources should still be backfilled before production use."
EXO125,Aquatic,Crustacean,Procambarus Crayfish,โพรแคมบารัสเครย์ฟิช,Procambarus clarkii,North America,15,5,omnivore,freshwater,nocturnal,territorial,very low,easy,yes,freshwater aquarium,20-26,,solitary/groups,ต้องตรวจสอบสถานะรายชนิดจากชื่อวิทยาศาสตร์ก่อนครอบครอง ค้า เพาะพันธุ์ หรือนำเข้า-ส่งออก และผู้เลี้ยงต้องจัดสวัสดิภาพสัตว์ตามกฎหมาย,พ.ร.บ. สงวนและคุ้มครองสัตว์ป่า พ.ศ. 2562; พ.ร.บ. ป้องกันการทารุณกรรมและการจัดสวัสดิภาพสัตว์ พ.ศ. 2557,ต้องตรวจสอบประกาศรายชนิดเพิ่มเติม,ต้องตรวจสอบรายชนิดเพิ่มเติม,ต้องตรวจสอบว่าต้องแจ้งการครอบครองหรือขอใบอนุญาตหรือไม่,ต้องตรวจสอบประกาศเพิ่มเติม,ต้องตรวจสอบประกาศเพิ่มเติม,ต้องตรวจสอบรายชนิดเพิ่มเติม,ไม่ควรปล่อย,ผู้เลี้ยงต้องจัดสวัสดิภาพสัตว์ให้เหมาะสมและห้ามทารุณกรรมสัตว์,ต้องตรวจสอบสถานะรายชนิดจากชื่อวิทยาศาสตร์ก่อนครอบครอง ค้า เพาะพันธุ์ หรือนำเข้า-ส่งออก และผู้เลี้ยงต้องจัดสวัสดิภาพสัตว์ตามกฎหมาย,low,no,50-1000,FishBase,https://www.fishbase.se/,IUCN Red List; CITES Checklist,https://www.iucnredlist.org/ | https://checklist.cites.org/,Thailand Wildlife Preservation and Protection Act B.E. 2562 (uploaded PDF); Thailand Animal Welfare Act B.E. 2557 (uploaded PDF),uploaded:ACT_WILD-ANIMAL_2562.pdf | uploaded:law87.pdf | https://checklist.cites.org/,medium,legacy-row-needs-source-backfill,"Legacy row retained from the original dataset. Category-level taxonomy and legal reference sources have been added, but row-level husbandry and pricing sources should still be backfilled before production use."
EXO126,Aquatic,Crustacean,Bamboo Shrimp,กุ้งไผ่,Atyopsis moluccensis,Southeast Asia,10,3,filter-feeder,freshwater,diurnal,peaceful,very low,easy,yes,community aquarium,24-28,,groups,ต้องตรวจสอบสถานะรายชนิดจากชื่อวิทยาศาสตร์ก่อนครอบครอง ค้า เพาะพันธุ์ หรือนำเข้า-ส่งออก และผู้เลี้ยงต้องจัดสวัสดิภาพสัตว์ตามกฎหมาย,พ.ร.บ. สงวนและคุ้มครองสัตว์ป่า พ.ศ. 2562; พ.ร.บ. ป้องกันการทารุณกรรมและการจัดสวัสดิภาพสัตว์ พ.ศ. 2557,ต้องตรวจสอบประกาศรายชนิดเพิ่มเติม,ต้องตรวจสอบรายชนิดเพิ่มเติม,ต้องตรวจสอบว่าต้องแจ้งการครอบครองหรือขอใบอนุญาตหรือไม่,ต้องตรวจสอบประกาศเพิ่มเติม,ต้องตรวจสอบประกาศเพิ่มเติม,ต้องตรวจสอบรายชนิดเพิ่มเติม,ไม่ควรปล่อย,ผู้เลี้ยงต้องจัดสวัสดิภาพสัตว์ให้เหมาะสมและห้ามทารุณกรรมสัตว์,ต้องตรวจสอบสถานะรายชนิดจากชื่อวิทยาศาสตร์ก่อนครอบครอง ค้า เพาะพันธุ์ หรือนำเข้า-ส่งออก และผู้เลี้ยงต้องจัดสวัสดิภาพสัตว์ตามกฎหมาย,low,no,80-500,FishBase,https://www.fishbase.se/,IUCN Red List; CITES Checklist,https://www.iucnredlist.org/ | https://checklist.cites.org/,Thailand Wildlife Preservation and Protection Act B.E. 2562 (uploaded PDF); Thailand Animal Welfare Act B.E. 2557 (uploaded PDF),uploaded:ACT_WILD-ANIMAL_2562.pdf | uploaded:law87.pdf | https://checklist.cites.org/,medium,legacy-row-needs-source-backfill,"Legacy row retained from the original dataset. Category-level taxonomy and legal reference sources have been added, but row-level husbandry and pricing sources should still be backfilled before production use."
EXO127,Aquatic,Crustacean,Crystal Red Shrimp,กุ้งคริสตัลเรด,Caridina cantonensis,Asia,3,2,omnivore,freshwater,diurnal,delicate,very low,medium,no,shrimp tank,20-24,,colonies,ต้องตรวจสอบสถานะรายชนิดจากชื่อวิทยาศาสตร์ก่อนครอบครอง ค้า เพาะพันธุ์ หรือนำเข้า-ส่งออก และผู้เลี้ยงต้องจัดสวัสดิภาพสัตว์ตามกฎหมาย,พ.ร.บ. สงวนและคุ้มครองสัตว์ป่า พ.ศ. 2562; พ.ร.บ. ป้องกันการทารุณกรรมและการจัดสวัสดิภาพสัตว์ พ.ศ. 2557,ต้องตรวจสอบประกาศรายชนิดเพิ่มเติม,ต้องตรวจสอบรายชนิดเพิ่มเติม,ต้องตรวจสอบว่าต้องแจ้งการครอบครองหรือขอใบอนุญาตหรือไม่,ต้องตรวจสอบประกาศเพิ่มเติม,ต้องตรวจสอบประกาศเพิ่มเติม,ต้องตรวจสอบรายชนิดเพิ่มเติม,ไม่ควรปล่อย,ผู้เลี้ยงต้องจัดสวัสดิภาพสัตว์ให้เหมาะสมและห้ามทารุณกรรมสัตว์,ต้องตรวจสอบสถานะรายชนิดจากชื่อวิทยาศาสตร์ก่อนครอบครอง ค้า เพาะพันธุ์ หรือนำเข้า-ส่งออก และผู้เลี้ยงต้องจัดสวัสดิภาพสัตว์ตามกฎหมาย,low,no,20-300,FishBase,https://www.fishbase.se/,IUCN Red List; CITES Checklist,https://www.iucnredlist.org/ | https://checklist.cites.org/,Thailand Wildlife Preservation and Protection Act B.E. 2562 (uploaded PDF); Thailand Animal Welfare Act B.E. 2557 (uploaded PDF),uploaded:ACT_WILD-ANIMAL_2562.pdf | uploaded:law87.pdf | https://checklist.cites.org/,medium,legacy-row-needs-source-backfill,"Legacy row retained from the original dataset. Category-level taxonomy and legal reference sources have been added, but row-level husbandry and pricing sources should still be backfilled before production use."
EXO128,Aquatic,Crustacean,Blue Bolt Shrimp,กุ้งบลูโบลต์,Caridina logemanni,Asia,3,2,omnivore,freshwater,diurnal,delicate,very low,medium,no,shrimp tank,20-24,,colonies,ต้องตรวจสอบสถานะรายชนิดจากชื่อวิทยาศาสตร์ก่อนครอบครอง ค้า เพาะพันธุ์ หรือนำเข้า-ส่งออก และผู้เลี้ยงต้องจัดสวัสดิภาพสัตว์ตามกฎหมาย,พ.ร.บ. สงวนและคุ้มครองสัตว์ป่า พ.ศ. 2562; พ.ร.บ. ป้องกันการทารุณกรรมและการจัดสวัสดิภาพสัตว์ พ.ศ. 2557,ต้องตรวจสอบประกาศรายชนิดเพิ่มเติม,ต้องตรวจสอบรายชนิดเพิ่มเติม,ต้องตรวจสอบว่าต้องแจ้งการครอบครองหรือขอใบอนุญาตหรือไม่,ต้องตรวจสอบประกาศเพิ่มเติม,ต้องตรวจสอบประกาศเพิ่มเติม,ต้องตรวจสอบรายชนิดเพิ่มเติม,ไม่ควรปล่อย,ผู้เลี้ยงต้องจัดสวัสดิภาพสัตว์ให้เหมาะสมและห้ามทารุณกรรมสัตว์,ต้องตรวจสอบสถานะรายชนิดจากชื่อวิทยาศาสตร์ก่อนครอบครอง ค้า เพาะพันธุ์ หรือนำเข้า-ส่งออก และผู้เลี้ยงต้องจัดสวัสดิภาพสัตว์ตามกฎหมาย,low,no,50-500,FishBase,https://www.fishbase.se/,IUCN Red List; CITES Checklist,https://www.iucnredlist.org/ | https://checklist.cites.org/,Thailand Wildlife Preservation and Protection Act B.E. 2562 (uploaded PDF); Thailand Animal Welfare Act B.E. 2557 (uploaded PDF),uploaded:ACT_WILD-ANIMAL_2562.pdf | uploaded:law87.pdf | https://checklist.cites.org/,medium,legacy-row-needs-source-backfill,"Legacy row retained from the original dataset. Category-level taxonomy and legal reference sources have been added, but row-level husbandry and pricing sources should still be backfilled before production use."
EXO129,Aquatic,Crab,Vampire Crab,แวมไพร์แครบ,Geosesarma dennerle,Asia,5,3,omnivore,paludarium,nocturnal,semi-terrestrial,very low,medium,no,paludarium,24-28,70-90,small groups,ต้องตรวจสอบสถานะรายชนิดจากชื่อวิทยาศาสตร์ก่อนครอบครอง ค้า เพาะพันธุ์ หรือนำเข้า-ส่งออก และผู้เลี้ยงต้องจัดสวัสดิภาพสัตว์ตามกฎหมาย,พ.ร.บ. สงวนและคุ้มครองสัตว์ป่า พ.ศ. 2562; พ.ร.บ. ป้องกันการทารุณกรรมและการจัดสวัสดิภาพสัตว์ พ.ศ. 2557,ต้องตรวจสอบประกาศรายชนิดเพิ่มเติม,ต้องตรวจสอบรายชนิดเพิ่มเติม,ต้องตรวจสอบว่าต้องแจ้งการครอบครองหรือขอใบอนุญาตหรือไม่,ต้องตรวจสอบประกาศเพิ่มเติม,ต้องตรวจสอบประกาศเพิ่มเติม,ต้องตรวจสอบรายชนิดเพิ่มเติม,ไม่ควรปล่อย,ผู้เลี้ยงต้องจัดสวัสดิภาพสัตว์ให้เหมาะสมและห้ามทารุณกรรมสัตว์,ต้องตรวจสอบสถานะรายชนิดจากชื่อวิทยาศาสตร์ก่อนครอบครอง ค้า เพาะพันธุ์ หรือนำเข้า-ส่งออก และผู้เลี้ยงต้องจัดสวัสดิภาพสัตว์ตามกฎหมาย,low,no,150-1200,FishBase,https://www.fishbase.se/,IUCN Red List; CITES Checklist,https://www.iucnredlist.org/ | https://checklist.cites.org/,Thailand Wildlife Preservation and Protection Act B.E. 2562 (uploaded PDF); Thailand Animal Welfare Act B.E. 2557 (uploaded PDF),uploaded:ACT_WILD-ANIMAL_2562.pdf | uploaded:law87.pdf | https://checklist.cites.org/,medium,legacy-row-needs-source-backfill,"Legacy row retained from the original dataset. Category-level taxonomy and legal reference sources have been added, but row-level husbandry and pricing sources should still be backfilled before production use."
EXO130,Aquatic,Marine Fish,Seahorse,ม้าน้ำ,Hippocampus kuda,Indo-Pacific,20,5,carnivore,marine,diurnal,delicate,very low,hard,no,species tank,23-27,,pairs,ต้องตรวจสอบสถานะรายชนิดจากชื่อวิทยาศาสตร์ก่อนครอบครอง ค้า เพาะพันธุ์ หรือนำเข้า-ส่งออก และผู้เลี้ยงต้องจัดสวัสดิภาพสัตว์ตามกฎหมาย,พ.ร.บ. สงวนและคุ้มครองสัตว์ป่า พ.ศ. 2562; พ.ร.บ. ป้องกันการทารุณกรรมและการจัดสวัสดิภาพสัตว์ พ.ศ. 2557,ต้องตรวจสอบประกาศรายชนิดเพิ่มเติม,ต้องตรวจสอบรายชนิดเพิ่มเติม,ต้องตรวจสอบว่าต้องแจ้งการครอบครองหรือขอใบอนุญาตหรือไม่,ต้องตรวจสอบประกาศเพิ่มเติม,ต้องตรวจสอบประกาศเพิ่มเติม,ต้องตรวจสอบรายชนิดเพิ่มเติม,ไม่ควรปล่อย,ผู้เลี้ยงต้องจัดสวัสดิภาพสัตว์ให้เหมาะสมและห้ามทารุณกรรมสัตว์,ต้องตรวจสอบสถานะรายชนิดจากชื่อวิทยาศาสตร์ก่อนครอบครอง ค้า เพาะพันธุ์ หรือนำเข้า-ส่งออก และผู้เลี้ยงต้องจัดสวัสดิภาพสัตว์ตามกฎหมาย,low,no,1500-12000,FishBase,https://www.fishbase.se/,IUCN Red List; CITES Checklist,https://www.iucnredlist.org/ | https://checklist.cites.org/,Thailand Wildlife Preservation and Protection Act B.E. 2562 (uploaded PDF); Thailand Animal Welfare Act B.E. 2557 (uploaded PDF),uploaded:ACT_WILD-ANIMAL_2562.pdf | uploaded:law87.pdf | https://checklist.cites.org/,medium,legacy-row-needs-source-backfill,"Legacy row retained from the original dataset. Category-level taxonomy and legal reference sources have been added, but row-level husbandry and pricing sources should still be backfilled before production use."
EXO131,Aquatic,Marine Fish,Lionfish,ปลาสิงโต,Pterois volitans,Indo-Pacific,35,10,carnivore,marine,nocturnal,predatory,very low,medium,no,marine aquarium,24-28,,solitary,ต้องตรวจสอบสถานะรายชนิดจากชื่อวิทยาศาสตร์ก่อนครอบครอง ค้า เพาะพันธุ์ หรือนำเข้า-ส่งออก และผู้เลี้ยงต้องจัดสวัสดิภาพสัตว์ตามกฎหมาย,พ.ร.บ. สงวนและคุ้มครองสัตว์ป่า พ.ศ. 2562; พ.ร.บ. ป้องกันการทารุณกรรมและการจัดสวัสดิภาพสัตว์ พ.ศ. 2557,ต้องตรวจสอบประกาศรายชนิดเพิ่มเติม,ต้องตรวจสอบรายชนิดเพิ่มเติม,ต้องตรวจสอบว่าต้องแจ้งการครอบครองหรือขอใบอนุญาตหรือไม่,ต้องตรวจสอบประกาศเพิ่มเติม,ต้องตรวจสอบประกาศเพิ่มเติม,ต้องตรวจสอบรายชนิดเพิ่มเติม,ไม่ควรปล่อย,ผู้เลี้ยงต้องจัดสวัสดิภาพสัตว์ให้เหมาะสมและห้ามทารุณกรรมสัตว์,ต้องตรวจสอบสถานะรายชนิดจากชื่อวิทยาศาสตร์ก่อนครอบครอง ค้า เพาะพันธุ์ หรือนำเข้า-ส่งออก และผู้เลี้ยงต้องจัดสวัสดิภาพสัตว์ตามกฎหมาย,high,venomous-spines,1500-12000,FishBase,https://www.fishbase.se/,IUCN Red List; CITES Checklist,https://www.iucnredlist.org/ | https://checklist.cites.org/,Thailand Wildlife Preservation and Protection Act B.E. 2562 (uploaded PDF); Thailand Animal Welfare Act B.E. 2557 (uploaded PDF),uploaded:ACT_WILD-ANIMAL_2562.pdf | uploaded:law87.pdf | https://checklist.cites.org/,medium,legacy-row-needs-source-backfill,"Legacy row retained from the original dataset. Category-level taxonomy and legal reference sources have been added, but row-level husbandry and pricing sources should still be backfilled before production use."
EXO132,Aquatic,Marine Fish,Boxfish,บ็อกซ์ฟิช,Ostracion cubicus,Indo-Pacific,20,8,omnivore,marine,diurnal,curious,very low,medium,no,marine aquarium,24-28,,solitary,ต้องตรวจสอบสถานะรายชนิดจากชื่อวิทยาศาสตร์ก่อนครอบครอง ค้า เพาะพันธุ์ หรือนำเข้า-ส่งออก และผู้เลี้ยงต้องจัดสวัสดิภาพสัตว์ตามกฎหมาย,พ.ร.บ. สงวนและคุ้มครองสัตว์ป่า พ.ศ. 2562; พ.ร.บ. ป้องกันการทารุณกรรมและการจัดสวัสดิภาพสัตว์ พ.ศ. 2557,ต้องตรวจสอบประกาศรายชนิดเพิ่มเติม,ต้องตรวจสอบรายชนิดเพิ่มเติม,ต้องตรวจสอบว่าต้องแจ้งการครอบครองหรือขอใบอนุญาตหรือไม่,ต้องตรวจสอบประกาศเพิ่มเติม,ต้องตรวจสอบประกาศเพิ่มเติม,ต้องตรวจสอบรายชนิดเพิ่มเติม,ไม่ควรปล่อย,ผู้เลี้ยงต้องจัดสวัสดิภาพสัตว์ให้เหมาะสมและห้ามทารุณกรรมสัตว์,ต้องตรวจสอบสถานะรายชนิดจากชื่อวิทยาศาสตร์ก่อนครอบครอง ค้า เพาะพันธุ์ หรือนำเข้า-ส่งออก และผู้เลี้ยงต้องจัดสวัสดิภาพสัตว์ตามกฎหมาย,medium,toxic,1500-10000,FishBase,https://www.fishbase.se/,IUCN Red List; CITES Checklist,https://www.iucnredlist.org/ | https://checklist.cites.org/,Thailand Wildlife Preservation and Protection Act B.E. 2562 (uploaded PDF); Thailand Animal Welfare Act B.E. 2557 (uploaded PDF),uploaded:ACT_WILD-ANIMAL_2562.pdf | uploaded:law87.pdf | https://checklist.cites.org/,medium,legacy-row-needs-source-backfill,"Legacy row retained from the original dataset. Category-level taxonomy and legal reference sources have been added, but row-level husbandry and pricing sources should still be backfilled before production use."
EXO133,Reptile,Snake,African House Snake,African House Snake,Boaedon capensis,Africa,90,15,carnivore,terrestrial,nocturnal,calm,low,easy,yes,species-specific enclosure; needs review,needs review,needs review,solitary,ต้องตรวจสอบสถานะรายชนิดจากชื่อวิทยาศาสตร์ก่อนครอบครอง ค้า เพาะพันธุ์ หรือนำเข้า-ส่งออก และผู้เลี้ยงต้องจัดสวัสดิภาพสัตว์ตามกฎหมาย,พ.ร.บ. สงวนและคุ้มครองสัตว์ป่า พ.ศ. 2562; พ.ร.บ. ป้องกันการทารุณกรรมและการจัดสวัสดิภาพสัตว์ พ.ศ. 2557,ต้องตรวจสอบประกาศรายชนิดเพิ่มเติม,ต้องตรวจสอบรายชนิดเพิ่มเติม,ต้องตรวจสอบว่าต้องแจ้งการครอบครองหรือขอใบอนุญาตหรือไม่,ต้องตรวจสอบประกาศเพิ่มเติม,ต้องตรวจสอบประกาศเพิ่มเติม,ต้องตรวจสอบรายชนิดเพิ่มเติม,ไม่ควรปล่อย,ผู้เลี้ยงต้องจัดสวัสดิภาพสัตว์ให้เหมาะสมและห้ามทารุณกรรมสัตว์,ควรตรวจสอบสถานะรายชนิดจากชื่อวิทยาศาสตร์ก่อนครอบครอง ค้า เพาะพันธุ์ หรือนำเข้า-ส่งออก และผู้เลี้ยงยังต้องจัดสวัสดิภาพสัตว์ตามกฎหมาย,low,no,needs review,Reptile Database,https://reptile-database.reptarium.cz/,IUCN Red List; CITES Checklist,https://www.iucnredlist.org/ | https://checklist.cites.org/,Thailand Wildlife Preservation and Protection Act B.E. 2562 (uploaded PDF); Thailand Animal Welfare Act B.E. 2557 (uploaded PDF),uploaded:ACT_WILD-ANIMAL_2562.pdf | uploaded:law87.pdf | https://checklist.cites.org/,medium-high,taxonomy-backed-husbandry-review-recommended,Species identity and category were added against an authoritative taxonomic source; husbandry-specific settings and Thai common naming may still need row-level review before production use.
EXO134,Reptile,Snake,Black Kingsnake,Black Kingsnake,Lampropeltis nigra,North America,120,18,carnivore,terrestrial,crepuscular,calm,low,easy,yes,species-specific enclosure; needs review,needs review,needs review,solitary,ต้องตรวจสอบสถานะรายชนิดจากชื่อวิทยาศาสตร์ก่อนครอบครอง ค้า เพาะพันธุ์ หรือนำเข้า-ส่งออก และผู้เลี้ยงต้องจัดสวัสดิภาพสัตว์ตามกฎหมาย,พ.ร.บ. สงวนและคุ้มครองสัตว์ป่า พ.ศ. 2562; พ.ร.บ. ป้องกันการทารุณกรรมและการจัดสวัสดิภาพสัตว์ พ.ศ. 2557,ต้องตรวจสอบประกาศรายชนิดเพิ่มเติม,ต้องตรวจสอบรายชนิดเพิ่มเติม,ต้องตรวจสอบว่าต้องแจ้งการครอบครองหรือขอใบอนุญาตหรือไม่,ต้องตรวจสอบประกาศเพิ่มเติม,ต้องตรวจสอบประกาศเพิ่มเติม,ต้องตรวจสอบรายชนิดเพิ่มเติม,ไม่ควรปล่อย,ผู้เลี้ยงต้องจัดสวัสดิภาพสัตว์ให้เหมาะสมและห้ามทารุณกรรมสัตว์,ควรตรวจสอบสถานะรายชนิดจากชื่อวิทยาศาสตร์ก่อนครอบครอง ค้า เพาะพันธุ์ หรือนำเข้า-ส่งออก และผู้เลี้ยงยังต้องจัดสวัสดิภาพสัตว์ตามกฎหมาย,low,no,needs review,Reptile Database,https://reptile-database.reptarium.cz/,IUCN Red List; CITES Checklist,https://www.iucnredlist.org/ | https://checklist.cites.org/,Thailand Wildlife Preservation and Protection Act B.E. 2562 (uploaded PDF); Thailand Animal Welfare Act B.E. 2557 (uploaded PDF),uploaded:ACT_WILD-ANIMAL_2562.pdf | uploaded:law87.pdf | https://checklist.cites.org/,medium-high,taxonomy-backed-husbandry-review-recommended,Species identity and category were added against an authoritative taxonomic source; husbandry-specific settings and Thai common naming may still need row-level review before production use.
EXO135,Reptile,Snake,Pine Snake,Pine Snake,Pituophis melanoleucus,North America,150,20,carnivore,terrestrial,diurnal,alert,medium,medium,no,species-specific enclosure; needs review,needs review,needs review,solitary,ต้องตรวจสอบสถานะรายชนิดจากชื่อวิทยาศาสตร์ก่อนครอบครอง ค้า เพาะพันธุ์ หรือนำเข้า-ส่งออก และผู้เลี้ยงต้องจัดสวัสดิภาพสัตว์ตามกฎหมาย,พ.ร.บ. สงวนและคุ้มครองสัตว์ป่า พ.ศ. 2562; พ.ร.บ. ป้องกันการทารุณกรรมและการจัดสวัสดิภาพสัตว์ พ.ศ. 2557,ต้องตรวจสอบประกาศรายชนิดเพิ่มเติม,ต้องตรวจสอบรายชนิดเพิ่มเติม,ต้องตรวจสอบว่าต้องแจ้งการครอบครองหรือขอใบอนุญาตหรือไม่,ต้องตรวจสอบประกาศเพิ่มเติม,ต้องตรวจสอบประกาศเพิ่มเติม,ต้องตรวจสอบรายชนิดเพิ่มเติม,ไม่ควรปล่อย,ผู้เลี้ยงต้องจัดสวัสดิภาพสัตว์ให้เหมาะสมและห้ามทารุณกรรมสัตว์,ควรตรวจสอบสถานะรายชนิดจากชื่อวิทยาศาสตร์ก่อนครอบครอง ค้า เพาะพันธุ์ หรือนำเข้า-ส่งออก และผู้เลี้ยงยังต้องจัดสวัสดิภาพสัตว์ตามกฎหมาย,medium,no,needs review,Reptile Database,https://reptile-database.reptarium.cz/,IUCN Red List; CITES Checklist,https://www.iucnredlist.org/ | https://checklist.cites.org/,Thailand Wildlife Preservation and Protection Act B.E. 2562 (uploaded PDF); Thailand Animal Welfare Act B.E. 2557 (uploaded PDF),uploaded:ACT_WILD-ANIMAL_2562.pdf | uploaded:law87.pdf | https://checklist.cites.org/,medium-high,taxonomy-backed-husbandry-review-recommended,Species identity and category were added against an authoritative taxonomic source; husbandry-specific settings and Thai common naming may still need row-level review before production use.
EXO136,Reptile,Snake,Beauty Rat Snake,Beauty Rat Snake,Orthriophis taeniurus,East Asia,180,18,carnivore,arboreal/terrestrial,diurnal,active,medium,medium,no,species-specific enclosure; needs review,needs review,needs review,solitary,ต้องตรวจสอบสถานะรายชนิดจากชื่อวิทยาศาสตร์ก่อนครอบครอง ค้า เพาะพันธุ์ หรือนำเข้า-ส่งออก และผู้เลี้ยงต้องจัดสวัสดิภาพสัตว์ตามกฎหมาย,พ.ร.บ. สงวนและคุ้มครองสัตว์ป่า พ.ศ. 2562; พ.ร.บ. ป้องกันการทารุณกรรมและการจัดสวัสดิภาพสัตว์ พ.ศ. 2557,ต้องตรวจสอบประกาศรายชนิดเพิ่มเติม,ต้องตรวจสอบรายชนิดเพิ่มเติม,ต้องตรวจสอบว่าต้องแจ้งการครอบครองหรือขอใบอนุญาตหรือไม่,ต้องตรวจสอบประกาศเพิ่มเติม,ต้องตรวจสอบประกาศเพิ่มเติม,ต้องตรวจสอบรายชนิดเพิ่มเติม,ไม่ควรปล่อย,ผู้เลี้ยงต้องจัดสวัสดิภาพสัตว์ให้เหมาะสมและห้ามทารุณกรรมสัตว์,ควรตรวจสอบสถานะรายชนิดจากชื่อวิทยาศาสตร์ก่อนครอบครอง ค้า เพาะพันธุ์ หรือนำเข้า-ส่งออก และผู้เลี้ยงยังต้องจัดสวัสดิภาพสัตว์ตามกฎหมาย,medium,no,needs review,Reptile Database,https://reptile-database.reptarium.cz/,IUCN Red List; CITES Checklist,https://www.iucnredlist.org/ | https://checklist.cites.org/,Thailand Wildlife Preservation and Protection Act B.E. 2562 (uploaded PDF); Thailand Animal Welfare Act B.E. 2557 (uploaded PDF),uploaded:ACT_WILD-ANIMAL_2562.pdf | uploaded:law87.pdf | https://checklist.cites.org/,medium-high,taxonomy-backed-husbandry-review-recommended,Species identity and category were added against an authoritative taxonomic source; husbandry-specific settings and Thai common naming may still need row-level review before production use.
EXO137,Reptile,Snake,Rhino Rat Snake,Rhino Rat Snake,Gonyosoma boulengeri,Southeast Asia,140,15,carnivore,arboreal,diurnal,shy,medium,medium,no,species-specific enclosure; needs review,needs review,needs review,solitary,ต้องตรวจสอบสถานะรายชนิดจากชื่อวิทยาศาสตร์ก่อนครอบครอง ค้า เพาะพันธุ์ หรือนำเข้า-ส่งออก และผู้เลี้ยงต้องจัดสวัสดิภาพสัตว์ตามกฎหมาย,พ.ร.บ. สงวนและคุ้มครองสัตว์ป่า พ.ศ. 2562; พ.ร.บ. ป้องกันการทารุณกรรมและการจัดสวัสดิภาพสัตว์ พ.ศ. 2557,ต้องตรวจสอบประกาศรายชนิดเพิ่มเติม,ต้องตรวจสอบรายชนิดเพิ่มเติม,ต้องตรวจสอบว่าต้องแจ้งการครอบครองหรือขอใบอนุญาตหรือไม่,ต้องตรวจสอบประกาศเพิ่มเติม,ต้องตรวจสอบประกาศเพิ่มเติม,ต้องตรวจสอบรายชนิดเพิ่มเติม,ไม่ควรปล่อย,ผู้เลี้ยงต้องจัดสวัสดิภาพสัตว์ให้เหมาะสมและห้ามทารุณกรรมสัตว์,ควรตรวจสอบสถานะรายชนิดจากชื่อวิทยาศาสตร์ก่อนครอบครอง ค้า เพาะพันธุ์ หรือนำเข้า-ส่งออก และผู้เลี้ยงยังต้องจัดสวัสดิภาพสัตว์ตามกฎหมาย,low,no,needs review,Reptile Database,https://reptile-database.reptarium.cz/,IUCN Red List; CITES Checklist,https://www.iucnredlist.org/ | https://checklist.cites.org/,Thailand Wildlife Preservation and Protection Act B.E. 2562 (uploaded PDF); Thailand Animal Welfare Act B.E. 2557 (uploaded PDF),uploaded:ACT_WILD-ANIMAL_2562.pdf | uploaded:law87.pdf | https://checklist.cites.org/,medium-high,taxonomy-backed-husbandry-review-recommended,Species identity and category were added against an authoritative taxonomic source; husbandry-specific settings and Thai common naming may still need row-level review before production use.
EXO138,Reptile,Snake,Mandarin Rat Snake,Mandarin Rat Snake,Euprepiophis mandarinus,East Asia,100,18,carnivore,terrestrial,crepuscular,shy,medium,medium,no,species-specific enclosure; needs review,needs review,needs review,solitary,ต้องตรวจสอบสถานะรายชนิดจากชื่อวิทยาศาสตร์ก่อนครอบครอง ค้า เพาะพันธุ์ หรือนำเข้า-ส่งออก และผู้เลี้ยงต้องจัดสวัสดิภาพสัตว์ตามกฎหมาย,พ.ร.บ. สงวนและคุ้มครองสัตว์ป่า พ.ศ. 2562; พ.ร.บ. ป้องกันการทารุณกรรมและการจัดสวัสดิภาพสัตว์ พ.ศ. 2557,ต้องตรวจสอบประกาศรายชนิดเพิ่มเติม,ต้องตรวจสอบรายชนิดเพิ่มเติม,ต้องตรวจสอบว่าต้องแจ้งการครอบครองหรือขอใบอนุญาตหรือไม่,ต้องตรวจสอบประกาศเพิ่มเติม,ต้องตรวจสอบประกาศเพิ่มเติม,ต้องตรวจสอบรายชนิดเพิ่มเติม,ไม่ควรปล่อย,ผู้เลี้ยงต้องจัดสวัสดิภาพสัตว์ให้เหมาะสมและห้ามทารุณกรรมสัตว์,ควรตรวจสอบสถานะรายชนิดจากชื่อวิทยาศาสตร์ก่อนครอบครอง ค้า เพาะพันธุ์ หรือนำเข้า-ส่งออก และผู้เลี้ยงยังต้องจัดสวัสดิภาพสัตว์ตามกฎหมาย,low,no,needs review,Reptile Database,https://reptile-database.reptarium.cz/,IUCN Red List; CITES Checklist,https://www.iucnredlist.org/ | https://checklist.cites.org/,Thailand Wildlife Preservation and Protection Act B.E. 2562 (uploaded PDF); Thailand Animal Welfare Act B.E. 2557 (uploaded PDF),uploaded:ACT_WILD-ANIMAL_2562.pdf | uploaded:law87.pdf | https://checklist.cites.org/,medium-high,taxonomy-backed-husbandry-review-recommended,Species identity and category were added against an authoritative taxonomic source; husbandry-specific settings and Thai common naming may still need row-level review before production use.
EXO139,Reptile,Snake,Bredl's Python,Bredl's Python,Morelia bredli,Australia,200,25,carnivore,terrestrial,nocturnal,calm,medium,medium,no,species-specific enclosure; needs review,needs review,needs review,solitary,ต้องตรวจสอบสถานะรายชนิดจากชื่อวิทยาศาสตร์ก่อนครอบครอง ค้า เพาะพันธุ์ หรือนำเข้า-ส่งออก และผู้เลี้ยงต้องจัดสวัสดิภาพสัตว์ตามกฎหมาย,พ.ร.บ. สงวนและคุ้มครองสัตว์ป่า พ.ศ. 2562; พ.ร.บ. ป้องกันการทารุณกรรมและการจัดสวัสดิภาพสัตว์ พ.ศ. 2557,ต้องตรวจสอบประกาศรายชนิดเพิ่มเติม,ต้องตรวจสอบรายชนิดเพิ่มเติม,ต้องตรวจสอบว่าต้องแจ้งการครอบครองหรือขอใบอนุญาตหรือไม่,ต้องตรวจสอบประกาศเพิ่มเติม,ต้องตรวจสอบประกาศเพิ่มเติม,ต้องตรวจสอบรายชนิดเพิ่มเติม,ไม่ควรปล่อย,ผู้เลี้ยงต้องจัดสวัสดิภาพสัตว์ให้เหมาะสมและห้ามทารุณกรรมสัตว์,ควรตรวจสอบสถานะรายชนิดจากชื่อวิทยาศาสตร์ก่อนครอบครอง ค้า เพาะพันธุ์ หรือนำเข้า-ส่งออก และผู้เลี้ยงยังต้องจัดสวัสดิภาพสัตว์ตามกฎหมาย,medium,no,needs review,Reptile Database,https://reptile-database.reptarium.cz/,IUCN Red List; CITES Checklist,https://www.iucnredlist.org/ | https://checklist.cites.org/,Thailand Wildlife Preservation and Protection Act B.E. 2562 (uploaded PDF); Thailand Animal Welfare Act B.E. 2557 (uploaded PDF),uploaded:ACT_WILD-ANIMAL_2562.pdf | uploaded:law87.pdf | https://checklist.cites.org/,medium-high,taxonomy-backed-husbandry-review-recommended,Species identity and category were added against an authoritative taxonomic source; husbandry-specific settings and Thai common naming may still need row-level review before production use.
EXO140,Reptile,Snake,Woma Python,Woma Python,Aspidites ramsayi,Australia,180,20,carnivore,terrestrial,nocturnal,calm,medium,medium,no,species-specific enclosure; needs review,needs review,needs review,solitary,ต้องตรวจสอบสถานะรายชนิดจากชื่อวิทยาศาสตร์ก่อนครอบครอง ค้า เพาะพันธุ์ หรือนำเข้า-ส่งออก และผู้เลี้ยงต้องจัดสวัสดิภาพสัตว์ตามกฎหมาย,พ.ร.บ. สงวนและคุ้มครองสัตว์ป่า พ.ศ. 2562; พ.ร.บ. ป้องกันการทารุณกรรมและการจัดสวัสดิภาพสัตว์ พ.ศ. 2557,ต้องตรวจสอบประกาศรายชนิดเพิ่มเติม,ต้องตรวจสอบรายชนิดเพิ่มเติม,ต้องตรวจสอบว่าต้องแจ้งการครอบครองหรือขอใบอนุญาตหรือไม่,ต้องตรวจสอบประกาศเพิ่มเติม,ต้องตรวจสอบประกาศเพิ่มเติม,ต้องตรวจสอบรายชนิดเพิ่มเติม,ไม่ควรปล่อย,ผู้เลี้ยงต้องจัดสวัสดิภาพสัตว์ให้เหมาะสมและห้ามทารุณกรรมสัตว์,ควรตรวจสอบสถานะรายชนิดจากชื่อวิทยาศาสตร์ก่อนครอบครอง ค้า เพาะพันธุ์ หรือนำเข้า-ส่งออก และผู้เลี้ยงยังต้องจัดสวัสดิภาพสัตว์ตามกฎหมาย,medium,no,needs review,Reptile Database,https://reptile-database.reptarium.cz/,IUCN Red List; CITES Checklist,https://www.iucnredlist.org/ | https://checklist.cites.org/,Thailand Wildlife Preservation and Protection Act B.E. 2562 (uploaded PDF); Thailand Animal Welfare Act B.E. 2557 (uploaded PDF),uploaded:ACT_WILD-ANIMAL_2562.pdf | uploaded:law87.pdf | https://checklist.cites.org/,medium-high,taxonomy-backed-husbandry-review-recommended,Species identity and category were added against an authoritative taxonomic source; husbandry-specific settings and Thai common naming may still need row-level review before production use.
EXO141,Reptile,Snake,Stimson's Python,Stimson's Python,Antaresia stimsoni,Australia,100,20,carnivore,terrestrial,nocturnal,calm,low,easy,yes,species-specific enclosure; needs review,needs review,needs review,solitary,ต้องตรวจสอบสถานะรายชนิดจากชื่อวิทยาศาสตร์ก่อนครอบครอง ค้า เพาะพันธุ์ หรือนำเข้า-ส่งออก และผู้เลี้ยงต้องจัดสวัสดิภาพสัตว์ตามกฎหมาย,พ.ร.บ. สงวนและคุ้มครองสัตว์ป่า พ.ศ. 2562; พ.ร.บ. ป้องกันการทารุณกรรมและการจัดสวัสดิภาพสัตว์ พ.ศ. 2557,ต้องตรวจสอบประกาศรายชนิดเพิ่มเติม,ต้องตรวจสอบรายชนิดเพิ่มเติม,ต้องตรวจสอบว่าต้องแจ้งการครอบครองหรือขอใบอนุญาตหรือไม่,ต้องตรวจสอบประกาศเพิ่มเติม,ต้องตรวจสอบประกาศเพิ่มเติม,ต้องตรวจสอบรายชนิดเพิ่มเติม,ไม่ควรปล่อย,ผู้เลี้ยงต้องจัดสวัสดิภาพสัตว์ให้เหมาะสมและห้ามทารุณกรรมสัตว์,ควรตรวจสอบสถานะรายชนิดจากชื่อวิทยาศาสตร์ก่อนครอบครอง ค้า เพาะพันธุ์ หรือนำเข้า-ส่งออก และผู้เลี้ยงยังต้องจัดสวัสดิภาพสัตว์ตามกฎหมาย,low,no,needs review,Reptile Database,https://reptile-database.reptarium.cz/,IUCN Red List; CITES Checklist,https://www.iucnredlist.org/ | https://checklist.cites.org/,Thailand Wildlife Preservation and Protection Act B.E. 2562 (uploaded PDF); Thailand Animal Welfare Act B.E. 2557 (uploaded PDF),uploaded:ACT_WILD-ANIMAL_2562.pdf | uploaded:law87.pdf | https://checklist.cites.org/,medium-high,taxonomy-backed-husbandry-review-recommended,Species identity and category were added against an authoritative taxonomic source; husbandry-specific settings and Thai common naming may still need row-level review before production use.
EXO142,Reptile,Snake,Amazon Tree Boa,Amazon Tree Boa,Corallus hortulana,South America,170,20,carnivore,arboreal,nocturnal,defensive,high,hard,no,species-specific enclosure; needs review,needs review,needs review,solitary,ต้องตรวจสอบสถานะรายชนิดจากชื่อวิทยาศาสตร์ก่อนครอบครอง ค้า เพาะพันธุ์ หรือนำเข้า-ส่งออก และผู้เลี้ยงต้องจัดสวัสดิภาพสัตว์ตามกฎหมาย,พ.ร.บ. สงวนและคุ้มครองสัตว์ป่า พ.ศ. 2562; พ.ร.บ. ป้องกันการทารุณกรรมและการจัดสวัสดิภาพสัตว์ พ.ศ. 2557,ต้องตรวจสอบประกาศรายชนิดเพิ่มเติม,ต้องตรวจสอบรายชนิดเพิ่มเติม,ต้องตรวจสอบว่าต้องแจ้งการครอบครองหรือขอใบอนุญาตหรือไม่,ต้องตรวจสอบประกาศเพิ่มเติม,ต้องตรวจสอบประกาศเพิ่มเติม,ต้องตรวจสอบรายชนิดเพิ่มเติม,ไม่ควรปล่อย,ผู้เลี้ยงต้องจัดสวัสดิภาพสัตว์ให้เหมาะสมและห้ามทารุณกรรมสัตว์,ควรตรวจสอบสถานะรายชนิดจากชื่อวิทยาศาสตร์ก่อนครอบครอง ค้า เพาะพันธุ์ หรือนำเข้า-ส่งออก และผู้เลี้ยงยังต้องจัดสวัสดิภาพสัตว์ตามกฎหมาย,medium,no,needs review,Reptile Database,https://reptile-database.reptarium.cz/,IUCN Red List; CITES Checklist,https://www.iucnredlist.org/ | https://checklist.cites.org/,Thailand Wildlife Preservation and Protection Act B.E. 2562 (uploaded PDF); Thailand Animal Welfare Act B.E. 2557 (uploaded PDF),uploaded:ACT_WILD-ANIMAL_2562.pdf | uploaded:law87.pdf | https://checklist.cites.org/,medium-high,taxonomy-backed-husbandry-review-recommended,Species identity and category were added against an authoritative taxonomic source; husbandry-specific settings and Thai common naming may still need row-level review before production use.
EXO143,Reptile,Snake,Emerald Tree Boa,Emerald Tree Boa,Corallus caninus,South America,180,20,carnivore,arboreal,nocturnal,defensive,high,hard,no,species-specific enclosure; needs review,needs review,needs review,solitary,ต้องตรวจสอบสถานะรายชนิดจากชื่อวิทยาศาสตร์ก่อนครอบครอง ค้า เพาะพันธุ์ หรือนำเข้า-ส่งออก และผู้เลี้ยงต้องจัดสวัสดิภาพสัตว์ตามกฎหมาย,พ.ร.บ. สงวนและคุ้มครองสัตว์ป่า พ.ศ. 2562; พ.ร.บ. ป้องกันการทารุณกรรมและการจัดสวัสดิภาพสัตว์ พ.ศ. 2557,ต้องตรวจสอบประกาศรายชนิดเพิ่มเติม,ต้องตรวจสอบรายชนิดเพิ่มเติม,ต้องตรวจสอบว่าต้องแจ้งการครอบครองหรือขอใบอนุญาตหรือไม่,ต้องตรวจสอบประกาศเพิ่มเติม,ต้องตรวจสอบประกาศเพิ่มเติม,ต้องตรวจสอบรายชนิดเพิ่มเติม,ไม่ควรปล่อย,ผู้เลี้ยงต้องจัดสวัสดิภาพสัตว์ให้เหมาะสมและห้ามทารุณกรรมสัตว์,ควรตรวจสอบสถานะรายชนิดจากชื่อวิทยาศาสตร์ก่อนครอบครอง ค้า เพาะพันธุ์ หรือนำเข้า-ส่งออก และผู้เลี้ยงยังต้องจัดสวัสดิภาพสัตว์ตามกฎหมาย,medium,no,needs review,Reptile Database,https://reptile-database.reptarium.cz/,IUCN Red List; CITES Checklist,https://www.iucnredlist.org/ | https://checklist.cites.org/,Thailand Wildlife Preservation and Protection Act B.E. 2562 (uploaded PDF); Thailand Animal Welfare Act B.E. 2557 (uploaded PDF),uploaded:ACT_WILD-ANIMAL_2562.pdf | uploaded:law87.pdf | https://checklist.cites.org/,medium-high,taxonomy-backed-husbandry-review-recommended,Species identity and category were added against an authoritative taxonomic source; husbandry-specific settings and Thai common naming may still need row-level review before production use.
EXO144,Reptile,Snake,Rough Green Snake,Rough Green Snake,Opheodrys aestivus,North America,90,8,insectivore,arboreal,diurnal,shy,high,medium,no,species-specific enclosure; needs review,needs review,needs review,solitary,ต้องตรวจสอบสถานะรายชนิดจากชื่อวิทยาศาสตร์ก่อนครอบครอง ค้า เพาะพันธุ์ หรือนำเข้า-ส่งออก และผู้เลี้ยงต้องจัดสวัสดิภาพสัตว์ตามกฎหมาย,พ.ร.บ. สงวนและคุ้มครองสัตว์ป่า พ.ศ. 2562; พ.ร.บ. ป้องกันการทารุณกรรมและการจัดสวัสดิภาพสัตว์ พ.ศ. 2557,ต้องตรวจสอบประกาศรายชนิดเพิ่มเติม,ต้องตรวจสอบรายชนิดเพิ่มเติม,ต้องตรวจสอบว่าต้องแจ้งการครอบครองหรือขอใบอนุญาตหรือไม่,ต้องตรวจสอบประกาศเพิ่มเติม,ต้องตรวจสอบประกาศเพิ่มเติม,ต้องตรวจสอบรายชนิดเพิ่มเติม,ไม่ควรปล่อย,ผู้เลี้ยงต้องจัดสวัสดิภาพสัตว์ให้เหมาะสมและห้ามทารุณกรรมสัตว์,ควรตรวจสอบสถานะรายชนิดจากชื่อวิทยาศาสตร์ก่อนครอบครอง ค้า เพาะพันธุ์ หรือนำเข้า-ส่งออก และผู้เลี้ยงยังต้องจัดสวัสดิภาพสัตว์ตามกฎหมาย,low,no,needs review,Reptile Database,https://reptile-database.reptarium.cz/,IUCN Red List; CITES Checklist,https://www.iucnredlist.org/ | https://checklist.cites.org/,Thailand Wildlife Preservation and Protection Act B.E. 2562 (uploaded PDF); Thailand Animal Welfare Act B.E. 2557 (uploaded PDF),uploaded:ACT_WILD-ANIMAL_2562.pdf | uploaded:law87.pdf | https://checklist.cites.org/,medium-high,taxonomy-backed-husbandry-review-recommended,Species identity and category were added against an authoritative taxonomic source; husbandry-specific settings and Thai common naming may still need row-level review before production use.
EXO145,Reptile,Gecko,Standing's Day Gecko,Standing's Day Gecko,Phelsuma standingi,Madagascar,25,15,omnivore,arboreal,diurnal,alert,medium,medium,no,species-specific enclosure; needs review,needs review,needs review,solitary,ต้องตรวจสอบสถานะรายชนิดจากชื่อวิทยาศาสตร์ก่อนครอบครอง ค้า เพาะพันธุ์ หรือนำเข้า-ส่งออก และผู้เลี้ยงต้องจัดสวัสดิภาพสัตว์ตามกฎหมาย,พ.ร.บ. สงวนและคุ้มครองสัตว์ป่า พ.ศ. 2562; พ.ร.บ. ป้องกันการทารุณกรรมและการจัดสวัสดิภาพสัตว์ พ.ศ. 2557,ต้องตรวจสอบประกาศรายชนิดเพิ่มเติม,ต้องตรวจสอบรายชนิดเพิ่มเติม,ต้องตรวจสอบว่าต้องแจ้งการครอบครองหรือขอใบอนุญาตหรือไม่,ต้องตรวจสอบประกาศเพิ่มเติม,ต้องตรวจสอบประกาศเพิ่มเติม,ต้องตรวจสอบรายชนิดเพิ่มเติม,ไม่ควรปล่อย,ผู้เลี้ยงต้องจัดสวัสดิภาพสัตว์ให้เหมาะสมและห้ามทารุณกรรมสัตว์,ควรตรวจสอบสถานะรายชนิดจากชื่อวิทยาศาสตร์ก่อนครอบครอง ค้า เพาะพันธุ์ หรือนำเข้า-ส่งออก และผู้เลี้ยงยังต้องจัดสวัสดิภาพสัตว์ตามกฎหมาย,low,no,needs review,Reptile Database,https://reptile-database.reptarium.cz/,IUCN Red List; CITES Checklist,https://www.iucnredlist.org/ | https://checklist.cites.org/,Thailand Wildlife Preservation and Protection Act B.E. 2562 (uploaded PDF); Thailand Animal Welfare Act B.E. 2557 (uploaded PDF),uploaded:ACT_WILD-ANIMAL_2562.pdf | uploaded:law87.pdf | https://checklist.cites.org/,medium-high,taxonomy-backed-husbandry-review-recommended,Species identity and category were added against an authoritative taxonomic source; husbandry-specific settings and Thai common naming may still need row-level review before production use.
EXO146,Reptile,Gecko,Mourning Gecko,Mourning Gecko,Lepidodactylus lugubris,Pacific Islands,10,10,omnivore,arboreal,nocturnal,skittish,high,easy,yes,species-specific enclosure; needs review,needs review,needs review,group,ต้องตรวจสอบสถานะรายชนิดจากชื่อวิทยาศาสตร์ก่อนครอบครอง ค้า เพาะพันธุ์ หรือนำเข้า-ส่งออก และผู้เลี้ยงต้องจัดสวัสดิภาพสัตว์ตามกฎหมาย,พ.ร.บ. สงวนและคุ้มครองสัตว์ป่า พ.ศ. 2562; พ.ร.บ. ป้องกันการทารุณกรรมและการจัดสวัสดิภาพสัตว์ พ.ศ. 2557,ต้องตรวจสอบประกาศรายชนิดเพิ่มเติม,ต้องตรวจสอบรายชนิดเพิ่มเติม,ต้องตรวจสอบว่าต้องแจ้งการครอบครองหรือขอใบอนุญาตหรือไม่,ต้องตรวจสอบประกาศเพิ่มเติม,ต้องตรวจสอบประกาศเพิ่มเติม,ต้องตรวจสอบรายชนิดเพิ่มเติม,ไม่ควรปล่อย,ผู้เลี้ยงต้องจัดสวัสดิภาพสัตว์ให้เหมาะสมและห้ามทารุณกรรมสัตว์,ควรตรวจสอบสถานะรายชนิดจากชื่อวิทยาศาสตร์ก่อนครอบครอง ค้า เพาะพันธุ์ หรือนำเข้า-ส่งออก และผู้เลี้ยงยังต้องจัดสวัสดิภาพสัตว์ตามกฎหมาย,low,no,needs review,Reptile Database,https://reptile-database.reptarium.cz/,IUCN Red List; CITES Checklist,https://www.iucnredlist.org/ | https://checklist.cites.org/,Thailand Wildlife Preservation and Protection Act B.E. 2562 (uploaded PDF); Thailand Animal Welfare Act B.E. 2557 (uploaded PDF),uploaded:ACT_WILD-ANIMAL_2562.pdf | uploaded:law87.pdf | https://checklist.cites.org/,medium-high,taxonomy-backed-husbandry-review-recommended,Species identity and category were added against an authoritative taxonomic source; husbandry-specific settings and Thai common naming may still need row-level review before production use.
EXO147,Reptile,Gecko,Knob-tailed Gecko,Knob-tailed Gecko,Nephrurus levis,Australia,13,15,insectivore,terrestrial,nocturnal,calm,low,medium,yes,species-specific enclosure; needs review,needs review,needs review,solitary,ต้องตรวจสอบสถานะรายชนิดจากชื่อวิทยาศาสตร์ก่อนครอบครอง ค้า เพาะพันธุ์ หรือนำเข้า-ส่งออก และผู้เลี้ยงต้องจัดสวัสดิภาพสัตว์ตามกฎหมาย,พ.ร.บ. สงวนและคุ้มครองสัตว์ป่า พ.ศ. 2562; พ.ร.บ. ป้องกันการทารุณกรรมและการจัดสวัสดิภาพสัตว์ พ.ศ. 2557,ต้องตรวจสอบประกาศรายชนิดเพิ่มเติม,ต้องตรวจสอบรายชนิดเพิ่มเติม,ต้องตรวจสอบว่าต้องแจ้งการครอบครองหรือขอใบอนุญาตหรือไม่,ต้องตรวจสอบประกาศเพิ่มเติม,ต้องตรวจสอบประกาศเพิ่มเติม,ต้องตรวจสอบรายชนิดเพิ่มเติม,ไม่ควรปล่อย,ผู้เลี้ยงต้องจัดสวัสดิภาพสัตว์ให้เหมาะสมและห้ามทารุณกรรมสัตว์,ควรตรวจสอบสถานะรายชนิดจากชื่อวิทยาศาสตร์ก่อนครอบครอง ค้า เพาะพันธุ์ หรือนำเข้า-ส่งออก และผู้เลี้ยงยังต้องจัดสวัสดิภาพสัตว์ตามกฎหมาย,low,no,needs review,Reptile Database,https://reptile-database.reptarium.cz/,IUCN Red List; CITES Checklist,https://www.iucnredlist.org/ | https://checklist.cites.org/,Thailand Wildlife Preservation and Protection Act B.E. 2562 (uploaded PDF); Thailand Animal Welfare Act B.E. 2557 (uploaded PDF),uploaded:ACT_WILD-ANIMAL_2562.pdf | uploaded:law87.pdf | https://checklist.cites.org/,medium-high,taxonomy-backed-husbandry-review-recommended,Species identity and category were added against an authoritative taxonomic source; husbandry-specific settings and Thai common naming may still need row-level review before production use.
EXO148,Reptile,Gecko,Chinese Cave Gecko,Chinese Cave Gecko,Goniurosaurus luii,East Asia,20,15,insectivore,terrestrial,nocturnal,shy,medium,medium,no,species-specific enclosure; needs review,needs review,needs review,solitary,ต้องตรวจสอบสถานะรายชนิดจากชื่อวิทยาศาสตร์ก่อนครอบครอง ค้า เพาะพันธุ์ หรือนำเข้า-ส่งออก และผู้เลี้ยงต้องจัดสวัสดิภาพสัตว์ตามกฎหมาย,พ.ร.บ. สงวนและคุ้มครองสัตว์ป่า พ.ศ. 2562; พ.ร.บ. ป้องกันการทารุณกรรมและการจัดสวัสดิภาพสัตว์ พ.ศ. 2557,ต้องตรวจสอบประกาศรายชนิดเพิ่มเติม,ต้องตรวจสอบรายชนิดเพิ่มเติม,ต้องตรวจสอบว่าต้องแจ้งการครอบครองหรือขอใบอนุญาตหรือไม่,ต้องตรวจสอบประกาศเพิ่มเติม,ต้องตรวจสอบประกาศเพิ่มเติม,ต้องตรวจสอบรายชนิดเพิ่มเติม,ไม่ควรปล่อย,ผู้เลี้ยงต้องจัดสวัสดิภาพสัตว์ให้เหมาะสมและห้ามทารุณกรรมสัตว์,ควรตรวจสอบสถานะรายชนิดจากชื่อวิทยาศาสตร์ก่อนครอบครอง ค้า เพาะพันธุ์ หรือนำเข้า-ส่งออก และผู้เลี้ยงยังต้องจัดสวัสดิภาพสัตว์ตามกฎหมาย,low,no,needs review,Reptile Database,https://reptile-database.reptarium.cz/,IUCN Red List; CITES Checklist,https://www.iucnredlist.org/ | https://checklist.cites.org/,Thailand Wildlife Preservation and Protection Act B.E. 2562 (uploaded PDF); Thailand Animal Welfare Act B.E. 2557 (uploaded PDF),uploaded:ACT_WILD-ANIMAL_2562.pdf | uploaded:law87.pdf | https://checklist.cites.org/,medium-high,taxonomy-backed-husbandry-review-recommended,Species identity and category were added against an authoritative taxonomic source; husbandry-specific settings and Thai common naming may still need row-level review before production use.
EXO149,Reptile,Gecko,Gold Dust Day Gecko,Gold Dust Day Gecko,Phelsuma laticauda,Madagascar,13,10,omnivore,arboreal,diurnal,active,medium,medium,no,species-specific enclosure; needs review,needs review,needs review,solitary,ต้องตรวจสอบสถานะรายชนิดจากชื่อวิทยาศาสตร์ก่อนครอบครอง ค้า เพาะพันธุ์ หรือนำเข้า-ส่งออก และผู้เลี้ยงต้องจัดสวัสดิภาพสัตว์ตามกฎหมาย,พ.ร.บ. สงวนและคุ้มครองสัตว์ป่า พ.ศ. 2562; พ.ร.บ. ป้องกันการทารุณกรรมและการจัดสวัสดิภาพสัตว์ พ.ศ. 2557,ต้องตรวจสอบประกาศรายชนิดเพิ่มเติม,ต้องตรวจสอบรายชนิดเพิ่มเติม,ต้องตรวจสอบว่าต้องแจ้งการครอบครองหรือขอใบอนุญาตหรือไม่,ต้องตรวจสอบประกาศเพิ่มเติม,ต้องตรวจสอบประกาศเพิ่มเติม,ต้องตรวจสอบรายชนิดเพิ่มเติม,ไม่ควรปล่อย,ผู้เลี้ยงต้องจัดสวัสดิภาพสัตว์ให้เหมาะสมและห้ามทารุณกรรมสัตว์,ควรตรวจสอบสถานะรายชนิดจากชื่อวิทยาศาสตร์ก่อนครอบครอง ค้า เพาะพันธุ์ หรือนำเข้า-ส่งออก และผู้เลี้ยงยังต้องจัดสวัสดิภาพสัตว์ตามกฎหมาย,low,no,needs review,Reptile Database,https://reptile-database.reptarium.cz/,IUCN Red List; CITES Checklist,https://www.iucnredlist.org/ | https://checklist.cites.org/,Thailand Wildlife Preservation and Protection Act B.E. 2562 (uploaded PDF); Thailand Animal Welfare Act B.E. 2557 (uploaded PDF),uploaded:ACT_WILD-ANIMAL_2562.pdf | uploaded:law87.pdf | https://checklist.cites.org/,medium-high,taxonomy-backed-husbandry-review-recommended,Species identity and category were added against an authoritative taxonomic source; husbandry-specific settings and Thai common naming may still need row-level review before production use.
EXO150,Reptile,Lizard,Rankin's Dragon,Rankin's Dragon,Pogona henrylawsoni,Australia,30,10,omnivore,terrestrial,diurnal,calm,low,easy,yes,species-specific enclosure; needs review,needs review,needs review,solitary,ต้องตรวจสอบสถานะรายชนิดจากชื่อวิทยาศาสตร์ก่อนครอบครอง ค้า เพาะพันธุ์ หรือนำเข้า-ส่งออก และผู้เลี้ยงต้องจัดสวัสดิภาพสัตว์ตามกฎหมาย,พ.ร.บ. สงวนและคุ้มครองสัตว์ป่า พ.ศ. 2562; พ.ร.บ. ป้องกันการทารุณกรรมและการจัดสวัสดิภาพสัตว์ พ.ศ. 2557,ต้องตรวจสอบประกาศรายชนิดเพิ่มเติม,ต้องตรวจสอบรายชนิดเพิ่มเติม,ต้องตรวจสอบว่าต้องแจ้งการครอบครองหรือขอใบอนุญาตหรือไม่,ต้องตรวจสอบประกาศเพิ่มเติม,ต้องตรวจสอบประกาศเพิ่มเติม,ต้องตรวจสอบรายชนิดเพิ่มเติม,ไม่ควรปล่อย,ผู้เลี้ยงต้องจัดสวัสดิภาพสัตว์ให้เหมาะสมและห้ามทารุณกรรมสัตว์,ควรตรวจสอบสถานะรายชนิดจากชื่อวิทยาศาสตร์ก่อนครอบครอง ค้า เพาะพันธุ์ หรือนำเข้า-ส่งออก และผู้เลี้ยงยังต้องจัดสวัสดิภาพสัตว์ตามกฎหมาย,low,no,needs review,Reptile Database,https://reptile-database.reptarium.cz/,IUCN Red List; CITES Checklist,https://www.iucnredlist.org/ | https://checklist.cites.org/,Thailand Wildlife Preservation and Protection Act B.E. 2562 (uploaded PDF); Thailand Animal Welfare Act B.E. 2557 (uploaded PDF),uploaded:ACT_WILD-ANIMAL_2562.pdf | uploaded:law87.pdf | https://checklist.cites.org/,medium-high,taxonomy-backed-husbandry-review-recommended,Species identity and category were added against an authoritative taxonomic source; husbandry-specific settings and Thai common naming may still need row-level review before production use.
EXO151,Reptile,Lizard,Frilled Dragon,Frilled Dragon,Chlamydosaurus kingii,Australia/New Guinea,85,15,insectivore,arboreal/terrestrial,diurnal,alert,medium,hard,no,species-specific enclosure; needs review,needs review,needs review,solitary,ต้องตรวจสอบสถานะรายชนิดจากชื่อวิทยาศาสตร์ก่อนครอบครอง ค้า เพาะพันธุ์ หรือนำเข้า-ส่งออก และผู้เลี้ยงต้องจัดสวัสดิภาพสัตว์ตามกฎหมาย,พ.ร.บ. สงวนและคุ้มครองสัตว์ป่า พ.ศ. 2562; พ.ร.บ. ป้องกันการทารุณกรรมและการจัดสวัสดิภาพสัตว์ พ.ศ. 2557,ต้องตรวจสอบประกาศรายชนิดเพิ่มเติม,ต้องตรวจสอบรายชนิดเพิ่มเติม,ต้องตรวจสอบว่าต้องแจ้งการครอบครองหรือขอใบอนุญาตหรือไม่,ต้องตรวจสอบประกาศเพิ่มเติม,ต้องตรวจสอบประกาศเพิ่มเติม,ต้องตรวจสอบรายชนิดเพิ่มเติม,ไม่ควรปล่อย,ผู้เลี้ยงต้องจัดสวัสดิภาพสัตว์ให้เหมาะสมและห้ามทารุณกรรมสัตว์,ควรตรวจสอบสถานะรายชนิดจากชื่อวิทยาศาสตร์ก่อนครอบครอง ค้า เพาะพันธุ์ หรือนำเข้า-ส่งออก และผู้เลี้ยงยังต้องจัดสวัสดิภาพสัตว์ตามกฎหมาย,medium,no,needs review,Reptile Database,https://reptile-database.reptarium.cz/,IUCN Red List; CITES Checklist,https://www.iucnredlist.org/ | https://checklist.cites.org/,Thailand Wildlife Preservation and Protection Act B.E. 2562 (uploaded PDF); Thailand Animal Welfare Act B.E. 2557 (uploaded PDF),uploaded:ACT_WILD-ANIMAL_2562.pdf | uploaded:law87.pdf | https://checklist.cites.org/,medium-high,taxonomy-backed-husbandry-review-recommended,Species identity and category were added against an authoritative taxonomic source; husbandry-specific settings and Thai common naming may still need row-level review before production use.
EXO152,Reptile,Lizard,Chinese Water Dragon,Chinese Water Dragon,Physignathus cocincinus,Southeast Asia,90,15,omnivore,semi-arboreal,diurnal,active,medium,hard,no,species-specific enclosure; needs review,needs review,needs review,solitary,ต้องตรวจสอบสถานะรายชนิดจากชื่อวิทยาศาสตร์ก่อนครอบครอง ค้า เพาะพันธุ์ หรือนำเข้า-ส่งออก และผู้เลี้ยงต้องจัดสวัสดิภาพสัตว์ตามกฎหมาย,พ.ร.บ. สงวนและคุ้มครองสัตว์ป่า พ.ศ. 2562; พ.ร.บ. ป้องกันการทารุณกรรมและการจัดสวัสดิภาพสัตว์ พ.ศ. 2557,ต้องตรวจสอบประกาศรายชนิดเพิ่มเติม,ต้องตรวจสอบรายชนิดเพิ่มเติม,ต้องตรวจสอบว่าต้องแจ้งการครอบครองหรือขอใบอนุญาตหรือไม่,ต้องตรวจสอบประกาศเพิ่มเติม,ต้องตรวจสอบประกาศเพิ่มเติม,ต้องตรวจสอบรายชนิดเพิ่มเติม,ไม่ควรปล่อย,ผู้เลี้ยงต้องจัดสวัสดิภาพสัตว์ให้เหมาะสมและห้ามทารุณกรรมสัตว์,ควรตรวจสอบสถานะรายชนิดจากชื่อวิทยาศาสตร์ก่อนครอบครอง ค้า เพาะพันธุ์ หรือนำเข้า-ส่งออก และผู้เลี้ยงยังต้องจัดสวัสดิภาพสัตว์ตามกฎหมาย,medium,no,needs review,Reptile Database,https://reptile-database.reptarium.cz/,IUCN Red List; CITES Checklist,https://www.iucnredlist.org/ | https://checklist.cites.org/,Thailand Wildlife Preservation and Protection Act B.E. 2562 (uploaded PDF); Thailand Animal Welfare Act B.E. 2557 (uploaded PDF),uploaded:ACT_WILD-ANIMAL_2562.pdf | uploaded:law87.pdf | https://checklist.cites.org/,medium-high,taxonomy-backed-husbandry-review-recommended,Species identity and category were added against an authoritative taxonomic source; husbandry-specific settings and Thai common naming may still need row-level review before production use.
EXO153,Reptile,Lizard,Philippine Sailfin Lizard,Philippine Sailfin Lizard,Hydrosaurus pustulatus,Philippines,100,18,omnivore,semi-aquatic,diurnal,alert,high,hard,no,species-specific enclosure; needs review,needs review,needs review,solitary,ต้องตรวจสอบสถานะรายชนิดจากชื่อวิทยาศาสตร์ก่อนครอบครอง ค้า เพาะพันธุ์ หรือนำเข้า-ส่งออก และผู้เลี้ยงต้องจัดสวัสดิภาพสัตว์ตามกฎหมาย,พ.ร.บ. สงวนและคุ้มครองสัตว์ป่า พ.ศ. 2562; พ.ร.บ. ป้องกันการทารุณกรรมและการจัดสวัสดิภาพสัตว์ พ.ศ. 2557,ต้องตรวจสอบประกาศรายชนิดเพิ่มเติม,ต้องตรวจสอบรายชนิดเพิ่มเติม,ต้องตรวจสอบว่าต้องแจ้งการครอบครองหรือขอใบอนุญาตหรือไม่,ต้องตรวจสอบประกาศเพิ่มเติม,ต้องตรวจสอบประกาศเพิ่มเติม,ต้องตรวจสอบรายชนิดเพิ่มเติม,ไม่ควรปล่อย,ผู้เลี้ยงต้องจัดสวัสดิภาพสัตว์ให้เหมาะสมและห้ามทารุณกรรมสัตว์,ควรตรวจสอบสถานะรายชนิดจากชื่อวิทยาศาสตร์ก่อนครอบครอง ค้า เพาะพันธุ์ หรือนำเข้า-ส่งออก และผู้เลี้ยงยังต้องจัดสวัสดิภาพสัตว์ตามกฎหมาย,medium,no,needs review,Reptile Database,https://reptile-database.reptarium.cz/,IUCN Red List; CITES Checklist,https://www.iucnredlist.org/ | https://checklist.cites.org/,Thailand Wildlife Preservation and Protection Act B.E. 2562 (uploaded PDF); Thailand Animal Welfare Act B.E. 2557 (uploaded PDF),uploaded:ACT_WILD-ANIMAL_2562.pdf | uploaded:law87.pdf | https://checklist.cites.org/,medium-high,taxonomy-backed-husbandry-review-recommended,Species identity and category were added against an authoritative taxonomic source; husbandry-specific settings and Thai common naming may still need row-level review before production use.
EXO154,Reptile,Lizard,Argentine Black and White Tegu,Argentine Black and White Tegu,Salvator merianae,South America,120,18,omnivore,terrestrial,diurnal,intelligent,medium,hard,no,species-specific enclosure; needs review,needs review,needs review,solitary,ต้องตรวจสอบสถานะรายชนิดจากชื่อวิทยาศาสตร์ก่อนครอบครอง ค้า เพาะพันธุ์ หรือนำเข้า-ส่งออก และผู้เลี้ยงต้องจัดสวัสดิภาพสัตว์ตามกฎหมาย,พ.ร.บ. สงวนและคุ้มครองสัตว์ป่า พ.ศ. 2562; พ.ร.บ. ป้องกันการทารุณกรรมและการจัดสวัสดิภาพสัตว์ พ.ศ. 2557,ต้องตรวจสอบประกาศรายชนิดเพิ่มเติม,ต้องตรวจสอบรายชนิดเพิ่มเติม,ต้องตรวจสอบว่าต้องแจ้งการครอบครองหรือขอใบอนุญาตหรือไม่,ต้องตรวจสอบประกาศเพิ่มเติม,ต้องตรวจสอบประกาศเพิ่มเติม,ต้องตรวจสอบรายชนิดเพิ่มเติม,ไม่ควรปล่อย,ผู้เลี้ยงต้องจัดสวัสดิภาพสัตว์ให้เหมาะสมและห้ามทารุณกรรมสัตว์,ควรตรวจสอบสถานะรายชนิดจากชื่อวิทยาศาสตร์ก่อนครอบครอง ค้า เพาะพันธุ์ หรือนำเข้า-ส่งออก และผู้เลี้ยงยังต้องจัดสวัสดิภาพสัตว์ตามกฎหมาย,medium,no,needs review,Reptile Database,https://reptile-database.reptarium.cz/,IUCN Red List; CITES Checklist,https://www.iucnredlist.org/ | https://checklist.cites.org/,Thailand Wildlife Preservation and Protection Act B.E. 2562 (uploaded PDF); Thailand Animal Welfare Act B.E. 2557 (uploaded PDF),uploaded:ACT_WILD-ANIMAL_2562.pdf | uploaded:law87.pdf | https://checklist.cites.org/,medium-high,taxonomy-backed-husbandry-review-recommended,Species identity and category were added against an authoritative taxonomic source; husbandry-specific settings and Thai common naming may still need row-level review before production use.
EXO155,Reptile,Lizard,Red Tegu,Red Tegu,Salvator rufescens,South America,120,18,omnivore,terrestrial,diurnal,strong,medium,hard,no,species-specific enclosure; needs review,needs review,needs review,solitary,ต้องตรวจสอบสถานะรายชนิดจากชื่อวิทยาศาสตร์ก่อนครอบครอง ค้า เพาะพันธุ์ หรือนำเข้า-ส่งออก และผู้เลี้ยงต้องจัดสวัสดิภาพสัตว์ตามกฎหมาย,พ.ร.บ. สงวนและคุ้มครองสัตว์ป่า พ.ศ. 2562; พ.ร.บ. ป้องกันการทารุณกรรมและการจัดสวัสดิภาพสัตว์ พ.ศ. 2557,ต้องตรวจสอบประกาศรายชนิดเพิ่มเติม,ต้องตรวจสอบรายชนิดเพิ่มเติม,ต้องตรวจสอบว่าต้องแจ้งการครอบครองหรือขอใบอนุญาตหรือไม่,ต้องตรวจสอบประกาศเพิ่มเติม,ต้องตรวจสอบประกาศเพิ่มเติม,ต้องตรวจสอบรายชนิดเพิ่มเติม,ไม่ควรปล่อย,ผู้เลี้ยงต้องจัดสวัสดิภาพสัตว์ให้เหมาะสมและห้ามทารุณกรรมสัตว์,ควรตรวจสอบสถานะรายชนิดจากชื่อวิทยาศาสตร์ก่อนครอบครอง ค้า เพาะพันธุ์ หรือนำเข้า-ส่งออก และผู้เลี้ยงยังต้องจัดสวัสดิภาพสัตว์ตามกฎหมาย,medium,no,needs review,Reptile Database,https://reptile-database.reptarium.cz/,IUCN Red List; CITES Checklist,https://www.iucnredlist.org/ | https://checklist.cites.org/,Thailand Wildlife Preservation and Protection Act B.E. 2562 (uploaded PDF); Thailand Animal Welfare Act B.E. 2557 (uploaded PDF),uploaded:ACT_WILD-ANIMAL_2562.pdf | uploaded:law87.pdf | https://checklist.cites.org/,medium-high,taxonomy-backed-husbandry-review-recommended,Species identity and category were added against an authoritative taxonomic source; husbandry-specific settings and Thai common naming may still need row-level review before production use.
EXO156,Reptile,Lizard,Emerald Tree Skink,Emerald Tree Skink,Lamprolepis smaragdina,Southeast Asia,20,12,omnivore,arboreal,diurnal,curious,low,medium,yes,species-specific enclosure; needs review,needs review,needs review,group,ต้องตรวจสอบสถานะรายชนิดจากชื่อวิทยาศาสตร์ก่อนครอบครอง ค้า เพาะพันธุ์ หรือนำเข้า-ส่งออก และผู้เลี้ยงต้องจัดสวัสดิภาพสัตว์ตามกฎหมาย,พ.ร.บ. สงวนและคุ้มครองสัตว์ป่า พ.ศ. 2562; พ.ร.บ. ป้องกันการทารุณกรรมและการจัดสวัสดิภาพสัตว์ พ.ศ. 2557,ต้องตรวจสอบประกาศรายชนิดเพิ่มเติม,ต้องตรวจสอบรายชนิดเพิ่มเติม,ต้องตรวจสอบว่าต้องแจ้งการครอบครองหรือขอใบอนุญาตหรือไม่,ต้องตรวจสอบประกาศเพิ่มเติม,ต้องตรวจสอบประกาศเพิ่มเติม,ต้องตรวจสอบรายชนิดเพิ่มเติม,ไม่ควรปล่อย,ผู้เลี้ยงต้องจัดสวัสดิภาพสัตว์ให้เหมาะสมและห้ามทารุณกรรมสัตว์,ควรตรวจสอบสถานะรายชนิดจากชื่อวิทยาศาสตร์ก่อนครอบครอง ค้า เพาะพันธุ์ หรือนำเข้า-ส่งออก และผู้เลี้ยงยังต้องจัดสวัสดิภาพสัตว์ตามกฎหมาย,low,no,needs review,Reptile Database,https://reptile-database.reptarium.cz/,IUCN Red List; CITES Checklist,https://www.iucnredlist.org/ | https://checklist.cites.org/,Thailand Wildlife Preservation and Protection Act B.E. 2562 (uploaded PDF); Thailand Animal Welfare Act B.E. 2557 (uploaded PDF),uploaded:ACT_WILD-ANIMAL_2562.pdf | uploaded:law87.pdf | https://checklist.cites.org/,medium-high,taxonomy-backed-husbandry-review-recommended,Species identity and category were added against an authoritative taxonomic source; husbandry-specific settings and Thai common naming may still need row-level review before production use.
EXO157,Reptile,Lizard,Fire Skink,Fire Skink,Mochlus fernandi,Africa,38,15,insectivore,terrestrial,crepuscular,shy,medium,medium,no,species-specific enclosure; needs review,needs review,needs review,solitary,ต้องตรวจสอบสถานะรายชนิดจากชื่อวิทยาศาสตร์ก่อนครอบครอง ค้า เพาะพันธุ์ หรือนำเข้า-ส่งออก และผู้เลี้ยงต้องจัดสวัสดิภาพสัตว์ตามกฎหมาย,พ.ร.บ. สงวนและคุ้มครองสัตว์ป่า พ.ศ. 2562; พ.ร.บ. ป้องกันการทารุณกรรมและการจัดสวัสดิภาพสัตว์ พ.ศ. 2557,ต้องตรวจสอบประกาศรายชนิดเพิ่มเติม,ต้องตรวจสอบรายชนิดเพิ่มเติม,ต้องตรวจสอบว่าต้องแจ้งการครอบครองหรือขอใบอนุญาตหรือไม่,ต้องตรวจสอบประกาศเพิ่มเติม,ต้องตรวจสอบประกาศเพิ่มเติม,ต้องตรวจสอบรายชนิดเพิ่มเติม,ไม่ควรปล่อย,ผู้เลี้ยงต้องจัดสวัสดิภาพสัตว์ให้เหมาะสมและห้ามทารุณกรรมสัตว์,ควรตรวจสอบสถานะรายชนิดจากชื่อวิทยาศาสตร์ก่อนครอบครอง ค้า เพาะพันธุ์ หรือนำเข้า-ส่งออก และผู้เลี้ยงยังต้องจัดสวัสดิภาพสัตว์ตามกฎหมาย,low,no,needs review,Reptile Database,https://reptile-database.reptarium.cz/,IUCN Red List; CITES Checklist,https://www.iucnredlist.org/ | https://checklist.cites.org/,Thailand Wildlife Preservation and Protection Act B.E. 2562 (uploaded PDF); Thailand Animal Welfare Act B.E. 2557 (uploaded PDF),uploaded:ACT_WILD-ANIMAL_2562.pdf | uploaded:law87.pdf | https://checklist.cites.org/,medium-high,taxonomy-backed-husbandry-review-recommended,Species identity and category were added against an authoritative taxonomic source; husbandry-specific settings and Thai common naming may still need row-level review before production use.
EXO158,Reptile,Lizard,Schneider's Skink,Schneider's Skink,Eumeces schneiderii,North Africa/Middle East,35,18,omnivore,terrestrial,diurnal,calm,medium,medium,yes,species-specific enclosure; needs review,needs review,needs review,solitary,ต้องตรวจสอบสถานะรายชนิดจากชื่อวิทยาศาสตร์ก่อนครอบครอง ค้า เพาะพันธุ์ หรือนำเข้า-ส่งออก และผู้เลี้ยงต้องจัดสวัสดิภาพสัตว์ตามกฎหมาย,พ.ร.บ. สงวนและคุ้มครองสัตว์ป่า พ.ศ. 2562; พ.ร.บ. ป้องกันการทารุณกรรมและการจัดสวัสดิภาพสัตว์ พ.ศ. 2557,ต้องตรวจสอบประกาศรายชนิดเพิ่มเติม,ต้องตรวจสอบรายชนิดเพิ่มเติม,ต้องตรวจสอบว่าต้องแจ้งการครอบครองหรือขอใบอนุญาตหรือไม่,ต้องตรวจสอบประกาศเพิ่มเติม,ต้องตรวจสอบประกาศเพิ่มเติม,ต้องตรวจสอบรายชนิดเพิ่มเติม,ไม่ควรปล่อย,ผู้เลี้ยงต้องจัดสวัสดิภาพสัตว์ให้เหมาะสมและห้ามทารุณกรรมสัตว์,ควรตรวจสอบสถานะรายชนิดจากชื่อวิทยาศาสตร์ก่อนครอบครอง ค้า เพาะพันธุ์ หรือนำเข้า-ส่งออก และผู้เลี้ยงยังต้องจัดสวัสดิภาพสัตว์ตามกฎหมาย,low,no,needs review,Reptile Database,https://reptile-database.reptarium.cz/,IUCN Red List; CITES Checklist,https://www.iucnredlist.org/ | https://checklist.cites.org/,Thailand Wildlife Preservation and Protection Act B.E. 2562 (uploaded PDF); Thailand Animal Welfare Act B.E. 2557 (uploaded PDF),uploaded:ACT_WILD-ANIMAL_2562.pdf | uploaded:law87.pdf | https://checklist.cites.org/,medium-high,taxonomy-backed-husbandry-review-recommended,Species identity and category were added against an authoritative taxonomic source; husbandry-specific settings and Thai common naming may still need row-level review before production use.
EXO159,Reptile,Lizard,Peter's Banded Skink,Peter's Banded Skink,Scincopus fasciatus,North Africa,25,15,insectivore,terrestrial,nocturnal,shy,medium,medium,no,species-specific enclosure; needs review,needs review,needs review,solitary,ต้องตรวจสอบสถานะรายชนิดจากชื่อวิทยาศาสตร์ก่อนครอบครอง ค้า เพาะพันธุ์ หรือนำเข้า-ส่งออก และผู้เลี้ยงต้องจัดสวัสดิภาพสัตว์ตามกฎหมาย,พ.ร.บ. สงวนและคุ้มครองสัตว์ป่า พ.ศ. 2562; พ.ร.บ. ป้องกันการทารุณกรรมและการจัดสวัสดิภาพสัตว์ พ.ศ. 2557,ต้องตรวจสอบประกาศรายชนิดเพิ่มเติม,ต้องตรวจสอบรายชนิดเพิ่มเติม,ต้องตรวจสอบว่าต้องแจ้งการครอบครองหรือขอใบอนุญาตหรือไม่,ต้องตรวจสอบประกาศเพิ่มเติม,ต้องตรวจสอบประกาศเพิ่มเติม,ต้องตรวจสอบรายชนิดเพิ่มเติม,ไม่ควรปล่อย,ผู้เลี้ยงต้องจัดสวัสดิภาพสัตว์ให้เหมาะสมและห้ามทารุณกรรมสัตว์,ควรตรวจสอบสถานะรายชนิดจากชื่อวิทยาศาสตร์ก่อนครอบครอง ค้า เพาะพันธุ์ หรือนำเข้า-ส่งออก และผู้เลี้ยงยังต้องจัดสวัสดิภาพสัตว์ตามกฎหมาย,low,no,needs review,Reptile Database,https://reptile-database.reptarium.cz/,IUCN Red List; CITES Checklist,https://www.iucnredlist.org/ | https://checklist.cites.org/,Thailand Wildlife Preservation and Protection Act B.E. 2562 (uploaded PDF); Thailand Animal Welfare Act B.E. 2557 (uploaded PDF),uploaded:ACT_WILD-ANIMAL_2562.pdf | uploaded:law87.pdf | https://checklist.cites.org/,medium-high,taxonomy-backed-husbandry-review-recommended,Species identity and category were added against an authoritative taxonomic source; husbandry-specific settings and Thai common naming may still need row-level review before production use.
EXO160,Reptile,Lizard,Monkey-tailed Skink,Monkey-tailed Skink,Corucia zebrata,Solomon Islands,70,20,herbivore,arboreal,nocturnal,calm,medium,hard,no,species-specific enclosure; needs review,needs review,needs review,group,ต้องตรวจสอบสถานะรายชนิดจากชื่อวิทยาศาสตร์ก่อนครอบครอง ค้า เพาะพันธุ์ หรือนำเข้า-ส่งออก และผู้เลี้ยงต้องจัดสวัสดิภาพสัตว์ตามกฎหมาย,พ.ร.บ. สงวนและคุ้มครองสัตว์ป่า พ.ศ. 2562; พ.ร.บ. ป้องกันการทารุณกรรมและการจัดสวัสดิภาพสัตว์ พ.ศ. 2557,ต้องตรวจสอบประกาศรายชนิดเพิ่มเติม,ต้องตรวจสอบรายชนิดเพิ่มเติม,ต้องตรวจสอบว่าต้องแจ้งการครอบครองหรือขอใบอนุญาตหรือไม่,ต้องตรวจสอบประกาศเพิ่มเติม,ต้องตรวจสอบประกาศเพิ่มเติม,ต้องตรวจสอบรายชนิดเพิ่มเติม,ไม่ควรปล่อย,ผู้เลี้ยงต้องจัดสวัสดิภาพสัตว์ให้เหมาะสมและห้ามทารุณกรรมสัตว์,ควรตรวจสอบสถานะรายชนิดจากชื่อวิทยาศาสตร์ก่อนครอบครอง ค้า เพาะพันธุ์ หรือนำเข้า-ส่งออก และผู้เลี้ยงยังต้องจัดสวัสดิภาพสัตว์ตามกฎหมาย,low,no,needs review,Reptile Database,https://reptile-database.reptarium.cz/,IUCN Red List; CITES Checklist,https://www.iucnredlist.org/ | https://checklist.cites.org/,Thailand Wildlife Preservation and Protection Act B.E. 2562 (uploaded PDF); Thailand Animal Welfare Act B.E. 2557 (uploaded PDF),uploaded:ACT_WILD-ANIMAL_2562.pdf | uploaded:law87.pdf | https://checklist.cites.org/,medium-high,taxonomy-backed-husbandry-review-recommended,Species identity and category were added against an authoritative taxonomic source; husbandry-specific settings and Thai common naming may still need row-level review before production use.
EXO161,Reptile,Lizard,Armadillo Girdled Lizard,Armadillo Girdled Lizard,Ouroborus cataphractus,South Africa,20,15,insectivore,terrestrial,diurnal,shy,medium,hard,no,species-specific enclosure; needs review,needs review,needs review,group,ต้องตรวจสอบสถานะรายชนิดจากชื่อวิทยาศาสตร์ก่อนครอบครอง ค้า เพาะพันธุ์ หรือนำเข้า-ส่งออก และผู้เลี้ยงต้องจัดสวัสดิภาพสัตว์ตามกฎหมาย,พ.ร.บ. สงวนและคุ้มครองสัตว์ป่า พ.ศ. 2562; พ.ร.บ. ป้องกันการทารุณกรรมและการจัดสวัสดิภาพสัตว์ พ.ศ. 2557,ต้องตรวจสอบประกาศรายชนิดเพิ่มเติม,ต้องตรวจสอบรายชนิดเพิ่มเติม,ต้องตรวจสอบว่าต้องแจ้งการครอบครองหรือขอใบอนุญาตหรือไม่,ต้องตรวจสอบประกาศเพิ่มเติม,ต้องตรวจสอบประกาศเพิ่มเติม,ต้องตรวจสอบรายชนิดเพิ่มเติม,ไม่ควรปล่อย,ผู้เลี้ยงต้องจัดสวัสดิภาพสัตว์ให้เหมาะสมและห้ามทารุณกรรมสัตว์,ควรตรวจสอบสถานะรายชนิดจากชื่อวิทยาศาสตร์ก่อนครอบครอง ค้า เพาะพันธุ์ หรือนำเข้า-ส่งออก และผู้เลี้ยงยังต้องจัดสวัสดิภาพสัตว์ตามกฎหมาย,low,no,needs review,Reptile Database,https://reptile-database.reptarium.cz/,IUCN Red List; CITES Checklist,https://www.iucnredlist.org/ | https://checklist.cites.org/,Thailand Wildlife Preservation and Protection Act B.E. 2562 (uploaded PDF); Thailand Animal Welfare Act B.E. 2557 (uploaded PDF),uploaded:ACT_WILD-ANIMAL_2562.pdf | uploaded:law87.pdf | https://checklist.cites.org/,medium-high,taxonomy-backed-husbandry-review-recommended,Species identity and category were added against an authoritative taxonomic source; husbandry-specific settings and Thai common naming may still need row-level review before production use.
EXO162,Reptile,Lizard,Mali Uromastyx,Mali Uromastyx,Uromastyx maliensis,Africa,35,20,herbivore,terrestrial,diurnal,calm,medium,medium,yes,species-specific enclosure; needs review,needs review,needs review,solitary,ต้องตรวจสอบสถานะรายชนิดจากชื่อวิทยาศาสตร์ก่อนครอบครอง ค้า เพาะพันธุ์ หรือนำเข้า-ส่งออก และผู้เลี้ยงต้องจัดสวัสดิภาพสัตว์ตามกฎหมาย,พ.ร.บ. สงวนและคุ้มครองสัตว์ป่า พ.ศ. 2562; พ.ร.บ. ป้องกันการทารุณกรรมและการจัดสวัสดิภาพสัตว์ พ.ศ. 2557,ต้องตรวจสอบประกาศรายชนิดเพิ่มเติม,ต้องตรวจสอบรายชนิดเพิ่มเติม,ต้องตรวจสอบว่าต้องแจ้งการครอบครองหรือขอใบอนุญาตหรือไม่,ต้องตรวจสอบประกาศเพิ่มเติม,ต้องตรวจสอบประกาศเพิ่มเติม,ต้องตรวจสอบรายชนิดเพิ่มเติม,ไม่ควรปล่อย,ผู้เลี้ยงต้องจัดสวัสดิภาพสัตว์ให้เหมาะสมและห้ามทารุณกรรมสัตว์,ควรตรวจสอบสถานะรายชนิดจากชื่อวิทยาศาสตร์ก่อนครอบครอง ค้า เพาะพันธุ์ หรือนำเข้า-ส่งออก และผู้เลี้ยงยังต้องจัดสวัสดิภาพสัตว์ตามกฎหมาย,low,no,needs review,Reptile Database,https://reptile-database.reptarium.cz/,IUCN Red List; CITES Checklist,https://www.iucnredlist.org/ | https://checklist.cites.org/,Thailand Wildlife Preservation and Protection Act B.E. 2562 (uploaded PDF); Thailand Animal Welfare Act B.E. 2557 (uploaded PDF),uploaded:ACT_WILD-ANIMAL_2562.pdf | uploaded:law87.pdf | https://checklist.cites.org/,medium-high,taxonomy-backed-husbandry-review-recommended,Species identity and category were added against an authoritative taxonomic source; husbandry-specific settings and Thai common naming may still need row-level review before production use.
EXO163,Reptile,Tortoise,Greek Tortoise,Greek Tortoise,Testudo graeca,Mediterranean,20,50,herbivore,terrestrial,diurnal,calm,low,medium,yes,species-specific enclosure; needs review,needs review,needs review,solitary,ต้องตรวจสอบสถานะรายชนิดจากชื่อวิทยาศาสตร์ก่อนครอบครอง ค้า เพาะพันธุ์ หรือนำเข้า-ส่งออก และผู้เลี้ยงต้องจัดสวัสดิภาพสัตว์ตามกฎหมาย,พ.ร.บ. สงวนและคุ้มครองสัตว์ป่า พ.ศ. 2562; พ.ร.บ. ป้องกันการทารุณกรรมและการจัดสวัสดิภาพสัตว์ พ.ศ. 2557,ต้องตรวจสอบประกาศรายชนิดเพิ่มเติม,ต้องตรวจสอบรายชนิดเพิ่มเติม,ต้องตรวจสอบว่าต้องแจ้งการครอบครองหรือขอใบอนุญาตหรือไม่,ต้องตรวจสอบประกาศเพิ่มเติม,ต้องตรวจสอบประกาศเพิ่มเติม,ต้องตรวจสอบรายชนิดเพิ่มเติม,ไม่ควรปล่อย,ผู้เลี้ยงต้องจัดสวัสดิภาพสัตว์ให้เหมาะสมและห้ามทารุณกรรมสัตว์,ควรตรวจสอบสถานะรายชนิดจากชื่อวิทยาศาสตร์ก่อนครอบครอง ค้า เพาะพันธุ์ หรือนำเข้า-ส่งออก และผู้เลี้ยงยังต้องจัดสวัสดิภาพสัตว์ตามกฎหมาย,low,no,needs review,Reptile Database,https://reptile-database.reptarium.cz/,IUCN Red List; CITES Checklist,https://www.iucnredlist.org/ | https://checklist.cites.org/,Thailand Wildlife Preservation and Protection Act B.E. 2562 (uploaded PDF); Thailand Animal Welfare Act B.E. 2557 (uploaded PDF),uploaded:ACT_WILD-ANIMAL_2562.pdf | uploaded:law87.pdf | https://checklist.cites.org/,medium-high,taxonomy-backed-husbandry-review-recommended,Species identity and category were added against an authoritative taxonomic source; husbandry-specific settings and Thai common naming may still need row-level review before production use.
EXO164,Reptile,Tortoise,Pancake Tortoise,Pancake Tortoise,Malacochersus tornieri,East Africa,18,30,herbivore,terrestrial,diurnal,shy,medium,hard,no,species-specific enclosure; needs review,needs review,needs review,solitary,ต้องตรวจสอบสถานะรายชนิดจากชื่อวิทยาศาสตร์ก่อนครอบครอง ค้า เพาะพันธุ์ หรือนำเข้า-ส่งออก และผู้เลี้ยงต้องจัดสวัสดิภาพสัตว์ตามกฎหมาย,พ.ร.บ. สงวนและคุ้มครองสัตว์ป่า พ.ศ. 2562; พ.ร.บ. ป้องกันการทารุณกรรมและการจัดสวัสดิภาพสัตว์ พ.ศ. 2557,ต้องตรวจสอบประกาศรายชนิดเพิ่มเติม,ต้องตรวจสอบรายชนิดเพิ่มเติม,ต้องตรวจสอบว่าต้องแจ้งการครอบครองหรือขอใบอนุญาตหรือไม่,ต้องตรวจสอบประกาศเพิ่มเติม,ต้องตรวจสอบประกาศเพิ่มเติม,ต้องตรวจสอบรายชนิดเพิ่มเติม,ไม่ควรปล่อย,ผู้เลี้ยงต้องจัดสวัสดิภาพสัตว์ให้เหมาะสมและห้ามทารุณกรรมสัตว์,ควรตรวจสอบสถานะรายชนิดจากชื่อวิทยาศาสตร์ก่อนครอบครอง ค้า เพาะพันธุ์ หรือนำเข้า-ส่งออก และผู้เลี้ยงยังต้องจัดสวัสดิภาพสัตว์ตามกฎหมาย,low,no,needs review,Reptile Database,https://reptile-database.reptarium.cz/,IUCN Red List; CITES Checklist,https://www.iucnredlist.org/ | https://checklist.cites.org/,Thailand Wildlife Preservation and Protection Act B.E. 2562 (uploaded PDF); Thailand Animal Welfare Act B.E. 2557 (uploaded PDF),uploaded:ACT_WILD-ANIMAL_2562.pdf | uploaded:law87.pdf | https://checklist.cites.org/,medium-high,taxonomy-backed-husbandry-review-recommended,Species identity and category were added against an authoritative taxonomic source; husbandry-specific settings and Thai common naming may still need row-level review before production use.
EXO165,Reptile,Tortoise,Yellow-footed Tortoise,Yellow-footed Tortoise,Chelonoidis denticulatus,South America,45,50,herbivore,terrestrial,diurnal,calm,low,medium,no,species-specific enclosure; needs review,needs review,needs review,solitary,ต้องตรวจสอบสถานะรายชนิดจากชื่อวิทยาศาสตร์ก่อนครอบครอง ค้า เพาะพันธุ์ หรือนำเข้า-ส่งออก และผู้เลี้ยงต้องจัดสวัสดิภาพสัตว์ตามกฎหมาย,พ.ร.บ. สงวนและคุ้มครองสัตว์ป่า พ.ศ. 2562; พ.ร.บ. ป้องกันการทารุณกรรมและการจัดสวัสดิภาพสัตว์ พ.ศ. 2557,ต้องตรวจสอบประกาศรายชนิดเพิ่มเติม,ต้องตรวจสอบรายชนิดเพิ่มเติม,ต้องตรวจสอบว่าต้องแจ้งการครอบครองหรือขอใบอนุญาตหรือไม่,ต้องตรวจสอบประกาศเพิ่มเติม,ต้องตรวจสอบประกาศเพิ่มเติม,ต้องตรวจสอบรายชนิดเพิ่มเติม,ไม่ควรปล่อย,ผู้เลี้ยงต้องจัดสวัสดิภาพสัตว์ให้เหมาะสมและห้ามทารุณกรรมสัตว์,ควรตรวจสอบสถานะรายชนิดจากชื่อวิทยาศาสตร์ก่อนครอบครอง ค้า เพาะพันธุ์ หรือนำเข้า-ส่งออก และผู้เลี้ยงยังต้องจัดสวัสดิภาพสัตว์ตามกฎหมาย,low,no,needs review,Reptile Database,https://reptile-database.reptarium.cz/,IUCN Red List; CITES Checklist,https://www.iucnredlist.org/ | https://checklist.cites.org/,Thailand Wildlife Preservation and Protection Act B.E. 2562 (uploaded PDF); Thailand Animal Welfare Act B.E. 2557 (uploaded PDF),uploaded:ACT_WILD-ANIMAL_2562.pdf | uploaded:law87.pdf | https://checklist.cites.org/,medium-high,taxonomy-backed-husbandry-review-recommended,Species identity and category were added against an authoritative taxonomic source; husbandry-specific settings and Thai common naming may still need row-level review before production use.
EXO166,Reptile,Tortoise,Elongated Tortoise,Elongated Tortoise,Indotestudo elongata,South/Southeast Asia,30,40,herbivore,terrestrial,diurnal,calm,medium,hard,no,species-specific enclosure; needs review,needs review,needs review,solitary,ต้องตรวจสอบสถานะรายชนิดจากชื่อวิทยาศาสตร์ก่อนครอบครอง ค้า เพาะพันธุ์ หรือนำเข้า-ส่งออก และผู้เลี้ยงต้องจัดสวัสดิภาพสัตว์ตามกฎหมาย,พ.ร.บ. สงวนและคุ้มครองสัตว์ป่า พ.ศ. 2562; พ.ร.บ. ป้องกันการทารุณกรรมและการจัดสวัสดิภาพสัตว์ พ.ศ. 2557,ต้องตรวจสอบประกาศรายชนิดเพิ่มเติม,ต้องตรวจสอบรายชนิดเพิ่มเติม,ต้องตรวจสอบว่าต้องแจ้งการครอบครองหรือขอใบอนุญาตหรือไม่,ต้องตรวจสอบประกาศเพิ่มเติม,ต้องตรวจสอบประกาศเพิ่มเติม,ต้องตรวจสอบรายชนิดเพิ่มเติม,ไม่ควรปล่อย,ผู้เลี้ยงต้องจัดสวัสดิภาพสัตว์ให้เหมาะสมและห้ามทารุณกรรมสัตว์,ควรตรวจสอบสถานะรายชนิดจากชื่อวิทยาศาสตร์ก่อนครอบครอง ค้า เพาะพันธุ์ หรือนำเข้า-ส่งออก และผู้เลี้ยงยังต้องจัดสวัสดิภาพสัตว์ตามกฎหมาย,low,no,needs review,Reptile Database,https://reptile-database.reptarium.cz/,IUCN Red List; CITES Checklist,https://www.iucnredlist.org/ | https://checklist.cites.org/,Thailand Wildlife Preservation and Protection Act B.E. 2562 (uploaded PDF); Thailand Animal Welfare Act B.E. 2557 (uploaded PDF),uploaded:ACT_WILD-ANIMAL_2562.pdf | uploaded:law87.pdf | https://checklist.cites.org/,medium-high,taxonomy-backed-husbandry-review-recommended,Species identity and category were added against an authoritative taxonomic source; husbandry-specific settings and Thai common naming may still need row-level review before production use.
EXO167,Reptile,Turtle,African Sideneck Turtle,African Sideneck Turtle,Pelusios castaneus,Africa,25,30,omnivore,semi-aquatic,diurnal,calm,medium,medium,yes,species-specific enclosure; needs review,needs review,needs review,solitary,ต้องตรวจสอบสถานะรายชนิดจากชื่อวิทยาศาสตร์ก่อนครอบครอง ค้า เพาะพันธุ์ หรือนำเข้า-ส่งออก และผู้เลี้ยงต้องจัดสวัสดิภาพสัตว์ตามกฎหมาย,พ.ร.บ. สงวนและคุ้มครองสัตว์ป่า พ.ศ. 2562; พ.ร.บ. ป้องกันการทารุณกรรมและการจัดสวัสดิภาพสัตว์ พ.ศ. 2557,ต้องตรวจสอบประกาศรายชนิดเพิ่มเติม,ต้องตรวจสอบรายชนิดเพิ่มเติม,ต้องตรวจสอบว่าต้องแจ้งการครอบครองหรือขอใบอนุญาตหรือไม่,ต้องตรวจสอบประกาศเพิ่มเติม,ต้องตรวจสอบประกาศเพิ่มเติม,ต้องตรวจสอบรายชนิดเพิ่มเติม,ไม่ควรปล่อย,ผู้เลี้ยงต้องจัดสวัสดิภาพสัตว์ให้เหมาะสมและห้ามทารุณกรรมสัตว์,ควรตรวจสอบสถานะรายชนิดจากชื่อวิทยาศาสตร์ก่อนครอบครอง ค้า เพาะพันธุ์ หรือนำเข้า-ส่งออก และผู้เลี้ยงยังต้องจัดสวัสดิภาพสัตว์ตามกฎหมาย,low,no,needs review,Reptile Database,https://reptile-database.reptarium.cz/,IUCN Red List; CITES Checklist,https://www.iucnredlist.org/ | https://checklist.cites.org/,Thailand Wildlife Preservation and Protection Act B.E. 2562 (uploaded PDF); Thailand Animal Welfare Act B.E. 2557 (uploaded PDF),uploaded:ACT_WILD-ANIMAL_2562.pdf | uploaded:law87.pdf | https://checklist.cites.org/,medium-high,taxonomy-backed-husbandry-review-recommended,Species identity and category were added against an authoritative taxonomic source; husbandry-specific settings and Thai common naming may still need row-level review before production use.
EXO168,Reptile,Turtle,African Helmeted Turtle,African Helmeted Turtle,Pelomedusa subrufa,Africa,25,30,omnivore,semi-aquatic,diurnal,assertive,medium,medium,yes,species-specific enclosure; needs review,needs review,needs review,solitary,ต้องตรวจสอบสถานะรายชนิดจากชื่อวิทยาศาสตร์ก่อนครอบครอง ค้า เพาะพันธุ์ หรือนำเข้า-ส่งออก และผู้เลี้ยงต้องจัดสวัสดิภาพสัตว์ตามกฎหมาย,พ.ร.บ. สงวนและคุ้มครองสัตว์ป่า พ.ศ. 2562; พ.ร.บ. ป้องกันการทารุณกรรมและการจัดสวัสดิภาพสัตว์ พ.ศ. 2557,ต้องตรวจสอบประกาศรายชนิดเพิ่มเติม,ต้องตรวจสอบรายชนิดเพิ่มเติม,ต้องตรวจสอบว่าต้องแจ้งการครอบครองหรือขอใบอนุญาตหรือไม่,ต้องตรวจสอบประกาศเพิ่มเติม,ต้องตรวจสอบประกาศเพิ่มเติม,ต้องตรวจสอบรายชนิดเพิ่มเติม,ไม่ควรปล่อย,ผู้เลี้ยงต้องจัดสวัสดิภาพสัตว์ให้เหมาะสมและห้ามทารุณกรรมสัตว์,ควรตรวจสอบสถานะรายชนิดจากชื่อวิทยาศาสตร์ก่อนครอบครอง ค้า เพาะพันธุ์ หรือนำเข้า-ส่งออก และผู้เลี้ยงยังต้องจัดสวัสดิภาพสัตว์ตามกฎหมาย,low,no,needs review,Reptile Database,https://reptile-database.reptarium.cz/,IUCN Red List; CITES Checklist,https://www.iucnredlist.org/ | https://checklist.cites.org/,Thailand Wildlife Preservation and Protection Act B.E. 2562 (uploaded PDF); Thailand Animal Welfare Act B.E. 2557 (uploaded PDF),uploaded:ACT_WILD-ANIMAL_2562.pdf | uploaded:law87.pdf | https://checklist.cites.org/,medium-high,taxonomy-backed-husbandry-review-recommended,Species identity and category were added against an authoritative taxonomic source; husbandry-specific settings and Thai common naming may still need row-level review before production use.
EXO169,Reptile,Turtle,Common Musk Turtle,Common Musk Turtle,Sternotherus odoratus,North America,14,30,omnivore,aquatic,crepuscular,calm,low,easy,yes,species-specific enclosure; needs review,needs review,needs review,solitary,ต้องตรวจสอบสถานะรายชนิดจากชื่อวิทยาศาสตร์ก่อนครอบครอง ค้า เพาะพันธุ์ หรือนำเข้า-ส่งออก และผู้เลี้ยงต้องจัดสวัสดิภาพสัตว์ตามกฎหมาย,พ.ร.บ. สงวนและคุ้มครองสัตว์ป่า พ.ศ. 2562; พ.ร.บ. ป้องกันการทารุณกรรมและการจัดสวัสดิภาพสัตว์ พ.ศ. 2557,ต้องตรวจสอบประกาศรายชนิดเพิ่มเติม,ต้องตรวจสอบรายชนิดเพิ่มเติม,ต้องตรวจสอบว่าต้องแจ้งการครอบครองหรือขอใบอนุญาตหรือไม่,ต้องตรวจสอบประกาศเพิ่มเติม,ต้องตรวจสอบประกาศเพิ่มเติม,ต้องตรวจสอบรายชนิดเพิ่มเติม,ไม่ควรปล่อย,ผู้เลี้ยงต้องจัดสวัสดิภาพสัตว์ให้เหมาะสมและห้ามทารุณกรรมสัตว์,ควรตรวจสอบสถานะรายชนิดจากชื่อวิทยาศาสตร์ก่อนครอบครอง ค้า เพาะพันธุ์ หรือนำเข้า-ส่งออก และผู้เลี้ยงยังต้องจัดสวัสดิภาพสัตว์ตามกฎหมาย,low,no,needs review,Reptile Database,https://reptile-database.reptarium.cz/,IUCN Red List; CITES Checklist,https://www.iucnredlist.org/ | https://checklist.cites.org/,Thailand Wildlife Preservation and Protection Act B.E. 2562 (uploaded PDF); Thailand Animal Welfare Act B.E. 2557 (uploaded PDF),uploaded:ACT_WILD-ANIMAL_2562.pdf | uploaded:law87.pdf | https://checklist.cites.org/,medium-high,taxonomy-backed-husbandry-review-recommended,Species identity and category were added against an authoritative taxonomic source; husbandry-specific settings and Thai common naming may still need row-level review before production use.
EXO170,Reptile,Turtle,Common Map Turtle,Common Map Turtle,Graptemys geographica,North America,27,30,omnivore,aquatic,diurnal,alert,medium,medium,no,species-specific enclosure; needs review,needs review,needs review,solitary,ต้องตรวจสอบสถานะรายชนิดจากชื่อวิทยาศาสตร์ก่อนครอบครอง ค้า เพาะพันธุ์ หรือนำเข้า-ส่งออก และผู้เลี้ยงต้องจัดสวัสดิภาพสัตว์ตามกฎหมาย,พ.ร.บ. สงวนและคุ้มครองสัตว์ป่า พ.ศ. 2562; พ.ร.บ. ป้องกันการทารุณกรรมและการจัดสวัสดิภาพสัตว์ พ.ศ. 2557,ต้องตรวจสอบประกาศรายชนิดเพิ่มเติม,ต้องตรวจสอบรายชนิดเพิ่มเติม,ต้องตรวจสอบว่าต้องแจ้งการครอบครองหรือขอใบอนุญาตหรือไม่,ต้องตรวจสอบประกาศเพิ่มเติม,ต้องตรวจสอบประกาศเพิ่มเติม,ต้องตรวจสอบรายชนิดเพิ่มเติม,ไม่ควรปล่อย,ผู้เลี้ยงต้องจัดสวัสดิภาพสัตว์ให้เหมาะสมและห้ามทารุณกรรมสัตว์,ควรตรวจสอบสถานะรายชนิดจากชื่อวิทยาศาสตร์ก่อนครอบครอง ค้า เพาะพันธุ์ หรือนำเข้า-ส่งออก และผู้เลี้ยงยังต้องจัดสวัสดิภาพสัตว์ตามกฎหมาย,low,no,needs review,Reptile Database,https://reptile-database.reptarium.cz/,IUCN Red List; CITES Checklist,https://www.iucnredlist.org/ | https://checklist.cites.org/,Thailand Wildlife Preservation and Protection Act B.E. 2562 (uploaded PDF); Thailand Animal Welfare Act B.E. 2557 (uploaded PDF),uploaded:ACT_WILD-ANIMAL_2562.pdf | uploaded:law87.pdf | https://checklist.cites.org/,medium-high,taxonomy-backed-husbandry-review-recommended,Species identity and category were added against an authoritative taxonomic source; husbandry-specific settings and Thai common naming may still need row-level review before production use.
EXO171,Reptile,Turtle,Diamondback Terrapin,Diamondback Terrapin,Malaclemys terrapin,North America,23,30,omnivore,brackish aquatic,diurnal,alert,medium,hard,no,species-specific enclosure; needs review,needs review,needs review,solitary,ต้องตรวจสอบสถานะรายชนิดจากชื่อวิทยาศาสตร์ก่อนครอบครอง ค้า เพาะพันธุ์ หรือนำเข้า-ส่งออก และผู้เลี้ยงต้องจัดสวัสดิภาพสัตว์ตามกฎหมาย,พ.ร.บ. สงวนและคุ้มครองสัตว์ป่า พ.ศ. 2562; พ.ร.บ. ป้องกันการทารุณกรรมและการจัดสวัสดิภาพสัตว์ พ.ศ. 2557,ต้องตรวจสอบประกาศรายชนิดเพิ่มเติม,ต้องตรวจสอบรายชนิดเพิ่มเติม,ต้องตรวจสอบว่าต้องแจ้งการครอบครองหรือขอใบอนุญาตหรือไม่,ต้องตรวจสอบประกาศเพิ่มเติม,ต้องตรวจสอบประกาศเพิ่มเติม,ต้องตรวจสอบรายชนิดเพิ่มเติม,ไม่ควรปล่อย,ผู้เลี้ยงต้องจัดสวัสดิภาพสัตว์ให้เหมาะสมและห้ามทารุณกรรมสัตว์,ควรตรวจสอบสถานะรายชนิดจากชื่อวิทยาศาสตร์ก่อนครอบครอง ค้า เพาะพันธุ์ หรือนำเข้า-ส่งออก และผู้เลี้ยงยังต้องจัดสวัสดิภาพสัตว์ตามกฎหมาย,low,no,needs review,Reptile Database,https://reptile-database.reptarium.cz/,IUCN Red List; CITES Checklist,https://www.iucnredlist.org/ | https://checklist.cites.org/,Thailand Wildlife Preservation and Protection Act B.E. 2562 (uploaded PDF); Thailand Animal Welfare Act B.E. 2557 (uploaded PDF),uploaded:ACT_WILD-ANIMAL_2562.pdf | uploaded:law87.pdf | https://checklist.cites.org/,medium-high,taxonomy-backed-husbandry-review-recommended,Species identity and category were added against an authoritative taxonomic source; husbandry-specific settings and Thai common naming may still need row-level review before production use.
EXO172,Reptile,Turtle,Razor-backed Musk Turtle,Razor-backed Musk Turtle,Sternotherus carinatus,North America,15,25,omnivore,aquatic,crepuscular,calm,low,medium,yes,species-specific enclosure; needs review,needs review,needs review,solitary,ต้องตรวจสอบสถานะรายชนิดจากชื่อวิทยาศาสตร์ก่อนครอบครอง ค้า เพาะพันธุ์ หรือนำเข้า-ส่งออก และผู้เลี้ยงต้องจัดสวัสดิภาพสัตว์ตามกฎหมาย,พ.ร.บ. สงวนและคุ้มครองสัตว์ป่า พ.ศ. 2562; พ.ร.บ. ป้องกันการทารุณกรรมและการจัดสวัสดิภาพสัตว์ พ.ศ. 2557,ต้องตรวจสอบประกาศรายชนิดเพิ่มเติม,ต้องตรวจสอบรายชนิดเพิ่มเติม,ต้องตรวจสอบว่าต้องแจ้งการครอบครองหรือขอใบอนุญาตหรือไม่,ต้องตรวจสอบประกาศเพิ่มเติม,ต้องตรวจสอบประกาศเพิ่มเติม,ต้องตรวจสอบรายชนิดเพิ่มเติม,ไม่ควรปล่อย,ผู้เลี้ยงต้องจัดสวัสดิภาพสัตว์ให้เหมาะสมและห้ามทารุณกรรมสัตว์,ควรตรวจสอบสถานะรายชนิดจากชื่อวิทยาศาสตร์ก่อนครอบครอง ค้า เพาะพันธุ์ หรือนำเข้า-ส่งออก และผู้เลี้ยงยังต้องจัดสวัสดิภาพสัตว์ตามกฎหมาย,low,no,needs review,Reptile Database,https://reptile-database.reptarium.cz/,IUCN Red List; CITES Checklist,https://www.iucnredlist.org/ | https://checklist.cites.org/,Thailand Wildlife Preservation and Protection Act B.E. 2562 (uploaded PDF); Thailand Animal Welfare Act B.E. 2557 (uploaded PDF),uploaded:ACT_WILD-ANIMAL_2562.pdf | uploaded:law87.pdf | https://checklist.cites.org/,medium-high,taxonomy-backed-husbandry-review-recommended,Species identity and category were added against an authoritative taxonomic source; husbandry-specific settings and Thai common naming may still need row-level review before production use.
EXO173,Reptile,Turtle,Reeves's Turtle,Reeves's Turtle,Mauremys reevesii,East Asia,25,25,omnivore,semi-aquatic,diurnal,calm,medium,medium,yes,species-specific enclosure; needs review,needs review,needs review,solitary,ต้องตรวจสอบสถานะรายชนิดจากชื่อวิทยาศาสตร์ก่อนครอบครอง ค้า เพาะพันธุ์ หรือนำเข้า-ส่งออก และผู้เลี้ยงต้องจัดสวัสดิภาพสัตว์ตามกฎหมาย,พ.ร.บ. สงวนและคุ้มครองสัตว์ป่า พ.ศ. 2562; พ.ร.บ. ป้องกันการทารุณกรรมและการจัดสวัสดิภาพสัตว์ พ.ศ. 2557,ต้องตรวจสอบประกาศรายชนิดเพิ่มเติม,ต้องตรวจสอบรายชนิดเพิ่มเติม,ต้องตรวจสอบว่าต้องแจ้งการครอบครองหรือขอใบอนุญาตหรือไม่,ต้องตรวจสอบประกาศเพิ่มเติม,ต้องตรวจสอบประกาศเพิ่มเติม,ต้องตรวจสอบรายชนิดเพิ่มเติม,ไม่ควรปล่อย,ผู้เลี้ยงต้องจัดสวัสดิภาพสัตว์ให้เหมาะสมและห้ามทารุณกรรมสัตว์,ควรตรวจสอบสถานะรายชนิดจากชื่อวิทยาศาสตร์ก่อนครอบครอง ค้า เพาะพันธุ์ หรือนำเข้า-ส่งออก และผู้เลี้ยงยังต้องจัดสวัสดิภาพสัตว์ตามกฎหมาย,low,no,needs review,Reptile Database,https://reptile-database.reptarium.cz/,IUCN Red List; CITES Checklist,https://www.iucnredlist.org/ | https://checklist.cites.org/,Thailand Wildlife Preservation and Protection Act B.E. 2562 (uploaded PDF); Thailand Animal Welfare Act B.E. 2557 (uploaded PDF),uploaded:ACT_WILD-ANIMAL_2562.pdf | uploaded:law87.pdf | https://checklist.cites.org/,medium-high,taxonomy-backed-husbandry-review-recommended,Species identity and category were added against an authoritative taxonomic source; husbandry-specific settings and Thai common naming may still need row-level review before production use.
EXO174,Reptile,Turtle,False Map Turtle,False Map Turtle,Graptemys pseudogeographica,North America,27,30,omnivore,aquatic,diurnal,alert,medium,medium,no,species-specific enclosure; needs review,needs review,needs review,solitary,ต้องตรวจสอบสถานะรายชนิดจากชื่อวิทยาศาสตร์ก่อนครอบครอง ค้า เพาะพันธุ์ หรือนำเข้า-ส่งออก และผู้เลี้ยงต้องจัดสวัสดิภาพสัตว์ตามกฎหมาย,พ.ร.บ. สงวนและคุ้มครองสัตว์ป่า พ.ศ. 2562; พ.ร.บ. ป้องกันการทารุณกรรมและการจัดสวัสดิภาพสัตว์ พ.ศ. 2557,ต้องตรวจสอบประกาศรายชนิดเพิ่มเติม,ต้องตรวจสอบรายชนิดเพิ่มเติม,ต้องตรวจสอบว่าต้องแจ้งการครอบครองหรือขอใบอนุญาตหรือไม่,ต้องตรวจสอบประกาศเพิ่มเติม,ต้องตรวจสอบประกาศเพิ่มเติม,ต้องตรวจสอบรายชนิดเพิ่มเติม,ไม่ควรปล่อย,ผู้เลี้ยงต้องจัดสวัสดิภาพสัตว์ให้เหมาะสมและห้ามทารุณกรรมสัตว์,ควรตรวจสอบสถานะรายชนิดจากชื่อวิทยาศาสตร์ก่อนครอบครอง ค้า เพาะพันธุ์ หรือนำเข้า-ส่งออก และผู้เลี้ยงยังต้องจัดสวัสดิภาพสัตว์ตามกฎหมาย,low,no,needs review,Reptile Database,https://reptile-database.reptarium.cz/,IUCN Red List; CITES Checklist,https://www.iucnredlist.org/ | https://checklist.cites.org/,Thailand Wildlife Preservation and Protection Act B.E. 2562 (uploaded PDF); Thailand Animal Welfare Act B.E. 2557 (uploaded PDF),uploaded:ACT_WILD-ANIMAL_2562.pdf | uploaded:law87.pdf | https://checklist.cites.org/,medium-high,taxonomy-backed-husbandry-review-recommended,Species identity and category were added against an authoritative taxonomic source; husbandry-specific settings and Thai common naming may still need row-level review before production use.
EXO175,Reptile,Monitor,Green Tree Monitor,Green Tree Monitor,Varanus prasinus,New Guinea,90,15,carnivore,arboreal,diurnal,alert,high,hard,no,species-specific enclosure; needs review,needs review,needs review,solitary,ต้องตรวจสอบสถานะรายชนิดจากชื่อวิทยาศาสตร์ก่อนครอบครอง ค้า เพาะพันธุ์ หรือนำเข้า-ส่งออก และผู้เลี้ยงต้องจัดสวัสดิภาพสัตว์ตามกฎหมาย,พ.ร.บ. สงวนและคุ้มครองสัตว์ป่า พ.ศ. 2562; พ.ร.บ. ป้องกันการทารุณกรรมและการจัดสวัสดิภาพสัตว์ พ.ศ. 2557,ต้องตรวจสอบประกาศรายชนิดเพิ่มเติม,ต้องตรวจสอบรายชนิดเพิ่มเติม,ต้องตรวจสอบว่าต้องแจ้งการครอบครองหรือขอใบอนุญาตหรือไม่,ต้องตรวจสอบประกาศเพิ่มเติม,ต้องตรวจสอบประกาศเพิ่มเติม,ต้องตรวจสอบรายชนิดเพิ่มเติม,ไม่ควรปล่อย,ผู้เลี้ยงต้องจัดสวัสดิภาพสัตว์ให้เหมาะสมและห้ามทารุณกรรมสัตว์,ควรตรวจสอบสถานะรายชนิดจากชื่อวิทยาศาสตร์ก่อนครอบครอง ค้า เพาะพันธุ์ หรือนำเข้า-ส่งออก และผู้เลี้ยงยังต้องจัดสวัสดิภาพสัตว์ตามกฎหมาย,medium,no,needs review,Reptile Database,https://reptile-database.reptarium.cz/,IUCN Red List; CITES Checklist,https://www.iucnredlist.org/ | https://checklist.cites.org/,Thailand Wildlife Preservation and Protection Act B.E. 2562 (uploaded PDF); Thailand Animal Welfare Act B.E. 2557 (uploaded PDF),uploaded:ACT_WILD-ANIMAL_2562.pdf | uploaded:law87.pdf | https://checklist.cites.org/,medium-high,taxonomy-backed-husbandry-review-recommended,Species identity and category were added against an authoritative taxonomic source; husbandry-specific settings and Thai common naming may still need row-level review before production use.
EXO176,Reptile,Lizard,Red-eyed Crocodile Skink,Red-eyed Crocodile Skink,Tribolonotus gracilis,New Guinea,20,12,insectivore,terrestrial,crepuscular,shy,high,hard,no,species-specific enclosure; needs review,needs review,needs review,pair,ต้องตรวจสอบสถานะรายชนิดจากชื่อวิทยาศาสตร์ก่อนครอบครอง ค้า เพาะพันธุ์ หรือนำเข้า-ส่งออก และผู้เลี้ยงต้องจัดสวัสดิภาพสัตว์ตามกฎหมาย,พ.ร.บ. สงวนและคุ้มครองสัตว์ป่า พ.ศ. 2562; พ.ร.บ. ป้องกันการทารุณกรรมและการจัดสวัสดิภาพสัตว์ พ.ศ. 2557,ต้องตรวจสอบประกาศรายชนิดเพิ่มเติม,ต้องตรวจสอบรายชนิดเพิ่มเติม,ต้องตรวจสอบว่าต้องแจ้งการครอบครองหรือขอใบอนุญาตหรือไม่,ต้องตรวจสอบประกาศเพิ่มเติม,ต้องตรวจสอบประกาศเพิ่มเติม,ต้องตรวจสอบรายชนิดเพิ่มเติม,ไม่ควรปล่อย,ผู้เลี้ยงต้องจัดสวัสดิภาพสัตว์ให้เหมาะสมและห้ามทารุณกรรมสัตว์,ควรตรวจสอบสถานะรายชนิดจากชื่อวิทยาศาสตร์ก่อนครอบครอง ค้า เพาะพันธุ์ หรือนำเข้า-ส่งออก และผู้เลี้ยงยังต้องจัดสวัสดิภาพสัตว์ตามกฎหมาย,low,no,needs review,Reptile Database,https://reptile-database.reptarium.cz/,IUCN Red List; CITES Checklist,https://www.iucnredlist.org/ | https://checklist.cites.org/,Thailand Wildlife Preservation and Protection Act B.E. 2562 (uploaded PDF); Thailand Animal Welfare Act B.E. 2557 (uploaded PDF),uploaded:ACT_WILD-ANIMAL_2562.pdf | uploaded:law87.pdf | https://checklist.cites.org/,medium-high,taxonomy-backed-husbandry-review-recommended,Species identity and category were added against an authoritative taxonomic source; husbandry-specific settings and Thai common naming may still need row-level review before production use.
EXO177,Reptile,Monitor,Kimberley Rock Monitor,Kimberley Rock Monitor,Varanus glauerti,Australia,90,18,carnivore,terrestrial/arboreal,diurnal,alert,high,hard,no,species-specific enclosure; needs review,needs review,needs review,solitary,ต้องตรวจสอบสถานะรายชนิดจากชื่อวิทยาศาสตร์ก่อนครอบครอง ค้า เพาะพันธุ์ หรือนำเข้า-ส่งออก และผู้เลี้ยงต้องจัดสวัสดิภาพสัตว์ตามกฎหมาย,พ.ร.บ. สงวนและคุ้มครองสัตว์ป่า พ.ศ. 2562; พ.ร.บ. ป้องกันการทารุณกรรมและการจัดสวัสดิภาพสัตว์ พ.ศ. 2557,ต้องตรวจสอบประกาศรายชนิดเพิ่มเติม,ต้องตรวจสอบรายชนิดเพิ่มเติม,ต้องตรวจสอบว่าต้องแจ้งการครอบครองหรือขอใบอนุญาตหรือไม่,ต้องตรวจสอบประกาศเพิ่มเติม,ต้องตรวจสอบประกาศเพิ่มเติม,ต้องตรวจสอบรายชนิดเพิ่มเติม,ไม่ควรปล่อย,ผู้เลี้ยงต้องจัดสวัสดิภาพสัตว์ให้เหมาะสมและห้ามทารุณกรรมสัตว์,ควรตรวจสอบสถานะรายชนิดจากชื่อวิทยาศาสตร์ก่อนครอบครอง ค้า เพาะพันธุ์ หรือนำเข้า-ส่งออก และผู้เลี้ยงยังต้องจัดสวัสดิภาพสัตว์ตามกฎหมาย,medium,no,needs review,Reptile Database,https://reptile-database.reptarium.cz/,IUCN Red List; CITES Checklist,https://www.iucnredlist.org/ | https://checklist.cites.org/,Thailand Wildlife Preservation and Protection Act B.E. 2562 (uploaded PDF); Thailand Animal Welfare Act B.E. 2557 (uploaded PDF),uploaded:ACT_WILD-ANIMAL_2562.pdf | uploaded:law87.pdf | https://checklist.cites.org/,medium-high,taxonomy-backed-husbandry-review-recommended,Species identity and category were added against an authoritative taxonomic source; husbandry-specific settings and Thai common naming may still need row-level review before production use.
EXO178,Amphibian,Frog,Amazon Milk Frog,Amazon Milk Frog,Trachycephalus resinifictrix,South America,10,12,insectivore,arboreal,nocturnal,calm,medium,medium,yes,species-specific enclosure; needs review,needs review,needs review,group,ต้องตรวจสอบสถานะรายชนิดจากชื่อวิทยาศาสตร์ก่อนครอบครอง ค้า เพาะพันธุ์ หรือนำเข้า-ส่งออก และผู้เลี้ยงต้องจัดสวัสดิภาพสัตว์ตามกฎหมาย,พ.ร.บ. สงวนและคุ้มครองสัตว์ป่า พ.ศ. 2562; พ.ร.บ. ป้องกันการทารุณกรรมและการจัดสวัสดิภาพสัตว์ พ.ศ. 2557,ต้องตรวจสอบประกาศรายชนิดเพิ่มเติม,ต้องตรวจสอบรายชนิดเพิ่มเติม,ต้องตรวจสอบว่าต้องแจ้งการครอบครองหรือขอใบอนุญาตหรือไม่,ต้องตรวจสอบประกาศเพิ่มเติม,ต้องตรวจสอบประกาศเพิ่มเติม,ต้องตรวจสอบรายชนิดเพิ่มเติม,ไม่ควรปล่อย,ผู้เลี้ยงต้องจัดสวัสดิภาพสัตว์ให้เหมาะสมและห้ามทารุณกรรมสัตว์,ควรตรวจสอบสถานะรายชนิดจากชื่อวิทยาศาสตร์ก่อนครอบครอง ค้า เพาะพันธุ์ หรือนำเข้า-ส่งออก และผู้เลี้ยงยังต้องจัดสวัสดิภาพสัตว์ตามกฎหมาย,low,no,needs review,AmphibiaWeb,https://amphibiaweb.org/,IUCN Red List; CITES Checklist,https://www.iucnredlist.org/ | https://checklist.cites.org/,Thailand Wildlife Preservation and Protection Act B.E. 2562 (uploaded PDF); Thailand Animal Welfare Act B.E. 2557 (uploaded PDF),uploaded:ACT_WILD-ANIMAL_2562.pdf | uploaded:law87.pdf | https://checklist.cites.org/,medium-high,taxonomy-backed-husbandry-review-recommended,Species identity and category were added against an authoritative taxonomic source; husbandry-specific settings and Thai common naming may still need row-level review before production use.
EXO179,Amphibian,Frog,Vietnamese Mossy Frog,Vietnamese Mossy Frog,Theloderma corticale,Vietnam,8,10,insectivore,semi-aquatic,nocturnal,shy,high,hard,no,species-specific enclosure; needs review,needs review,needs review,group,ต้องตรวจสอบสถานะรายชนิดจากชื่อวิทยาศาสตร์ก่อนครอบครอง ค้า เพาะพันธุ์ หรือนำเข้า-ส่งออก และผู้เลี้ยงต้องจัดสวัสดิภาพสัตว์ตามกฎหมาย,พ.ร.บ. สงวนและคุ้มครองสัตว์ป่า พ.ศ. 2562; พ.ร.บ. ป้องกันการทารุณกรรมและการจัดสวัสดิภาพสัตว์ พ.ศ. 2557,ต้องตรวจสอบประกาศรายชนิดเพิ่มเติม,ต้องตรวจสอบรายชนิดเพิ่มเติม,ต้องตรวจสอบว่าต้องแจ้งการครอบครองหรือขอใบอนุญาตหรือไม่,ต้องตรวจสอบประกาศเพิ่มเติม,ต้องตรวจสอบประกาศเพิ่มเติม,ต้องตรวจสอบรายชนิดเพิ่มเติม,ไม่ควรปล่อย,ผู้เลี้ยงต้องจัดสวัสดิภาพสัตว์ให้เหมาะสมและห้ามทารุณกรรมสัตว์,ควรตรวจสอบสถานะรายชนิดจากชื่อวิทยาศาสตร์ก่อนครอบครอง ค้า เพาะพันธุ์ หรือนำเข้า-ส่งออก และผู้เลี้ยงยังต้องจัดสวัสดิภาพสัตว์ตามกฎหมาย,low,no,needs review,AmphibiaWeb,https://amphibiaweb.org/,IUCN Red List; CITES Checklist,https://www.iucnredlist.org/ | https://checklist.cites.org/,Thailand Wildlife Preservation and Protection Act B.E. 2562 (uploaded PDF); Thailand Animal Welfare Act B.E. 2557 (uploaded PDF),uploaded:ACT_WILD-ANIMAL_2562.pdf | uploaded:law87.pdf | https://checklist.cites.org/,medium-high,taxonomy-backed-husbandry-review-recommended,Species identity and category were added against an authoritative taxonomic source; husbandry-specific settings and Thai common naming may still need row-level review before production use.
EXO180,Amphibian,Frog,American Green Tree Frog,American Green Tree Frog,Hyla cinerea,North America,6,6,insectivore,arboreal,nocturnal,calm,high,easy,yes,species-specific enclosure; needs review,needs review,needs review,group,ต้องตรวจสอบสถานะรายชนิดจากชื่อวิทยาศาสตร์ก่อนครอบครอง ค้า เพาะพันธุ์ หรือนำเข้า-ส่งออก และผู้เลี้ยงต้องจัดสวัสดิภาพสัตว์ตามกฎหมาย,พ.ร.บ. สงวนและคุ้มครองสัตว์ป่า พ.ศ. 2562; พ.ร.บ. ป้องกันการทารุณกรรมและการจัดสวัสดิภาพสัตว์ พ.ศ. 2557,ต้องตรวจสอบประกาศรายชนิดเพิ่มเติม,ต้องตรวจสอบรายชนิดเพิ่มเติม,ต้องตรวจสอบว่าต้องแจ้งการครอบครองหรือขอใบอนุญาตหรือไม่,ต้องตรวจสอบประกาศเพิ่มเติม,ต้องตรวจสอบประกาศเพิ่มเติม,ต้องตรวจสอบรายชนิดเพิ่มเติม,ไม่ควรปล่อย,ผู้เลี้ยงต้องจัดสวัสดิภาพสัตว์ให้เหมาะสมและห้ามทารุณกรรมสัตว์,ควรตรวจสอบสถานะรายชนิดจากชื่อวิทยาศาสตร์ก่อนครอบครอง ค้า เพาะพันธุ์ หรือนำเข้า-ส่งออก และผู้เลี้ยงยังต้องจัดสวัสดิภาพสัตว์ตามกฎหมาย,low,no,needs review,AmphibiaWeb,https://amphibiaweb.org/,IUCN Red List; CITES Checklist,https://www.iucnredlist.org/ | https://checklist.cites.org/,Thailand Wildlife Preservation and Protection Act B.E. 2562 (uploaded PDF); Thailand Animal Welfare Act B.E. 2557 (uploaded PDF),uploaded:ACT_WILD-ANIMAL_2562.pdf | uploaded:law87.pdf | https://checklist.cites.org/,medium-high,taxonomy-backed-husbandry-review-recommended,Species identity and category were added against an authoritative taxonomic source; husbandry-specific settings and Thai common naming may still need row-level review before production use.
EXO181,Amphibian,Frog,Gray Treefrog,Gray Treefrog,Dryophytes versicolor,North America,5,8,insectivore,arboreal,nocturnal,calm,high,medium,yes,species-specific enclosure; needs review,needs review,needs review,group,ต้องตรวจสอบสถานะรายชนิดจากชื่อวิทยาศาสตร์ก่อนครอบครอง ค้า เพาะพันธุ์ หรือนำเข้า-ส่งออก และผู้เลี้ยงต้องจัดสวัสดิภาพสัตว์ตามกฎหมาย,พ.ร.บ. สงวนและคุ้มครองสัตว์ป่า พ.ศ. 2562; พ.ร.บ. ป้องกันการทารุณกรรมและการจัดสวัสดิภาพสัตว์ พ.ศ. 2557,ต้องตรวจสอบประกาศรายชนิดเพิ่มเติม,ต้องตรวจสอบรายชนิดเพิ่มเติม,ต้องตรวจสอบว่าต้องแจ้งการครอบครองหรือขอใบอนุญาตหรือไม่,ต้องตรวจสอบประกาศเพิ่มเติม,ต้องตรวจสอบประกาศเพิ่มเติม,ต้องตรวจสอบรายชนิดเพิ่มเติม,ไม่ควรปล่อย,ผู้เลี้ยงต้องจัดสวัสดิภาพสัตว์ให้เหมาะสมและห้ามทารุณกรรมสัตว์,ควรตรวจสอบสถานะรายชนิดจากชื่อวิทยาศาสตร์ก่อนครอบครอง ค้า เพาะพันธุ์ หรือนำเข้า-ส่งออก และผู้เลี้ยงยังต้องจัดสวัสดิภาพสัตว์ตามกฎหมาย,low,no,needs review,AmphibiaWeb,https://amphibiaweb.org/,IUCN Red List; CITES Checklist,https://www.iucnredlist.org/ | https://checklist.cites.org/,Thailand Wildlife Preservation and Protection Act B.E. 2562 (uploaded PDF); Thailand Animal Welfare Act B.E. 2557 (uploaded PDF),uploaded:ACT_WILD-ANIMAL_2562.pdf | uploaded:law87.pdf | https://checklist.cites.org/,medium-high,taxonomy-backed-husbandry-review-recommended,Species identity and category were added against an authoritative taxonomic source; husbandry-specific settings and Thai common naming may still need row-level review before production use.
EXO182,Amphibian,Toad,Yellow-bellied Toad,Yellow-bellied Toad,Bombina variegata,Europe,5,12,insectivore,semi-aquatic,diurnal,active,high,medium,yes,species-specific enclosure; needs review,needs review,needs review,group,ต้องตรวจสอบสถานะรายชนิดจากชื่อวิทยาศาสตร์ก่อนครอบครอง ค้า เพาะพันธุ์ หรือนำเข้า-ส่งออก และผู้เลี้ยงต้องจัดสวัสดิภาพสัตว์ตามกฎหมาย,พ.ร.บ. สงวนและคุ้มครองสัตว์ป่า พ.ศ. 2562; พ.ร.บ. ป้องกันการทารุณกรรมและการจัดสวัสดิภาพสัตว์ พ.ศ. 2557,ต้องตรวจสอบประกาศรายชนิดเพิ่มเติม,ต้องตรวจสอบรายชนิดเพิ่มเติม,ต้องตรวจสอบว่าต้องแจ้งการครอบครองหรือขอใบอนุญาตหรือไม่,ต้องตรวจสอบประกาศเพิ่มเติม,ต้องตรวจสอบประกาศเพิ่มเติม,ต้องตรวจสอบรายชนิดเพิ่มเติม,ไม่ควรปล่อย,ผู้เลี้ยงต้องจัดสวัสดิภาพสัตว์ให้เหมาะสมและห้ามทารุณกรรมสัตว์,ควรตรวจสอบสถานะรายชนิดจากชื่อวิทยาศาสตร์ก่อนครอบครอง ค้า เพาะพันธุ์ หรือนำเข้า-ส่งออก และผู้เลี้ยงยังต้องจัดสวัสดิภาพสัตว์ตามกฎหมาย,low,mild skin toxins,needs review,AmphibiaWeb,https://amphibiaweb.org/,IUCN Red List; CITES Checklist,https://www.iucnredlist.org/ | https://checklist.cites.org/,Thailand Wildlife Preservation and Protection Act B.E. 2562 (uploaded PDF); Thailand Animal Welfare Act B.E. 2557 (uploaded PDF),uploaded:ACT_WILD-ANIMAL_2562.pdf | uploaded:law87.pdf | https://checklist.cites.org/,medium-high,taxonomy-backed-husbandry-review-recommended,Species identity and category were added against an authoritative taxonomic source; husbandry-specific settings and Thai common naming may still need row-level review before production use.
EXO183,Amphibian,Toad,Surinam Toad,Surinam Toad,Pipa pipa,South America,18,10,carnivore,aquatic,nocturnal,calm,high,hard,no,species-specific enclosure; needs review,needs review,needs review,solitary,ต้องตรวจสอบสถานะรายชนิดจากชื่อวิทยาศาสตร์ก่อนครอบครอง ค้า เพาะพันธุ์ หรือนำเข้า-ส่งออก และผู้เลี้ยงต้องจัดสวัสดิภาพสัตว์ตามกฎหมาย,พ.ร.บ. สงวนและคุ้มครองสัตว์ป่า พ.ศ. 2562; พ.ร.บ. ป้องกันการทารุณกรรมและการจัดสวัสดิภาพสัตว์ พ.ศ. 2557,ต้องตรวจสอบประกาศรายชนิดเพิ่มเติม,ต้องตรวจสอบรายชนิดเพิ่มเติม,ต้องตรวจสอบว่าต้องแจ้งการครอบครองหรือขอใบอนุญาตหรือไม่,ต้องตรวจสอบประกาศเพิ่มเติม,ต้องตรวจสอบประกาศเพิ่มเติม,ต้องตรวจสอบรายชนิดเพิ่มเติม,ไม่ควรปล่อย,ผู้เลี้ยงต้องจัดสวัสดิภาพสัตว์ให้เหมาะสมและห้ามทารุณกรรมสัตว์,ควรตรวจสอบสถานะรายชนิดจากชื่อวิทยาศาสตร์ก่อนครอบครอง ค้า เพาะพันธุ์ หรือนำเข้า-ส่งออก และผู้เลี้ยงยังต้องจัดสวัสดิภาพสัตว์ตามกฎหมาย,low,no,needs review,AmphibiaWeb,https://amphibiaweb.org/,IUCN Red List; CITES Checklist,https://www.iucnredlist.org/ | https://checklist.cites.org/,Thailand Wildlife Preservation and Protection Act B.E. 2562 (uploaded PDF); Thailand Animal Welfare Act B.E. 2557 (uploaded PDF),uploaded:ACT_WILD-ANIMAL_2562.pdf | uploaded:law87.pdf | https://checklist.cites.org/,medium-high,taxonomy-backed-husbandry-review-recommended,Species identity and category were added against an authoritative taxonomic source; husbandry-specific settings and Thai common naming may still need row-level review before production use.
EXO184,Amphibian,Frog,African Clawed Frog,African Clawed Frog,Xenopus laevis,Africa,12,15,carnivore,aquatic,nocturnal,aggressive feeder,high,medium,no,species-specific enclosure; needs review,needs review,needs review,solitary,ต้องตรวจสอบสถานะรายชนิดจากชื่อวิทยาศาสตร์ก่อนครอบครอง ค้า เพาะพันธุ์ หรือนำเข้า-ส่งออก และผู้เลี้ยงต้องจัดสวัสดิภาพสัตว์ตามกฎหมาย,พ.ร.บ. สงวนและคุ้มครองสัตว์ป่า พ.ศ. 2562; พ.ร.บ. ป้องกันการทารุณกรรมและการจัดสวัสดิภาพสัตว์ พ.ศ. 2557,ต้องตรวจสอบประกาศรายชนิดเพิ่มเติม,ต้องตรวจสอบรายชนิดเพิ่มเติม,ต้องตรวจสอบว่าต้องแจ้งการครอบครองหรือขอใบอนุญาตหรือไม่,ต้องตรวจสอบประกาศเพิ่มเติม,ต้องตรวจสอบประกาศเพิ่มเติม,ต้องตรวจสอบรายชนิดเพิ่มเติม,ไม่ควรปล่อย,ผู้เลี้ยงต้องจัดสวัสดิภาพสัตว์ให้เหมาะสมและห้ามทารุณกรรมสัตว์,ควรตรวจสอบสถานะรายชนิดจากชื่อวิทยาศาสตร์ก่อนครอบครอง ค้า เพาะพันธุ์ หรือนำเข้า-ส่งออก และผู้เลี้ยงยังต้องจัดสวัสดิภาพสัตว์ตามกฎหมาย,low,no,needs review,AmphibiaWeb,https://amphibiaweb.org/,IUCN Red List; CITES Checklist,https://www.iucnredlist.org/ | https://checklist.cites.org/,Thailand Wildlife Preservation and Protection Act B.E. 2562 (uploaded PDF); Thailand Animal Welfare Act B.E. 2557 (uploaded PDF),uploaded:ACT_WILD-ANIMAL_2562.pdf | uploaded:law87.pdf | https://checklist.cites.org/,medium-high,taxonomy-backed-husbandry-review-recommended,Species identity and category were added against an authoritative taxonomic source; husbandry-specific settings and Thai common naming may still need row-level review before production use.
EXO185,Amphibian,Frog,Strawberry Poison Dart Frog,Strawberry Poison Dart Frog,Oophaga pumilio,Central America,2,10,insectivore,terrestrial,diurnal,active,high,hard,no,species-specific enclosure; needs review,needs review,needs review,pair/group,ต้องตรวจสอบสถานะรายชนิดจากชื่อวิทยาศาสตร์ก่อนครอบครอง ค้า เพาะพันธุ์ หรือนำเข้า-ส่งออก และผู้เลี้ยงต้องจัดสวัสดิภาพสัตว์ตามกฎหมาย,พ.ร.บ. สงวนและคุ้มครองสัตว์ป่า พ.ศ. 2562; พ.ร.บ. ป้องกันการทารุณกรรมและการจัดสวัสดิภาพสัตว์ พ.ศ. 2557,ต้องตรวจสอบประกาศรายชนิดเพิ่มเติม,ต้องตรวจสอบรายชนิดเพิ่มเติม,ต้องตรวจสอบว่าต้องแจ้งการครอบครองหรือขอใบอนุญาตหรือไม่,ต้องตรวจสอบประกาศเพิ่มเติม,ต้องตรวจสอบประกาศเพิ่มเติม,ต้องตรวจสอบรายชนิดเพิ่มเติม,ไม่ควรปล่อย,ผู้เลี้ยงต้องจัดสวัสดิภาพสัตว์ให้เหมาะสมและห้ามทารุณกรรมสัตว์,ควรตรวจสอบสถานะรายชนิดจากชื่อวิทยาศาสตร์ก่อนครอบครอง ค้า เพาะพันธุ์ หรือนำเข้า-ส่งออก และผู้เลี้ยงยังต้องจัดสวัสดิภาพสัตว์ตามกฎหมาย,low,yes,needs review,AmphibiaWeb,https://amphibiaweb.org/,IUCN Red List; CITES Checklist,https://www.iucnredlist.org/ | https://checklist.cites.org/,Thailand Wildlife Preservation and Protection Act B.E. 2562 (uploaded PDF); Thailand Animal Welfare Act B.E. 2557 (uploaded PDF),uploaded:ACT_WILD-ANIMAL_2562.pdf | uploaded:law87.pdf | https://checklist.cites.org/,medium-high,taxonomy-backed-husbandry-review-recommended,Species identity and category were added against an authoritative taxonomic source; husbandry-specific settings and Thai common naming may still need row-level review before production use.
EXO186,Amphibian,Frog,Imitator Poison Frog,Imitator Poison Frog,Ranitomeya imitator,South America,5,12,insectivore,terrestrial,diurnal,bold,high,hard,no,species-specific enclosure; needs review,needs review,needs review,pair/group,ต้องตรวจสอบสถานะรายชนิดจากชื่อวิทยาศาสตร์ก่อนครอบครอง ค้า เพาะพันธุ์ หรือนำเข้า-ส่งออก และผู้เลี้ยงต้องจัดสวัสดิภาพสัตว์ตามกฎหมาย,พ.ร.บ. สงวนและคุ้มครองสัตว์ป่า พ.ศ. 2562; พ.ร.บ. ป้องกันการทารุณกรรมและการจัดสวัสดิภาพสัตว์ พ.ศ. 2557,ต้องตรวจสอบประกาศรายชนิดเพิ่มเติม,ต้องตรวจสอบรายชนิดเพิ่มเติม,ต้องตรวจสอบว่าต้องแจ้งการครอบครองหรือขอใบอนุญาตหรือไม่,ต้องตรวจสอบประกาศเพิ่มเติม,ต้องตรวจสอบประกาศเพิ่มเติม,ต้องตรวจสอบรายชนิดเพิ่มเติม,ไม่ควรปล่อย,ผู้เลี้ยงต้องจัดสวัสดิภาพสัตว์ให้เหมาะสมและห้ามทารุณกรรมสัตว์,ควรตรวจสอบสถานะรายชนิดจากชื่อวิทยาศาสตร์ก่อนครอบครอง ค้า เพาะพันธุ์ หรือนำเข้า-ส่งออก และผู้เลี้ยงยังต้องจัดสวัสดิภาพสัตว์ตามกฎหมาย,low,yes,needs review,AmphibiaWeb,https://amphibiaweb.org/,IUCN Red List; CITES Checklist,https://www.iucnredlist.org/ | https://checklist.cites.org/,Thailand Wildlife Preservation and Protection Act B.E. 2562 (uploaded PDF); Thailand Animal Welfare Act B.E. 2557 (uploaded PDF),uploaded:ACT_WILD-ANIMAL_2562.pdf | uploaded:law87.pdf | https://checklist.cites.org/,medium-high,taxonomy-backed-husbandry-review-recommended,Species identity and category were added against an authoritative taxonomic source; husbandry-specific settings and Thai common naming may still need row-level review before production use.
EXO187,Amphibian,Frog,Golden Poison Frog,Golden Poison Frog,Phyllobates terribilis,Colombia,5,10,insectivore,terrestrial,diurnal,active,high,hard,no,species-specific enclosure; needs review,needs review,needs review,group,ต้องตรวจสอบสถานะรายชนิดจากชื่อวิทยาศาสตร์ก่อนครอบครอง ค้า เพาะพันธุ์ หรือนำเข้า-ส่งออก และผู้เลี้ยงต้องจัดสวัสดิภาพสัตว์ตามกฎหมาย,พ.ร.บ. สงวนและคุ้มครองสัตว์ป่า พ.ศ. 2562; พ.ร.บ. ป้องกันการทารุณกรรมและการจัดสวัสดิภาพสัตว์ พ.ศ. 2557,ต้องตรวจสอบประกาศรายชนิดเพิ่มเติม,ต้องตรวจสอบรายชนิดเพิ่มเติม,ต้องตรวจสอบว่าต้องแจ้งการครอบครองหรือขอใบอนุญาตหรือไม่,ต้องตรวจสอบประกาศเพิ่มเติม,ต้องตรวจสอบประกาศเพิ่มเติม,ต้องตรวจสอบรายชนิดเพิ่มเติม,ไม่ควรปล่อย,ผู้เลี้ยงต้องจัดสวัสดิภาพสัตว์ให้เหมาะสมและห้ามทารุณกรรมสัตว์,ควรตรวจสอบสถานะรายชนิดจากชื่อวิทยาศาสตร์ก่อนครอบครอง ค้า เพาะพันธุ์ หรือนำเข้า-ส่งออก และผู้เลี้ยงยังต้องจัดสวัสดิภาพสัตว์ตามกฎหมาย,low,yes,needs review,AmphibiaWeb,https://amphibiaweb.org/,IUCN Red List; CITES Checklist,https://www.iucnredlist.org/ | https://checklist.cites.org/,Thailand Wildlife Preservation and Protection Act B.E. 2562 (uploaded PDF); Thailand Animal Welfare Act B.E. 2557 (uploaded PDF),uploaded:ACT_WILD-ANIMAL_2562.pdf | uploaded:law87.pdf | https://checklist.cites.org/,medium-high,taxonomy-backed-husbandry-review-recommended,Species identity and category were added against an authoritative taxonomic source; husbandry-specific settings and Thai common naming may still need row-level review before production use.
EXO188,Amphibian,Frog,Bumblebee Poison Dart Frog,Bumblebee Poison Dart Frog,Dendrobates leucomelas,South America,4,10,insectivore,terrestrial,diurnal,active,high,hard,no,species-specific enclosure; needs review,needs review,needs review,group,ต้องตรวจสอบสถานะรายชนิดจากชื่อวิทยาศาสตร์ก่อนครอบครอง ค้า เพาะพันธุ์ หรือนำเข้า-ส่งออก และผู้เลี้ยงต้องจัดสวัสดิภาพสัตว์ตามกฎหมาย,พ.ร.บ. สงวนและคุ้มครองสัตว์ป่า พ.ศ. 2562; พ.ร.บ. ป้องกันการทารุณกรรมและการจัดสวัสดิภาพสัตว์ พ.ศ. 2557,ต้องตรวจสอบประกาศรายชนิดเพิ่มเติม,ต้องตรวจสอบรายชนิดเพิ่มเติม,ต้องตรวจสอบว่าต้องแจ้งการครอบครองหรือขอใบอนุญาตหรือไม่,ต้องตรวจสอบประกาศเพิ่มเติม,ต้องตรวจสอบประกาศเพิ่มเติม,ต้องตรวจสอบรายชนิดเพิ่มเติม,ไม่ควรปล่อย,ผู้เลี้ยงต้องจัดสวัสดิภาพสัตว์ให้เหมาะสมและห้ามทารุณกรรมสัตว์,ควรตรวจสอบสถานะรายชนิดจากชื่อวิทยาศาสตร์ก่อนครอบครอง ค้า เพาะพันธุ์ หรือนำเข้า-ส่งออก และผู้เลี้ยงยังต้องจัดสวัสดิภาพสัตว์ตามกฎหมาย,low,yes,needs review,AmphibiaWeb,https://amphibiaweb.org/,IUCN Red List; CITES Checklist,https://www.iucnredlist.org/ | https://checklist.cites.org/,Thailand Wildlife Preservation and Protection Act B.E. 2562 (uploaded PDF); Thailand Animal Welfare Act B.E. 2557 (uploaded PDF),uploaded:ACT_WILD-ANIMAL_2562.pdf | uploaded:law87.pdf | https://checklist.cites.org/,medium-high,taxonomy-backed-husbandry-review-recommended,Species identity and category were added against an authoritative taxonomic source; husbandry-specific settings and Thai common naming may still need row-level review before production use.
EXO189,Amphibian,Newt,Spanish Ribbed Newt,Spanish Ribbed Newt,Pleurodeles waltl,Iberian Peninsula,23,15,carnivore,aquatic,nocturnal,calm,high,medium,no,species-specific enclosure; needs review,needs review,needs review,group,ต้องตรวจสอบสถานะรายชนิดจากชื่อวิทยาศาสตร์ก่อนครอบครอง ค้า เพาะพันธุ์ หรือนำเข้า-ส่งออก และผู้เลี้ยงต้องจัดสวัสดิภาพสัตว์ตามกฎหมาย,พ.ร.บ. สงวนและคุ้มครองสัตว์ป่า พ.ศ. 2562; พ.ร.บ. ป้องกันการทารุณกรรมและการจัดสวัสดิภาพสัตว์ พ.ศ. 2557,ต้องตรวจสอบประกาศรายชนิดเพิ่มเติม,ต้องตรวจสอบรายชนิดเพิ่มเติม,ต้องตรวจสอบว่าต้องแจ้งการครอบครองหรือขอใบอนุญาตหรือไม่,ต้องตรวจสอบประกาศเพิ่มเติม,ต้องตรวจสอบประกาศเพิ่มเติม,ต้องตรวจสอบรายชนิดเพิ่มเติม,ไม่ควรปล่อย,ผู้เลี้ยงต้องจัดสวัสดิภาพสัตว์ให้เหมาะสมและห้ามทารุณกรรมสัตว์,ควรตรวจสอบสถานะรายชนิดจากชื่อวิทยาศาสตร์ก่อนครอบครอง ค้า เพาะพันธุ์ หรือนำเข้า-ส่งออก และผู้เลี้ยงยังต้องจัดสวัสดิภาพสัตว์ตามกฎหมาย,low,no,needs review,AmphibiaWeb,https://amphibiaweb.org/,IUCN Red List; CITES Checklist,https://www.iucnredlist.org/ | https://checklist.cites.org/,Thailand Wildlife Preservation and Protection Act B.E. 2562 (uploaded PDF); Thailand Animal Welfare Act B.E. 2557 (uploaded PDF),uploaded:ACT_WILD-ANIMAL_2562.pdf | uploaded:law87.pdf | https://checklist.cites.org/,medium-high,taxonomy-backed-husbandry-review-recommended,Species identity and category were added against an authoritative taxonomic source; husbandry-specific settings and Thai common naming may still need row-level review before production use.
EXO190,Amphibian,Newt,Emperor Newt,Emperor Newt,Tylototriton shanjing,China/Myanmar,18,12,carnivore,terrestrial/semi-aquatic,nocturnal,shy,high,hard,no,species-specific enclosure; needs review,needs review,needs review,solitary,ต้องตรวจสอบสถานะรายชนิดจากชื่อวิทยาศาสตร์ก่อนครอบครอง ค้า เพาะพันธุ์ หรือนำเข้า-ส่งออก และผู้เลี้ยงต้องจัดสวัสดิภาพสัตว์ตามกฎหมาย,พ.ร.บ. สงวนและคุ้มครองสัตว์ป่า พ.ศ. 2562; พ.ร.บ. ป้องกันการทารุณกรรมและการจัดสวัสดิภาพสัตว์ พ.ศ. 2557,ต้องตรวจสอบประกาศรายชนิดเพิ่มเติม,ต้องตรวจสอบรายชนิดเพิ่มเติม,ต้องตรวจสอบว่าต้องแจ้งการครอบครองหรือขอใบอนุญาตหรือไม่,ต้องตรวจสอบประกาศเพิ่มเติม,ต้องตรวจสอบประกาศเพิ่มเติม,ต้องตรวจสอบรายชนิดเพิ่มเติม,ไม่ควรปล่อย,ผู้เลี้ยงต้องจัดสวัสดิภาพสัตว์ให้เหมาะสมและห้ามทารุณกรรมสัตว์,ควรตรวจสอบสถานะรายชนิดจากชื่อวิทยาศาสตร์ก่อนครอบครอง ค้า เพาะพันธุ์ หรือนำเข้า-ส่งออก และผู้เลี้ยงยังต้องจัดสวัสดิภาพสัตว์ตามกฎหมาย,low,mild toxins,needs review,AmphibiaWeb,https://amphibiaweb.org/,IUCN Red List; CITES Checklist,https://www.iucnredlist.org/ | https://checklist.cites.org/,Thailand Wildlife Preservation and Protection Act B.E. 2562 (uploaded PDF); Thailand Animal Welfare Act B.E. 2557 (uploaded PDF),uploaded:ACT_WILD-ANIMAL_2562.pdf | uploaded:law87.pdf | https://checklist.cites.org/,medium-high,taxonomy-backed-husbandry-review-recommended,Species identity and category were added against an authoritative taxonomic source; husbandry-specific settings and Thai common naming may still need row-level review before production use.
EXO191,Amphibian,Newt,Alpine Newt,Alpine Newt,Ichthyosaura alpestris,Europe,10,15,carnivore,semi-aquatic,crepuscular,calm,high,medium,no,species-specific enclosure; needs review,needs review,needs review,group,ต้องตรวจสอบสถานะรายชนิดจากชื่อวิทยาศาสตร์ก่อนครอบครอง ค้า เพาะพันธุ์ หรือนำเข้า-ส่งออก และผู้เลี้ยงต้องจัดสวัสดิภาพสัตว์ตามกฎหมาย,พ.ร.บ. สงวนและคุ้มครองสัตว์ป่า พ.ศ. 2562; พ.ร.บ. ป้องกันการทารุณกรรมและการจัดสวัสดิภาพสัตว์ พ.ศ. 2557,ต้องตรวจสอบประกาศรายชนิดเพิ่มเติม,ต้องตรวจสอบรายชนิดเพิ่มเติม,ต้องตรวจสอบว่าต้องแจ้งการครอบครองหรือขอใบอนุญาตหรือไม่,ต้องตรวจสอบประกาศเพิ่มเติม,ต้องตรวจสอบประกาศเพิ่มเติม,ต้องตรวจสอบรายชนิดเพิ่มเติม,ไม่ควรปล่อย,ผู้เลี้ยงต้องจัดสวัสดิภาพสัตว์ให้เหมาะสมและห้ามทารุณกรรมสัตว์,ควรตรวจสอบสถานะรายชนิดจากชื่อวิทยาศาสตร์ก่อนครอบครอง ค้า เพาะพันธุ์ หรือนำเข้า-ส่งออก และผู้เลี้ยงยังต้องจัดสวัสดิภาพสัตว์ตามกฎหมาย,low,no,needs review,AmphibiaWeb,https://amphibiaweb.org/,IUCN Red List; CITES Checklist,https://www.iucnredlist.org/ | https://checklist.cites.org/,Thailand Wildlife Preservation and Protection Act B.E. 2562 (uploaded PDF); Thailand Animal Welfare Act B.E. 2557 (uploaded PDF),uploaded:ACT_WILD-ANIMAL_2562.pdf | uploaded:law87.pdf | https://checklist.cites.org/,medium-high,taxonomy-backed-husbandry-review-recommended,Species identity and category were added against an authoritative taxonomic source; husbandry-specific settings and Thai common naming may still need row-level review before production use.
EXO192,Amphibian,Newt,Eastern Newt,Eastern Newt,Notophthalmus viridescens,North America,13,15,carnivore,semi-aquatic,crepuscular,calm,high,medium,no,species-specific enclosure; needs review,needs review,needs review,solitary,ต้องตรวจสอบสถานะรายชนิดจากชื่อวิทยาศาสตร์ก่อนครอบครอง ค้า เพาะพันธุ์ หรือนำเข้า-ส่งออก และผู้เลี้ยงต้องจัดสวัสดิภาพสัตว์ตามกฎหมาย,พ.ร.บ. สงวนและคุ้มครองสัตว์ป่า พ.ศ. 2562; พ.ร.บ. ป้องกันการทารุณกรรมและการจัดสวัสดิภาพสัตว์ พ.ศ. 2557,ต้องตรวจสอบประกาศรายชนิดเพิ่มเติม,ต้องตรวจสอบรายชนิดเพิ่มเติม,ต้องตรวจสอบว่าต้องแจ้งการครอบครองหรือขอใบอนุญาตหรือไม่,ต้องตรวจสอบประกาศเพิ่มเติม,ต้องตรวจสอบประกาศเพิ่มเติม,ต้องตรวจสอบรายชนิดเพิ่มเติม,ไม่ควรปล่อย,ผู้เลี้ยงต้องจัดสวัสดิภาพสัตว์ให้เหมาะสมและห้ามทารุณกรรมสัตว์,ควรตรวจสอบสถานะรายชนิดจากชื่อวิทยาศาสตร์ก่อนครอบครอง ค้า เพาะพันธุ์ หรือนำเข้า-ส่งออก และผู้เลี้ยงยังต้องจัดสวัสดิภาพสัตว์ตามกฎหมาย,low,mild toxins,needs review,AmphibiaWeb,https://amphibiaweb.org/,IUCN Red List; CITES Checklist,https://www.iucnredlist.org/ | https://checklist.cites.org/,Thailand Wildlife Preservation and Protection Act B.E. 2562 (uploaded PDF); Thailand Animal Welfare Act B.E. 2557 (uploaded PDF),uploaded:ACT_WILD-ANIMAL_2562.pdf | uploaded:law87.pdf | https://checklist.cites.org/,medium-high,taxonomy-backed-husbandry-review-recommended,Species identity and category were added against an authoritative taxonomic source; husbandry-specific settings and Thai common naming may still need row-level review before production use.
EXO193,Amphibian,Newt,Marbled Newt,Marbled Newt,Triturus marmoratus,Europe,16,15,carnivore,semi-aquatic,crepuscular,shy,high,medium,no,species-specific enclosure; needs review,needs review,needs review,solitary,ต้องตรวจสอบสถานะรายชนิดจากชื่อวิทยาศาสตร์ก่อนครอบครอง ค้า เพาะพันธุ์ หรือนำเข้า-ส่งออก และผู้เลี้ยงต้องจัดสวัสดิภาพสัตว์ตามกฎหมาย,พ.ร.บ. สงวนและคุ้มครองสัตว์ป่า พ.ศ. 2562; พ.ร.บ. ป้องกันการทารุณกรรมและการจัดสวัสดิภาพสัตว์ พ.ศ. 2557,ต้องตรวจสอบประกาศรายชนิดเพิ่มเติม,ต้องตรวจสอบรายชนิดเพิ่มเติม,ต้องตรวจสอบว่าต้องแจ้งการครอบครองหรือขอใบอนุญาตหรือไม่,ต้องตรวจสอบประกาศเพิ่มเติม,ต้องตรวจสอบประกาศเพิ่มเติม,ต้องตรวจสอบรายชนิดเพิ่มเติม,ไม่ควรปล่อย,ผู้เลี้ยงต้องจัดสวัสดิภาพสัตว์ให้เหมาะสมและห้ามทารุณกรรมสัตว์,ควรตรวจสอบสถานะรายชนิดจากชื่อวิทยาศาสตร์ก่อนครอบครอง ค้า เพาะพันธุ์ หรือนำเข้า-ส่งออก และผู้เลี้ยงยังต้องจัดสวัสดิภาพสัตว์ตามกฎหมาย,low,mild toxins,needs review,AmphibiaWeb,https://amphibiaweb.org/,IUCN Red List; CITES Checklist,https://www.iucnredlist.org/ | https://checklist.cites.org/,Thailand Wildlife Preservation and Protection Act B.E. 2562 (uploaded PDF); Thailand Animal Welfare Act B.E. 2557 (uploaded PDF),uploaded:ACT_WILD-ANIMAL_2562.pdf | uploaded:law87.pdf | https://checklist.cites.org/,medium-high,taxonomy-backed-husbandry-review-recommended,Species identity and category were added against an authoritative taxonomic source; husbandry-specific settings and Thai common naming may still need row-level review before production use.
EXO194,Amphibian,Newt,Paddletail Newt,Paddletail Newt,Pachytriton labiatus,China,18,12,carnivore,aquatic,nocturnal,territorial,high,hard,no,species-specific enclosure; needs review,needs review,needs review,solitary,ต้องตรวจสอบสถานะรายชนิดจากชื่อวิทยาศาสตร์ก่อนครอบครอง ค้า เพาะพันธุ์ หรือนำเข้า-ส่งออก และผู้เลี้ยงต้องจัดสวัสดิภาพสัตว์ตามกฎหมาย,พ.ร.บ. สงวนและคุ้มครองสัตว์ป่า พ.ศ. 2562; พ.ร.บ. ป้องกันการทารุณกรรมและการจัดสวัสดิภาพสัตว์ พ.ศ. 2557,ต้องตรวจสอบประกาศรายชนิดเพิ่มเติม,ต้องตรวจสอบรายชนิดเพิ่มเติม,ต้องตรวจสอบว่าต้องแจ้งการครอบครองหรือขอใบอนุญาตหรือไม่,ต้องตรวจสอบประกาศเพิ่มเติม,ต้องตรวจสอบประกาศเพิ่มเติม,ต้องตรวจสอบรายชนิดเพิ่มเติม,ไม่ควรปล่อย,ผู้เลี้ยงต้องจัดสวัสดิภาพสัตว์ให้เหมาะสมและห้ามทารุณกรรมสัตว์,ควรตรวจสอบสถานะรายชนิดจากชื่อวิทยาศาสตร์ก่อนครอบครอง ค้า เพาะพันธุ์ หรือนำเข้า-ส่งออก และผู้เลี้ยงยังต้องจัดสวัสดิภาพสัตว์ตามกฎหมาย,low,no,needs review,AmphibiaWeb,https://amphibiaweb.org/,IUCN Red List; CITES Checklist,https://www.iucnredlist.org/ | https://checklist.cites.org/,Thailand Wildlife Preservation and Protection Act B.E. 2562 (uploaded PDF); Thailand Animal Welfare Act B.E. 2557 (uploaded PDF),uploaded:ACT_WILD-ANIMAL_2562.pdf | uploaded:law87.pdf | https://checklist.cites.org/,medium-high,taxonomy-backed-husbandry-review-recommended,Species identity and category were added against an authoritative taxonomic source; husbandry-specific settings and Thai common naming may still need row-level review before production use.
EXO195,Amphibian,Newt,Japanese Fire-bellied Newt,Japanese Fire-bellied Newt,Cynops pyrrhogaster,Japan,12,20,carnivore,semi-aquatic,crepuscular,calm,high,medium,no,species-specific enclosure; needs review,needs review,needs review,group,ต้องตรวจสอบสถานะรายชนิดจากชื่อวิทยาศาสตร์ก่อนครอบครอง ค้า เพาะพันธุ์ หรือนำเข้า-ส่งออก และผู้เลี้ยงต้องจัดสวัสดิภาพสัตว์ตามกฎหมาย,พ.ร.บ. สงวนและคุ้มครองสัตว์ป่า พ.ศ. 2562; พ.ร.บ. ป้องกันการทารุณกรรมและการจัดสวัสดิภาพสัตว์ พ.ศ. 2557,ต้องตรวจสอบประกาศรายชนิดเพิ่มเติม,ต้องตรวจสอบรายชนิดเพิ่มเติม,ต้องตรวจสอบว่าต้องแจ้งการครอบครองหรือขอใบอนุญาตหรือไม่,ต้องตรวจสอบประกาศเพิ่มเติม,ต้องตรวจสอบประกาศเพิ่มเติม,ต้องตรวจสอบรายชนิดเพิ่มเติม,ไม่ควรปล่อย,ผู้เลี้ยงต้องจัดสวัสดิภาพสัตว์ให้เหมาะสมและห้ามทารุณกรรมสัตว์,ควรตรวจสอบสถานะรายชนิดจากชื่อวิทยาศาสตร์ก่อนครอบครอง ค้า เพาะพันธุ์ หรือนำเข้า-ส่งออก และผู้เลี้ยงยังต้องจัดสวัสดิภาพสัตว์ตามกฎหมาย,low,mild toxins,needs review,AmphibiaWeb,https://amphibiaweb.org/,IUCN Red List; CITES Checklist,https://www.iucnredlist.org/ | https://checklist.cites.org/,Thailand Wildlife Preservation and Protection Act B.E. 2562 (uploaded PDF); Thailand Animal Welfare Act B.E. 2557 (uploaded PDF),uploaded:ACT_WILD-ANIMAL_2562.pdf | uploaded:law87.pdf | https://checklist.cites.org/,medium-high,taxonomy-backed-husbandry-review-recommended,Species identity and category were added against an authoritative taxonomic source; husbandry-specific settings and Thai common naming may still need row-level review before production use.
EXO196,Mammal,Rodent,Fancy Mouse,Fancy Mouse,Mus musculus domesticus,Global/domesticated,9,3,omnivore,terrestrial,nocturnal,active,medium,easy,yes,species-specific enclosure; needs review,needs review,needs review,group,ต้องตรวจสอบสถานะรายชนิดจากชื่อวิทยาศาสตร์ก่อนครอบครอง ค้า เพาะพันธุ์ หรือนำเข้า-ส่งออก และผู้เลี้ยงต้องจัดสวัสดิภาพสัตว์ตามกฎหมาย,พ.ร.บ. สงวนและคุ้มครองสัตว์ป่า พ.ศ. 2562; พ.ร.บ. ป้องกันการทารุณกรรมและการจัดสวัสดิภาพสัตว์ พ.ศ. 2557,ต้องตรวจสอบประกาศรายชนิดเพิ่มเติม,ต้องตรวจสอบรายชนิดเพิ่มเติม,ต้องตรวจสอบว่าต้องแจ้งการครอบครองหรือขอใบอนุญาตหรือไม่,ต้องตรวจสอบประกาศเพิ่มเติม,ต้องตรวจสอบประกาศเพิ่มเติม,ต้องตรวจสอบรายชนิดเพิ่มเติม,ไม่ควรปล่อย,ผู้เลี้ยงต้องจัดสวัสดิภาพสัตว์ให้เหมาะสมและห้ามทารุณกรรมสัตว์,ควรตรวจสอบสถานะรายชนิดจากชื่อวิทยาศาสตร์ก่อนครอบครอง ค้า เพาะพันธุ์ หรือนำเข้า-ส่งออก และผู้เลี้ยงยังต้องจัดสวัสดิภาพสัตว์ตามกฎหมาย,low,no,needs review,Mammal Diversity Database,https://www.mammaldiversity.org/,IUCN Red List; CITES Checklist,https://www.iucnredlist.org/ | https://checklist.cites.org/,Thailand Wildlife Preservation and Protection Act B.E. 2562 (uploaded PDF); Thailand Animal Welfare Act B.E. 2557 (uploaded PDF),uploaded:ACT_WILD-ANIMAL_2562.pdf | uploaded:law87.pdf | https://checklist.cites.org/,medium-high,taxonomy-backed-husbandry-review-recommended,Species identity and category were added against an authoritative taxonomic source; husbandry-specific settings and Thai common naming may still need row-level review before production use.
EXO197,Mammal,Rodent,African Soft-furred Rat,African Soft-furred Rat,Mastomys natalensis,Africa,13,3,omnivore,terrestrial,nocturnal,active,medium,medium,yes,species-specific enclosure; needs review,needs review,needs review,group,ต้องตรวจสอบสถานะรายชนิดจากชื่อวิทยาศาสตร์ก่อนครอบครอง ค้า เพาะพันธุ์ หรือนำเข้า-ส่งออก และผู้เลี้ยงต้องจัดสวัสดิภาพสัตว์ตามกฎหมาย,พ.ร.บ. สงวนและคุ้มครองสัตว์ป่า พ.ศ. 2562; พ.ร.บ. ป้องกันการทารุณกรรมและการจัดสวัสดิภาพสัตว์ พ.ศ. 2557,ต้องตรวจสอบประกาศรายชนิดเพิ่มเติม,ต้องตรวจสอบรายชนิดเพิ่มเติม,ต้องตรวจสอบว่าต้องแจ้งการครอบครองหรือขอใบอนุญาตหรือไม่,ต้องตรวจสอบประกาศเพิ่มเติม,ต้องตรวจสอบประกาศเพิ่มเติม,ต้องตรวจสอบรายชนิดเพิ่มเติม,ไม่ควรปล่อย,ผู้เลี้ยงต้องจัดสวัสดิภาพสัตว์ให้เหมาะสมและห้ามทารุณกรรมสัตว์,ควรตรวจสอบสถานะรายชนิดจากชื่อวิทยาศาสตร์ก่อนครอบครอง ค้า เพาะพันธุ์ หรือนำเข้า-ส่งออก และผู้เลี้ยงยังต้องจัดสวัสดิภาพสัตว์ตามกฎหมาย,low,no,needs review,Mammal Diversity Database,https://www.mammaldiversity.org/,IUCN Red List; CITES Checklist,https://www.iucnredlist.org/ | https://checklist.cites.org/,Thailand Wildlife Preservation and Protection Act B.E. 2562 (uploaded PDF); Thailand Animal Welfare Act B.E. 2557 (uploaded PDF),uploaded:ACT_WILD-ANIMAL_2562.pdf | uploaded:law87.pdf | https://checklist.cites.org/,medium-high,taxonomy-backed-husbandry-review-recommended,Species identity and category were added against an authoritative taxonomic source; husbandry-specific settings and Thai common naming may still need row-level review before production use.
EXO198,Mammal,Rodent,Chinese Hamster,Chinese Hamster,Cricetulus griseus,China/Mongolia,10,3,omnivore,terrestrial,nocturnal,calm,low,easy,yes,species-specific enclosure; needs review,needs review,needs review,solitary,ต้องตรวจสอบสถานะรายชนิดจากชื่อวิทยาศาสตร์ก่อนครอบครอง ค้า เพาะพันธุ์ หรือนำเข้า-ส่งออก และผู้เลี้ยงต้องจัดสวัสดิภาพสัตว์ตามกฎหมาย,พ.ร.บ. สงวนและคุ้มครองสัตว์ป่า พ.ศ. 2562; พ.ร.บ. ป้องกันการทารุณกรรมและการจัดสวัสดิภาพสัตว์ พ.ศ. 2557,ต้องตรวจสอบประกาศรายชนิดเพิ่มเติม,ต้องตรวจสอบรายชนิดเพิ่มเติม,ต้องตรวจสอบว่าต้องแจ้งการครอบครองหรือขอใบอนุญาตหรือไม่,ต้องตรวจสอบประกาศเพิ่มเติม,ต้องตรวจสอบประกาศเพิ่มเติม,ต้องตรวจสอบรายชนิดเพิ่มเติม,ไม่ควรปล่อย,ผู้เลี้ยงต้องจัดสวัสดิภาพสัตว์ให้เหมาะสมและห้ามทารุณกรรมสัตว์,ควรตรวจสอบสถานะรายชนิดจากชื่อวิทยาศาสตร์ก่อนครอบครอง ค้า เพาะพันธุ์ หรือนำเข้า-ส่งออก และผู้เลี้ยงยังต้องจัดสวัสดิภาพสัตว์ตามกฎหมาย,low,no,needs review,Mammal Diversity Database,https://www.mammaldiversity.org/,IUCN Red List; CITES Checklist,https://www.iucnredlist.org/ | https://checklist.cites.org/,Thailand Wildlife Preservation and Protection Act B.E. 2562 (uploaded PDF); Thailand Animal Welfare Act B.E. 2557 (uploaded PDF),uploaded:ACT_WILD-ANIMAL_2562.pdf | uploaded:law87.pdf | https://checklist.cites.org/,medium-high,taxonomy-backed-husbandry-review-recommended,Species identity and category were added against an authoritative taxonomic source; husbandry-specific settings and Thai common naming may still need row-level review before production use.
EXO199,Mammal,Rodent,Winter White Dwarf Hamster,Winter White Dwarf Hamster,Phodopus sungorus,Central Asia,9,2,omnivore,terrestrial,nocturnal,calm,low,easy,yes,species-specific enclosure; needs review,needs review,needs review,solitary,ต้องตรวจสอบสถานะรายชนิดจากชื่อวิทยาศาสตร์ก่อนครอบครอง ค้า เพาะพันธุ์ หรือนำเข้า-ส่งออก และผู้เลี้ยงต้องจัดสวัสดิภาพสัตว์ตามกฎหมาย,พ.ร.บ. สงวนและคุ้มครองสัตว์ป่า พ.ศ. 2562; พ.ร.บ. ป้องกันการทารุณกรรมและการจัดสวัสดิภาพสัตว์ พ.ศ. 2557,ต้องตรวจสอบประกาศรายชนิดเพิ่มเติม,ต้องตรวจสอบรายชนิดเพิ่มเติม,ต้องตรวจสอบว่าต้องแจ้งการครอบครองหรือขอใบอนุญาตหรือไม่,ต้องตรวจสอบประกาศเพิ่มเติม,ต้องตรวจสอบประกาศเพิ่มเติม,ต้องตรวจสอบรายชนิดเพิ่มเติม,ไม่ควรปล่อย,ผู้เลี้ยงต้องจัดสวัสดิภาพสัตว์ให้เหมาะสมและห้ามทารุณกรรมสัตว์,ควรตรวจสอบสถานะรายชนิดจากชื่อวิทยาศาสตร์ก่อนครอบครอง ค้า เพาะพันธุ์ หรือนำเข้า-ส่งออก และผู้เลี้ยงยังต้องจัดสวัสดิภาพสัตว์ตามกฎหมาย,low,no,needs review,Mammal Diversity Database,https://www.mammaldiversity.org/,IUCN Red List; CITES Checklist,https://www.iucnredlist.org/ | https://checklist.cites.org/,Thailand Wildlife Preservation and Protection Act B.E. 2562 (uploaded PDF); Thailand Animal Welfare Act B.E. 2557 (uploaded PDF),uploaded:ACT_WILD-ANIMAL_2562.pdf | uploaded:law87.pdf | https://checklist.cites.org/,medium-high,taxonomy-backed-husbandry-review-recommended,Species identity and category were added against an authoritative taxonomic source; husbandry-specific settings and Thai common naming may still need row-level review before production use.
EXO200,Mammal,Marsupial,Short-tailed Opossum,Short-tailed Opossum,Monodelphis domestica,South America,15,4,omnivore,terrestrial,nocturnal,shy,medium,medium,no,species-specific enclosure; needs review,needs review,needs review,solitary,ต้องตรวจสอบสถานะรายชนิดจากชื่อวิทยาศาสตร์ก่อนครอบครอง ค้า เพาะพันธุ์ หรือนำเข้า-ส่งออก และผู้เลี้ยงต้องจัดสวัสดิภาพสัตว์ตามกฎหมาย,พ.ร.บ. สงวนและคุ้มครองสัตว์ป่า พ.ศ. 2562; พ.ร.บ. ป้องกันการทารุณกรรมและการจัดสวัสดิภาพสัตว์ พ.ศ. 2557,ต้องตรวจสอบประกาศรายชนิดเพิ่มเติม,ต้องตรวจสอบรายชนิดเพิ่มเติม,ต้องตรวจสอบว่าต้องแจ้งการครอบครองหรือขอใบอนุญาตหรือไม่,ต้องตรวจสอบประกาศเพิ่มเติม,ต้องตรวจสอบประกาศเพิ่มเติม,ต้องตรวจสอบรายชนิดเพิ่มเติม,ไม่ควรปล่อย,ผู้เลี้ยงต้องจัดสวัสดิภาพสัตว์ให้เหมาะสมและห้ามทารุณกรรมสัตว์,ควรตรวจสอบสถานะรายชนิดจากชื่อวิทยาศาสตร์ก่อนครอบครอง ค้า เพาะพันธุ์ หรือนำเข้า-ส่งออก และผู้เลี้ยงยังต้องจัดสวัสดิภาพสัตว์ตามกฎหมาย,low,no,needs review,Mammal Diversity Database,https://www.mammaldiversity.org/,IUCN Red List; CITES Checklist,https://www.iucnredlist.org/ | https://checklist.cites.org/,Thailand Wildlife Preservation and Protection Act B.E. 2562 (uploaded PDF); Thailand Animal Welfare Act B.E. 2557 (uploaded PDF),uploaded:ACT_WILD-ANIMAL_2562.pdf | uploaded:law87.pdf | https://checklist.cites.org/,medium-high,taxonomy-backed-husbandry-review-recommended,Species identity and category were added against an authoritative taxonomic source; husbandry-specific settings and Thai common naming may still need row-level review before production use.
EXO201,Mammal,Rodent,African Pygmy Mouse,African Pygmy Mouse,Mus minutoides,Africa,7,2,omnivore,terrestrial,nocturnal,active,high,medium,no,species-specific enclosure; needs review,needs review,needs review,group,ต้องตรวจสอบสถานะรายชนิดจากชื่อวิทยาศาสตร์ก่อนครอบครอง ค้า เพาะพันธุ์ หรือนำเข้า-ส่งออก และผู้เลี้ยงต้องจัดสวัสดิภาพสัตว์ตามกฎหมาย,พ.ร.บ. สงวนและคุ้มครองสัตว์ป่า พ.ศ. 2562; พ.ร.บ. ป้องกันการทารุณกรรมและการจัดสวัสดิภาพสัตว์ พ.ศ. 2557,ต้องตรวจสอบประกาศรายชนิดเพิ่มเติม,ต้องตรวจสอบรายชนิดเพิ่มเติม,ต้องตรวจสอบว่าต้องแจ้งการครอบครองหรือขอใบอนุญาตหรือไม่,ต้องตรวจสอบประกาศเพิ่มเติม,ต้องตรวจสอบประกาศเพิ่มเติม,ต้องตรวจสอบรายชนิดเพิ่มเติม,ไม่ควรปล่อย,ผู้เลี้ยงต้องจัดสวัสดิภาพสัตว์ให้เหมาะสมและห้ามทารุณกรรมสัตว์,ควรตรวจสอบสถานะรายชนิดจากชื่อวิทยาศาสตร์ก่อนครอบครอง ค้า เพาะพันธุ์ หรือนำเข้า-ส่งออก และผู้เลี้ยงยังต้องจัดสวัสดิภาพสัตว์ตามกฎหมาย,low,no,needs review,Mammal Diversity Database,https://www.mammaldiversity.org/,IUCN Red List; CITES Checklist,https://www.iucnredlist.org/ | https://checklist.cites.org/,Thailand Wildlife Preservation and Protection Act B.E. 2562 (uploaded PDF); Thailand Animal Welfare Act B.E. 2557 (uploaded PDF),uploaded:ACT_WILD-ANIMAL_2562.pdf | uploaded:law87.pdf | https://checklist.cites.org/,medium-high,taxonomy-backed-husbandry-review-recommended,Species identity and category were added against an authoritative taxonomic source; husbandry-specific settings and Thai common naming may still need row-level review before production use.
EXO202,Mammal,Rodent,Gambian Pouched Rat,Gambian Pouched Rat,Cricetomys gambianus,Africa,40,8,omnivore,terrestrial,nocturnal,intelligent,medium,hard,no,species-specific enclosure; needs review,needs review,needs review,group,ต้องตรวจสอบสถานะรายชนิดจากชื่อวิทยาศาสตร์ก่อนครอบครอง ค้า เพาะพันธุ์ หรือนำเข้า-ส่งออก และผู้เลี้ยงต้องจัดสวัสดิภาพสัตว์ตามกฎหมาย,พ.ร.บ. สงวนและคุ้มครองสัตว์ป่า พ.ศ. 2562; พ.ร.บ. ป้องกันการทารุณกรรมและการจัดสวัสดิภาพสัตว์ พ.ศ. 2557,ต้องตรวจสอบประกาศรายชนิดเพิ่มเติม,ต้องตรวจสอบรายชนิดเพิ่มเติม,ต้องตรวจสอบว่าต้องแจ้งการครอบครองหรือขอใบอนุญาตหรือไม่,ต้องตรวจสอบประกาศเพิ่มเติม,ต้องตรวจสอบประกาศเพิ่มเติม,ต้องตรวจสอบรายชนิดเพิ่มเติม,ไม่ควรปล่อย,ผู้เลี้ยงต้องจัดสวัสดิภาพสัตว์ให้เหมาะสมและห้ามทารุณกรรมสัตว์,ควรตรวจสอบสถานะรายชนิดจากชื่อวิทยาศาสตร์ก่อนครอบครอง ค้า เพาะพันธุ์ หรือนำเข้า-ส่งออก และผู้เลี้ยงยังต้องจัดสวัสดิภาพสัตว์ตามกฎหมาย,medium,no,needs review,Mammal Diversity Database,https://www.mammaldiversity.org/,IUCN Red List; CITES Checklist,https://www.iucnredlist.org/ | https://checklist.cites.org/,Thailand Wildlife Preservation and Protection Act B.E. 2562 (uploaded PDF); Thailand Animal Welfare Act B.E. 2557 (uploaded PDF),uploaded:ACT_WILD-ANIMAL_2562.pdf | uploaded:law87.pdf | https://checklist.cites.org/,medium-high,taxonomy-backed-husbandry-review-recommended,Species identity and category were added against an authoritative taxonomic source; husbandry-specific settings and Thai common naming may still need row-level review before production use.
EXO203,Mammal,Carnivore,Coatimundi,Coatimundi,Nasua nasua,South America,110,14,omnivore,arboreal/terrestrial,diurnal,curious,high,hard,no,species-specific enclosure; needs review,needs review,needs review,group,ต้องตรวจสอบสถานะรายชนิดจากชื่อวิทยาศาสตร์ก่อนครอบครอง ค้า เพาะพันธุ์ หรือนำเข้า-ส่งออก และผู้เลี้ยงต้องจัดสวัสดิภาพสัตว์ตามกฎหมาย,พ.ร.บ. สงวนและคุ้มครองสัตว์ป่า พ.ศ. 2562; พ.ร.บ. ป้องกันการทารุณกรรมและการจัดสวัสดิภาพสัตว์ พ.ศ. 2557,ต้องตรวจสอบประกาศรายชนิดเพิ่มเติม,ต้องตรวจสอบรายชนิดเพิ่มเติม,ต้องตรวจสอบว่าต้องแจ้งการครอบครองหรือขอใบอนุญาตหรือไม่,ต้องตรวจสอบประกาศเพิ่มเติม,ต้องตรวจสอบประกาศเพิ่มเติม,ต้องตรวจสอบรายชนิดเพิ่มเติม,ไม่ควรปล่อย,ผู้เลี้ยงต้องจัดสวัสดิภาพสัตว์ให้เหมาะสมและห้ามทารุณกรรมสัตว์,ควรตรวจสอบสถานะรายชนิดจากชื่อวิทยาศาสตร์ก่อนครอบครอง ค้า เพาะพันธุ์ หรือนำเข้า-ส่งออก และผู้เลี้ยงยังต้องจัดสวัสดิภาพสัตว์ตามกฎหมาย,medium,no,needs review,Mammal Diversity Database,https://www.mammaldiversity.org/,IUCN Red List; CITES Checklist,https://www.iucnredlist.org/ | https://checklist.cites.org/,Thailand Wildlife Preservation and Protection Act B.E. 2562 (uploaded PDF); Thailand Animal Welfare Act B.E. 2557 (uploaded PDF),uploaded:ACT_WILD-ANIMAL_2562.pdf | uploaded:law87.pdf | https://checklist.cites.org/,medium-high,taxonomy-backed-husbandry-review-recommended,Species identity and category were added against an authoritative taxonomic source; husbandry-specific settings and Thai common naming may still need row-level review before production use.
EXO204,Mammal,Carnivore,Serval,Serval,Leptailurus serval,Africa,100,20,carnivore,terrestrial,crepuscular,intense,high,hard,no,species-specific enclosure; needs review,needs review,needs review,solitary,ต้องตรวจสอบสถานะรายชนิดจากชื่อวิทยาศาสตร์ก่อนครอบครอง ค้า เพาะพันธุ์ หรือนำเข้า-ส่งออก และผู้เลี้ยงต้องจัดสวัสดิภาพสัตว์ตามกฎหมาย,พ.ร.บ. สงวนและคุ้มครองสัตว์ป่า พ.ศ. 2562; พ.ร.บ. ป้องกันการทารุณกรรมและการจัดสวัสดิภาพสัตว์ พ.ศ. 2557,ต้องตรวจสอบประกาศรายชนิดเพิ่มเติม,ต้องตรวจสอบรายชนิดเพิ่มเติม,ต้องตรวจสอบว่าต้องแจ้งการครอบครองหรือขอใบอนุญาตหรือไม่,ต้องตรวจสอบประกาศเพิ่มเติม,ต้องตรวจสอบประกาศเพิ่มเติม,ต้องตรวจสอบรายชนิดเพิ่มเติม,ไม่ควรปล่อย,ผู้เลี้ยงต้องจัดสวัสดิภาพสัตว์ให้เหมาะสมและห้ามทารุณกรรมสัตว์,ควรตรวจสอบสถานะรายชนิดจากชื่อวิทยาศาสตร์ก่อนครอบครอง ค้า เพาะพันธุ์ หรือนำเข้า-ส่งออก และผู้เลี้ยงยังต้องจัดสวัสดิภาพสัตว์ตามกฎหมาย,high,no,needs review,Mammal Diversity Database,https://www.mammaldiversity.org/,IUCN Red List; CITES Checklist,https://www.iucnredlist.org/ | https://checklist.cites.org/,Thailand Wildlife Preservation and Protection Act B.E. 2562 (uploaded PDF); Thailand Animal Welfare Act B.E. 2557 (uploaded PDF),uploaded:ACT_WILD-ANIMAL_2562.pdf | uploaded:law87.pdf | https://checklist.cites.org/,medium-high,taxonomy-backed-husbandry-review-recommended,Species identity and category were added against an authoritative taxonomic source; husbandry-specific settings and Thai common naming may still need row-level review before production use.
EXO205,Mammal,Primate,Squirrel Monkey,Squirrel Monkey,Saimiri sciureus,South America,35,20,omnivore,arboreal,diurnal,active,high,hard,no,species-specific enclosure; needs review,needs review,needs review,group,ต้องตรวจสอบสถานะรายชนิดจากชื่อวิทยาศาสตร์ก่อนครอบครอง ค้า เพาะพันธุ์ หรือนำเข้า-ส่งออก และผู้เลี้ยงต้องจัดสวัสดิภาพสัตว์ตามกฎหมาย,พ.ร.บ. สงวนและคุ้มครองสัตว์ป่า พ.ศ. 2562; พ.ร.บ. ป้องกันการทารุณกรรมและการจัดสวัสดิภาพสัตว์ พ.ศ. 2557,ต้องตรวจสอบประกาศรายชนิดเพิ่มเติม,ต้องตรวจสอบรายชนิดเพิ่มเติม,ต้องตรวจสอบว่าต้องแจ้งการครอบครองหรือขอใบอนุญาตหรือไม่,ต้องตรวจสอบประกาศเพิ่มเติม,ต้องตรวจสอบประกาศเพิ่มเติม,ต้องตรวจสอบรายชนิดเพิ่มเติม,ไม่ควรปล่อย,ผู้เลี้ยงต้องจัดสวัสดิภาพสัตว์ให้เหมาะสมและห้ามทารุณกรรมสัตว์,ควรตรวจสอบสถานะรายชนิดจากชื่อวิทยาศาสตร์ก่อนครอบครอง ค้า เพาะพันธุ์ หรือนำเข้า-ส่งออก และผู้เลี้ยงยังต้องจัดสวัสดิภาพสัตว์ตามกฎหมาย,medium,no,needs review,Mammal Diversity Database,https://www.mammaldiversity.org/,IUCN Red List; CITES Checklist,https://www.iucnredlist.org/ | https://checklist.cites.org/,Thailand Wildlife Preservation and Protection Act B.E. 2562 (uploaded PDF); Thailand Animal Welfare Act B.E. 2557 (uploaded PDF),uploaded:ACT_WILD-ANIMAL_2562.pdf | uploaded:law87.pdf | https://checklist.cites.org/,medium-high,taxonomy-backed-husbandry-review-recommended,Species identity and category were added against an authoritative taxonomic source; husbandry-specific settings and Thai common naming may still need row-level review before production use.
EXO206,Mammal,Primate,Cotton-top Tamarin,Cotton-top Tamarin,Saguinus oedipus,Colombia,25,18,omnivore,arboreal,diurnal,active,high,hard,no,species-specific enclosure; needs review,needs review,needs review,pair/group,ต้องตรวจสอบสถานะรายชนิดจากชื่อวิทยาศาสตร์ก่อนครอบครอง ค้า เพาะพันธุ์ หรือนำเข้า-ส่งออก และผู้เลี้ยงต้องจัดสวัสดิภาพสัตว์ตามกฎหมาย,พ.ร.บ. สงวนและคุ้มครองสัตว์ป่า พ.ศ. 2562; พ.ร.บ. ป้องกันการทารุณกรรมและการจัดสวัสดิภาพสัตว์ พ.ศ. 2557,ต้องตรวจสอบประกาศรายชนิดเพิ่มเติม,ต้องตรวจสอบรายชนิดเพิ่มเติม,ต้องตรวจสอบว่าต้องแจ้งการครอบครองหรือขอใบอนุญาตหรือไม่,ต้องตรวจสอบประกาศเพิ่มเติม,ต้องตรวจสอบประกาศเพิ่มเติม,ต้องตรวจสอบรายชนิดเพิ่มเติม,ไม่ควรปล่อย,ผู้เลี้ยงต้องจัดสวัสดิภาพสัตว์ให้เหมาะสมและห้ามทารุณกรรมสัตว์,ควรตรวจสอบสถานะรายชนิดจากชื่อวิทยาศาสตร์ก่อนครอบครอง ค้า เพาะพันธุ์ หรือนำเข้า-ส่งออก และผู้เลี้ยงยังต้องจัดสวัสดิภาพสัตว์ตามกฎหมาย,medium,no,needs review,Mammal Diversity Database,https://www.mammaldiversity.org/,IUCN Red List; CITES Checklist,https://www.iucnredlist.org/ | https://checklist.cites.org/,Thailand Wildlife Preservation and Protection Act B.E. 2562 (uploaded PDF); Thailand Animal Welfare Act B.E. 2557 (uploaded PDF),uploaded:ACT_WILD-ANIMAL_2562.pdf | uploaded:law87.pdf | https://checklist.cites.org/,medium-high,taxonomy-backed-husbandry-review-recommended,Species identity and category were added against an authoritative taxonomic source; husbandry-specific settings and Thai common naming may still need row-level review before production use.
EXO207,Mammal,Primate,Ring-tailed Lemur,Ring-tailed Lemur,Lemur catta,Madagascar,40,20,omnivore,arboreal/terrestrial,diurnal,active,high,hard,no,species-specific enclosure; needs review,needs review,needs review,group,ต้องตรวจสอบสถานะรายชนิดจากชื่อวิทยาศาสตร์ก่อนครอบครอง ค้า เพาะพันธุ์ หรือนำเข้า-ส่งออก และผู้เลี้ยงต้องจัดสวัสดิภาพสัตว์ตามกฎหมาย,พ.ร.บ. สงวนและคุ้มครองสัตว์ป่า พ.ศ. 2562; พ.ร.บ. ป้องกันการทารุณกรรมและการจัดสวัสดิภาพสัตว์ พ.ศ. 2557,ต้องตรวจสอบประกาศรายชนิดเพิ่มเติม,ต้องตรวจสอบรายชนิดเพิ่มเติม,ต้องตรวจสอบว่าต้องแจ้งการครอบครองหรือขอใบอนุญาตหรือไม่,ต้องตรวจสอบประกาศเพิ่มเติม,ต้องตรวจสอบประกาศเพิ่มเติม,ต้องตรวจสอบรายชนิดเพิ่มเติม,ไม่ควรปล่อย,ผู้เลี้ยงต้องจัดสวัสดิภาพสัตว์ให้เหมาะสมและห้ามทารุณกรรมสัตว์,ควรตรวจสอบสถานะรายชนิดจากชื่อวิทยาศาสตร์ก่อนครอบครอง ค้า เพาะพันธุ์ หรือนำเข้า-ส่งออก และผู้เลี้ยงยังต้องจัดสวัสดิภาพสัตว์ตามกฎหมาย,medium,no,needs review,Mammal Diversity Database,https://www.mammaldiversity.org/,IUCN Red List; CITES Checklist,https://www.iucnredlist.org/ | https://checklist.cites.org/,Thailand Wildlife Preservation and Protection Act B.E. 2562 (uploaded PDF); Thailand Animal Welfare Act B.E. 2557 (uploaded PDF),uploaded:ACT_WILD-ANIMAL_2562.pdf | uploaded:law87.pdf | https://checklist.cites.org/,medium-high,taxonomy-backed-husbandry-review-recommended,Species identity and category were added against an authoritative taxonomic source; husbandry-specific settings and Thai common naming may still need row-level review before production use.
EXO208,Mammal,Rodent,Patagonian Mara,Patagonian Mara,Dolichotis patagonum,South America,75,12,herbivore,terrestrial,diurnal,calm,medium,hard,no,species-specific enclosure; needs review,needs review,needs review,pair/group,ต้องตรวจสอบสถานะรายชนิดจากชื่อวิทยาศาสตร์ก่อนครอบครอง ค้า เพาะพันธุ์ หรือนำเข้า-ส่งออก และผู้เลี้ยงต้องจัดสวัสดิภาพสัตว์ตามกฎหมาย,พ.ร.บ. สงวนและคุ้มครองสัตว์ป่า พ.ศ. 2562; พ.ร.บ. ป้องกันการทารุณกรรมและการจัดสวัสดิภาพสัตว์ พ.ศ. 2557,ต้องตรวจสอบประกาศรายชนิดเพิ่มเติม,ต้องตรวจสอบรายชนิดเพิ่มเติม,ต้องตรวจสอบว่าต้องแจ้งการครอบครองหรือขอใบอนุญาตหรือไม่,ต้องตรวจสอบประกาศเพิ่มเติม,ต้องตรวจสอบประกาศเพิ่มเติม,ต้องตรวจสอบรายชนิดเพิ่มเติม,ไม่ควรปล่อย,ผู้เลี้ยงต้องจัดสวัสดิภาพสัตว์ให้เหมาะสมและห้ามทารุณกรรมสัตว์,ควรตรวจสอบสถานะรายชนิดจากชื่อวิทยาศาสตร์ก่อนครอบครอง ค้า เพาะพันธุ์ หรือนำเข้า-ส่งออก และผู้เลี้ยงยังต้องจัดสวัสดิภาพสัตว์ตามกฎหมาย,low,no,needs review,Mammal Diversity Database,https://www.mammaldiversity.org/,IUCN Red List; CITES Checklist,https://www.iucnredlist.org/ | https://checklist.cites.org/,Thailand Wildlife Preservation and Protection Act B.E. 2562 (uploaded PDF); Thailand Animal Welfare Act B.E. 2557 (uploaded PDF),uploaded:ACT_WILD-ANIMAL_2562.pdf | uploaded:law87.pdf | https://checklist.cites.org/,medium-high,taxonomy-backed-husbandry-review-recommended,Species identity and category were added against an authoritative taxonomic source; husbandry-specific settings and Thai common naming may still need row-level review before production use.
EXO209,Mammal,Insectivore,Lesser Hedgehog Tenrec,Lesser Hedgehog Tenrec,Echinops telfairi,Madagascar,17,7,insectivore,terrestrial,nocturnal,shy,medium,medium,no,species-specific enclosure; needs review,needs review,needs review,solitary,ต้องตรวจสอบสถานะรายชนิดจากชื่อวิทยาศาสตร์ก่อนครอบครอง ค้า เพาะพันธุ์ หรือนำเข้า-ส่งออก และผู้เลี้ยงต้องจัดสวัสดิภาพสัตว์ตามกฎหมาย,พ.ร.บ. สงวนและคุ้มครองสัตว์ป่า พ.ศ. 2562; พ.ร.บ. ป้องกันการทารุณกรรมและการจัดสวัสดิภาพสัตว์ พ.ศ. 2557,ต้องตรวจสอบประกาศรายชนิดเพิ่มเติม,ต้องตรวจสอบรายชนิดเพิ่มเติม,ต้องตรวจสอบว่าต้องแจ้งการครอบครองหรือขอใบอนุญาตหรือไม่,ต้องตรวจสอบประกาศเพิ่มเติม,ต้องตรวจสอบประกาศเพิ่มเติม,ต้องตรวจสอบรายชนิดเพิ่มเติม,ไม่ควรปล่อย,ผู้เลี้ยงต้องจัดสวัสดิภาพสัตว์ให้เหมาะสมและห้ามทารุณกรรมสัตว์,ควรตรวจสอบสถานะรายชนิดจากชื่อวิทยาศาสตร์ก่อนครอบครอง ค้า เพาะพันธุ์ หรือนำเข้า-ส่งออก และผู้เลี้ยงยังต้องจัดสวัสดิภาพสัตว์ตามกฎหมาย,low,no,needs review,Mammal Diversity Database,https://www.mammaldiversity.org/,IUCN Red List; CITES Checklist,https://www.iucnredlist.org/ | https://checklist.cites.org/,Thailand Wildlife Preservation and Protection Act B.E. 2562 (uploaded PDF); Thailand Animal Welfare Act B.E. 2557 (uploaded PDF),uploaded:ACT_WILD-ANIMAL_2562.pdf | uploaded:law87.pdf | https://checklist.cites.org/,medium-high,taxonomy-backed-husbandry-review-recommended,Species identity and category were added against an authoritative taxonomic source; husbandry-specific settings and Thai common naming may still need row-level review before production use.
EXO210,Mammal,Xenarthran,Southern Tamandua,Southern Tamandua,Tamandua tetradactyla,South America,100,12,insectivore,arboreal,nocturnal,strong,high,hard,no,species-specific enclosure; needs review,needs review,needs review,solitary,ต้องตรวจสอบสถานะรายชนิดจากชื่อวิทยาศาสตร์ก่อนครอบครอง ค้า เพาะพันธุ์ หรือนำเข้า-ส่งออก และผู้เลี้ยงต้องจัดสวัสดิภาพสัตว์ตามกฎหมาย,พ.ร.บ. สงวนและคุ้มครองสัตว์ป่า พ.ศ. 2562; พ.ร.บ. ป้องกันการทารุณกรรมและการจัดสวัสดิภาพสัตว์ พ.ศ. 2557,ต้องตรวจสอบประกาศรายชนิดเพิ่มเติม,ต้องตรวจสอบรายชนิดเพิ่มเติม,ต้องตรวจสอบว่าต้องแจ้งการครอบครองหรือขอใบอนุญาตหรือไม่,ต้องตรวจสอบประกาศเพิ่มเติม,ต้องตรวจสอบประกาศเพิ่มเติม,ต้องตรวจสอบรายชนิดเพิ่มเติม,ไม่ควรปล่อย,ผู้เลี้ยงต้องจัดสวัสดิภาพสัตว์ให้เหมาะสมและห้ามทารุณกรรมสัตว์,ควรตรวจสอบสถานะรายชนิดจากชื่อวิทยาศาสตร์ก่อนครอบครอง ค้า เพาะพันธุ์ หรือนำเข้า-ส่งออก และผู้เลี้ยงยังต้องจัดสวัสดิภาพสัตว์ตามกฎหมาย,medium,no,needs review,Mammal Diversity Database,https://www.mammaldiversity.org/,IUCN Red List; CITES Checklist,https://www.iucnredlist.org/ | https://checklist.cites.org/,Thailand Wildlife Preservation and Protection Act B.E. 2562 (uploaded PDF); Thailand Animal Welfare Act B.E. 2557 (uploaded PDF),uploaded:ACT_WILD-ANIMAL_2562.pdf | uploaded:law87.pdf | https://checklist.cites.org/,medium-high,taxonomy-backed-husbandry-review-recommended,Species identity and category were added against an authoritative taxonomic source; husbandry-specific settings and Thai common naming may still need row-level review before production use.
EXO211,Mammal,Carnivore,Common Genet,Common Genet,Genetta genetta,Africa/Mediterranean,90,15,carnivore,arboreal/terrestrial,nocturnal,wary,high,hard,no,species-specific enclosure; needs review,needs review,needs review,solitary,ต้องตรวจสอบสถานะรายชนิดจากชื่อวิทยาศาสตร์ก่อนครอบครอง ค้า เพาะพันธุ์ หรือนำเข้า-ส่งออก และผู้เลี้ยงต้องจัดสวัสดิภาพสัตว์ตามกฎหมาย,พ.ร.บ. สงวนและคุ้มครองสัตว์ป่า พ.ศ. 2562; พ.ร.บ. ป้องกันการทารุณกรรมและการจัดสวัสดิภาพสัตว์ พ.ศ. 2557,ต้องตรวจสอบประกาศรายชนิดเพิ่มเติม,ต้องตรวจสอบรายชนิดเพิ่มเติม,ต้องตรวจสอบว่าต้องแจ้งการครอบครองหรือขอใบอนุญาตหรือไม่,ต้องตรวจสอบประกาศเพิ่มเติม,ต้องตรวจสอบประกาศเพิ่มเติม,ต้องตรวจสอบรายชนิดเพิ่มเติม,ไม่ควรปล่อย,ผู้เลี้ยงต้องจัดสวัสดิภาพสัตว์ให้เหมาะสมและห้ามทารุณกรรมสัตว์,ควรตรวจสอบสถานะรายชนิดจากชื่อวิทยาศาสตร์ก่อนครอบครอง ค้า เพาะพันธุ์ หรือนำเข้า-ส่งออก และผู้เลี้ยงยังต้องจัดสวัสดิภาพสัตว์ตามกฎหมาย,medium,no,needs review,Mammal Diversity Database,https://www.mammaldiversity.org/,IUCN Red List; CITES Checklist,https://www.iucnredlist.org/ | https://checklist.cites.org/,Thailand Wildlife Preservation and Protection Act B.E. 2562 (uploaded PDF); Thailand Animal Welfare Act B.E. 2557 (uploaded PDF),uploaded:ACT_WILD-ANIMAL_2562.pdf | uploaded:law87.pdf | https://checklist.cites.org/,medium-high,taxonomy-backed-husbandry-review-recommended,Species identity and category were added against an authoritative taxonomic source; husbandry-specific settings and Thai common naming may still need row-level review before production use.
EXO212,Mammal,Primate,Senegal Bushbaby,Senegal Bushbaby,Galago senegalensis,Africa,20,14,omnivore,arboreal,nocturnal,active,high,hard,no,species-specific enclosure; needs review,needs review,needs review,pair/group,ต้องตรวจสอบสถานะรายชนิดจากชื่อวิทยาศาสตร์ก่อนครอบครอง ค้า เพาะพันธุ์ หรือนำเข้า-ส่งออก และผู้เลี้ยงต้องจัดสวัสดิภาพสัตว์ตามกฎหมาย,พ.ร.บ. สงวนและคุ้มครองสัตว์ป่า พ.ศ. 2562; พ.ร.บ. ป้องกันการทารุณกรรมและการจัดสวัสดิภาพสัตว์ พ.ศ. 2557,ต้องตรวจสอบประกาศรายชนิดเพิ่มเติม,ต้องตรวจสอบรายชนิดเพิ่มเติม,ต้องตรวจสอบว่าต้องแจ้งการครอบครองหรือขอใบอนุญาตหรือไม่,ต้องตรวจสอบประกาศเพิ่มเติม,ต้องตรวจสอบประกาศเพิ่มเติม,ต้องตรวจสอบรายชนิดเพิ่มเติม,ไม่ควรปล่อย,ผู้เลี้ยงต้องจัดสวัสดิภาพสัตว์ให้เหมาะสมและห้ามทารุณกรรมสัตว์,ควรตรวจสอบสถานะรายชนิดจากชื่อวิทยาศาสตร์ก่อนครอบครอง ค้า เพาะพันธุ์ หรือนำเข้า-ส่งออก และผู้เลี้ยงยังต้องจัดสวัสดิภาพสัตว์ตามกฎหมาย,medium,no,needs review,Mammal Diversity Database,https://www.mammaldiversity.org/,IUCN Red List; CITES Checklist,https://www.iucnredlist.org/ | https://checklist.cites.org/,Thailand Wildlife Preservation and Protection Act B.E. 2562 (uploaded PDF); Thailand Animal Welfare Act B.E. 2557 (uploaded PDF),uploaded:ACT_WILD-ANIMAL_2562.pdf | uploaded:law87.pdf | https://checklist.cites.org/,medium-high,taxonomy-backed-husbandry-review-recommended,Species identity and category were added against an authoritative taxonomic source; husbandry-specific settings and Thai common naming may still need row-level review before production use.
EXO213,Mammal,Rodent,Prehensile-tailed Porcupine,Prehensile-tailed Porcupine,Coendou prehensilis,South America,55,17,herbivore,arboreal,nocturnal,shy,high,hard,no,species-specific enclosure; needs review,needs review,needs review,solitary,ต้องตรวจสอบสถานะรายชนิดจากชื่อวิทยาศาสตร์ก่อนครอบครอง ค้า เพาะพันธุ์ หรือนำเข้า-ส่งออก และผู้เลี้ยงต้องจัดสวัสดิภาพสัตว์ตามกฎหมาย,พ.ร.บ. สงวนและคุ้มครองสัตว์ป่า พ.ศ. 2562; พ.ร.บ. ป้องกันการทารุณกรรมและการจัดสวัสดิภาพสัตว์ พ.ศ. 2557,ต้องตรวจสอบประกาศรายชนิดเพิ่มเติม,ต้องตรวจสอบรายชนิดเพิ่มเติม,ต้องตรวจสอบว่าต้องแจ้งการครอบครองหรือขอใบอนุญาตหรือไม่,ต้องตรวจสอบประกาศเพิ่มเติม,ต้องตรวจสอบประกาศเพิ่มเติม,ต้องตรวจสอบรายชนิดเพิ่มเติม,ไม่ควรปล่อย,ผู้เลี้ยงต้องจัดสวัสดิภาพสัตว์ให้เหมาะสมและห้ามทารุณกรรมสัตว์,ควรตรวจสอบสถานะรายชนิดจากชื่อวิทยาศาสตร์ก่อนครอบครอง ค้า เพาะพันธุ์ หรือนำเข้า-ส่งออก และผู้เลี้ยงยังต้องจัดสวัสดิภาพสัตว์ตามกฎหมาย,medium,no,needs review,Mammal Diversity Database,https://www.mammaldiversity.org/,IUCN Red List; CITES Checklist,https://www.iucnredlist.org/ | https://checklist.cites.org/,Thailand Wildlife Preservation and Protection Act B.E. 2562 (uploaded PDF); Thailand Animal Welfare Act B.E. 2557 (uploaded PDF),uploaded:ACT_WILD-ANIMAL_2562.pdf | uploaded:law87.pdf | https://checklist.cites.org/,medium-high,taxonomy-backed-husbandry-review-recommended,Species identity and category were added against an authoritative taxonomic source; husbandry-specific settings and Thai common naming may still need row-level review before production use.
EXO214,Bird,Conure,Jenday Conure,Jenday Conure,Aratinga jandaya,South America,30,25,omnivore,arboreal,diurnal,loud,medium,medium,yes,species-specific enclosure; needs review,needs review,needs review,pair/group,ต้องตรวจสอบสถานะรายชนิดจากชื่อวิทยาศาสตร์ก่อนครอบครอง ค้า เพาะพันธุ์ หรือนำเข้า-ส่งออก และผู้เลี้ยงต้องจัดสวัสดิภาพสัตว์ตามกฎหมาย,พ.ร.บ. สงวนและคุ้มครองสัตว์ป่า พ.ศ. 2562; พ.ร.บ. ป้องกันการทารุณกรรมและการจัดสวัสดิภาพสัตว์ พ.ศ. 2557,ต้องตรวจสอบประกาศรายชนิดเพิ่มเติม,ต้องตรวจสอบรายชนิดเพิ่มเติม,ต้องตรวจสอบว่าต้องแจ้งการครอบครองหรือขอใบอนุญาตหรือไม่,ต้องตรวจสอบประกาศเพิ่มเติม,ต้องตรวจสอบประกาศเพิ่มเติม,ต้องตรวจสอบรายชนิดเพิ่มเติม,ไม่ควรปล่อย,ผู้เลี้ยงต้องจัดสวัสดิภาพสัตว์ให้เหมาะสมและห้ามทารุณกรรมสัตว์,ควรตรวจสอบสถานะรายชนิดจากชื่อวิทยาศาสตร์ก่อนครอบครอง ค้า เพาะพันธุ์ หรือนำเข้า-ส่งออก และผู้เลี้ยงยังต้องจัดสวัสดิภาพสัตว์ตามกฎหมาย,low,no,needs review,IOC World Bird List,https://www.worldbirdnames.org/new/,IUCN Red List; CITES Checklist,https://www.iucnredlist.org/ | https://checklist.cites.org/,Thailand Wildlife Preservation and Protection Act B.E. 2562 (uploaded PDF); Thailand Animal Welfare Act B.E. 2557 (uploaded PDF),uploaded:ACT_WILD-ANIMAL_2562.pdf | uploaded:law87.pdf | https://checklist.cites.org/,medium-high,taxonomy-backed-husbandry-review-recommended,Species identity and category were added against an authoritative taxonomic source; husbandry-specific settings and Thai common naming may still need row-level review before production use.
EXO215,Bird,Conure,Nanday Parakeet,Nanday Parakeet,Aratinga nenday,South America,36,25,omnivore,arboreal,diurnal,loud,medium,medium,yes,species-specific enclosure; needs review,needs review,needs review,pair/group,ต้องตรวจสอบสถานะรายชนิดจากชื่อวิทยาศาสตร์ก่อนครอบครอง ค้า เพาะพันธุ์ หรือนำเข้า-ส่งออก และผู้เลี้ยงต้องจัดสวัสดิภาพสัตว์ตามกฎหมาย,พ.ร.บ. สงวนและคุ้มครองสัตว์ป่า พ.ศ. 2562; พ.ร.บ. ป้องกันการทารุณกรรมและการจัดสวัสดิภาพสัตว์ พ.ศ. 2557,ต้องตรวจสอบประกาศรายชนิดเพิ่มเติม,ต้องตรวจสอบรายชนิดเพิ่มเติม,ต้องตรวจสอบว่าต้องแจ้งการครอบครองหรือขอใบอนุญาตหรือไม่,ต้องตรวจสอบประกาศเพิ่มเติม,ต้องตรวจสอบประกาศเพิ่มเติม,ต้องตรวจสอบรายชนิดเพิ่มเติม,ไม่ควรปล่อย,ผู้เลี้ยงต้องจัดสวัสดิภาพสัตว์ให้เหมาะสมและห้ามทารุณกรรมสัตว์,ควรตรวจสอบสถานะรายชนิดจากชื่อวิทยาศาสตร์ก่อนครอบครอง ค้า เพาะพันธุ์ หรือนำเข้า-ส่งออก และผู้เลี้ยงยังต้องจัดสวัสดิภาพสัตว์ตามกฎหมาย,low,no,needs review,IOC World Bird List,https://www.worldbirdnames.org/new/,IUCN Red List; CITES Checklist,https://www.iucnredlist.org/ | https://checklist.cites.org/,Thailand Wildlife Preservation and Protection Act B.E. 2562 (uploaded PDF); Thailand Animal Welfare Act B.E. 2557 (uploaded PDF),uploaded:ACT_WILD-ANIMAL_2562.pdf | uploaded:law87.pdf | https://checklist.cites.org/,medium-high,taxonomy-backed-husbandry-review-recommended,Species identity and category were added against an authoritative taxonomic source; husbandry-specific settings and Thai common naming may still need row-level review before production use.
EXO216,Bird,Conure,Gold-capped Conure,Gold-capped Conure,Aratinga auricapillus,South America,34,25,omnivore,arboreal,diurnal,active,medium,medium,yes,species-specific enclosure; needs review,needs review,needs review,pair/group,ต้องตรวจสอบสถานะรายชนิดจากชื่อวิทยาศาสตร์ก่อนครอบครอง ค้า เพาะพันธุ์ หรือนำเข้า-ส่งออก และผู้เลี้ยงต้องจัดสวัสดิภาพสัตว์ตามกฎหมาย,พ.ร.บ. สงวนและคุ้มครองสัตว์ป่า พ.ศ. 2562; พ.ร.บ. ป้องกันการทารุณกรรมและการจัดสวัสดิภาพสัตว์ พ.ศ. 2557,ต้องตรวจสอบประกาศรายชนิดเพิ่มเติม,ต้องตรวจสอบรายชนิดเพิ่มเติม,ต้องตรวจสอบว่าต้องแจ้งการครอบครองหรือขอใบอนุญาตหรือไม่,ต้องตรวจสอบประกาศเพิ่มเติม,ต้องตรวจสอบประกาศเพิ่มเติม,ต้องตรวจสอบรายชนิดเพิ่มเติม,ไม่ควรปล่อย,ผู้เลี้ยงต้องจัดสวัสดิภาพสัตว์ให้เหมาะสมและห้ามทารุณกรรมสัตว์,ควรตรวจสอบสถานะรายชนิดจากชื่อวิทยาศาสตร์ก่อนครอบครอง ค้า เพาะพันธุ์ หรือนำเข้า-ส่งออก และผู้เลี้ยงยังต้องจัดสวัสดิภาพสัตว์ตามกฎหมาย,low,no,needs review,IOC World Bird List,https://www.worldbirdnames.org/new/,IUCN Red List; CITES Checklist,https://www.iucnredlist.org/ | https://checklist.cites.org/,Thailand Wildlife Preservation and Protection Act B.E. 2562 (uploaded PDF); Thailand Animal Welfare Act B.E. 2557 (uploaded PDF),uploaded:ACT_WILD-ANIMAL_2562.pdf | uploaded:law87.pdf | https://checklist.cites.org/,medium-high,taxonomy-backed-husbandry-review-recommended,Species identity and category were added against an authoritative taxonomic source; husbandry-specific settings and Thai common naming may still need row-level review before production use.
EXO217,Bird,Parrot,Crimson Rosella,Crimson Rosella,Platycercus elegans,Australia,36,20,omnivore,arboreal,diurnal,alert,medium,medium,no,species-specific enclosure; needs review,needs review,needs review,pair,ต้องตรวจสอบสถานะรายชนิดจากชื่อวิทยาศาสตร์ก่อนครอบครอง ค้า เพาะพันธุ์ หรือนำเข้า-ส่งออก และผู้เลี้ยงต้องจัดสวัสดิภาพสัตว์ตามกฎหมาย,พ.ร.บ. สงวนและคุ้มครองสัตว์ป่า พ.ศ. 2562; พ.ร.บ. ป้องกันการทารุณกรรมและการจัดสวัสดิภาพสัตว์ พ.ศ. 2557,ต้องตรวจสอบประกาศรายชนิดเพิ่มเติม,ต้องตรวจสอบรายชนิดเพิ่มเติม,ต้องตรวจสอบว่าต้องแจ้งการครอบครองหรือขอใบอนุญาตหรือไม่,ต้องตรวจสอบประกาศเพิ่มเติม,ต้องตรวจสอบประกาศเพิ่มเติม,ต้องตรวจสอบรายชนิดเพิ่มเติม,ไม่ควรปล่อย,ผู้เลี้ยงต้องจัดสวัสดิภาพสัตว์ให้เหมาะสมและห้ามทารุณกรรมสัตว์,ควรตรวจสอบสถานะรายชนิดจากชื่อวิทยาศาสตร์ก่อนครอบครอง ค้า เพาะพันธุ์ หรือนำเข้า-ส่งออก และผู้เลี้ยงยังต้องจัดสวัสดิภาพสัตว์ตามกฎหมาย,low,no,needs review,IOC World Bird List,https://www.worldbirdnames.org/new/,IUCN Red List; CITES Checklist,https://www.iucnredlist.org/ | https://checklist.cites.org/,Thailand Wildlife Preservation and Protection Act B.E. 2562 (uploaded PDF); Thailand Animal Welfare Act B.E. 2557 (uploaded PDF),uploaded:ACT_WILD-ANIMAL_2562.pdf | uploaded:law87.pdf | https://checklist.cites.org/,medium-high,taxonomy-backed-husbandry-review-recommended,Species identity and category were added against an authoritative taxonomic source; husbandry-specific settings and Thai common naming may still need row-level review before production use.
EXO218,Bird,Parrot,Eastern Rosella,Eastern Rosella,Platycercus eximius,Australia,30,20,omnivore,arboreal,diurnal,alert,medium,medium,yes,species-specific enclosure; needs review,needs review,needs review,pair,ต้องตรวจสอบสถานะรายชนิดจากชื่อวิทยาศาสตร์ก่อนครอบครอง ค้า เพาะพันธุ์ หรือนำเข้า-ส่งออก และผู้เลี้ยงต้องจัดสวัสดิภาพสัตว์ตามกฎหมาย,พ.ร.บ. สงวนและคุ้มครองสัตว์ป่า พ.ศ. 2562; พ.ร.บ. ป้องกันการทารุณกรรมและการจัดสวัสดิภาพสัตว์ พ.ศ. 2557,ต้องตรวจสอบประกาศรายชนิดเพิ่มเติม,ต้องตรวจสอบรายชนิดเพิ่มเติม,ต้องตรวจสอบว่าต้องแจ้งการครอบครองหรือขอใบอนุญาตหรือไม่,ต้องตรวจสอบประกาศเพิ่มเติม,ต้องตรวจสอบประกาศเพิ่มเติม,ต้องตรวจสอบรายชนิดเพิ่มเติม,ไม่ควรปล่อย,ผู้เลี้ยงต้องจัดสวัสดิภาพสัตว์ให้เหมาะสมและห้ามทารุณกรรมสัตว์,ควรตรวจสอบสถานะรายชนิดจากชื่อวิทยาศาสตร์ก่อนครอบครอง ค้า เพาะพันธุ์ หรือนำเข้า-ส่งออก และผู้เลี้ยงยังต้องจัดสวัสดิภาพสัตว์ตามกฎหมาย,low,no,needs review,IOC World Bird List,https://www.worldbirdnames.org/new/,IUCN Red List; CITES Checklist,https://www.iucnredlist.org/ | https://checklist.cites.org/,Thailand Wildlife Preservation and Protection Act B.E. 2562 (uploaded PDF); Thailand Animal Welfare Act B.E. 2557 (uploaded PDF),uploaded:ACT_WILD-ANIMAL_2562.pdf | uploaded:law87.pdf | https://checklist.cites.org/,medium-high,taxonomy-backed-husbandry-review-recommended,Species identity and category were added against an authoritative taxonomic source; husbandry-specific settings and Thai common naming may still need row-level review before production use.
EXO219,Bird,Parakeet,Bourke's Parakeet,Bourke's Parakeet,Neopsephotus bourkii,Australia,20,15,granivore,arboreal,crepuscular,gentle,low,easy,yes,species-specific enclosure; needs review,needs review,needs review,pair/group,ต้องตรวจสอบสถานะรายชนิดจากชื่อวิทยาศาสตร์ก่อนครอบครอง ค้า เพาะพันธุ์ หรือนำเข้า-ส่งออก และผู้เลี้ยงต้องจัดสวัสดิภาพสัตว์ตามกฎหมาย,พ.ร.บ. สงวนและคุ้มครองสัตว์ป่า พ.ศ. 2562; พ.ร.บ. ป้องกันการทารุณกรรมและการจัดสวัสดิภาพสัตว์ พ.ศ. 2557,ต้องตรวจสอบประกาศรายชนิดเพิ่มเติม,ต้องตรวจสอบรายชนิดเพิ่มเติม,ต้องตรวจสอบว่าต้องแจ้งการครอบครองหรือขอใบอนุญาตหรือไม่,ต้องตรวจสอบประกาศเพิ่มเติม,ต้องตรวจสอบประกาศเพิ่มเติม,ต้องตรวจสอบรายชนิดเพิ่มเติม,ไม่ควรปล่อย,ผู้เลี้ยงต้องจัดสวัสดิภาพสัตว์ให้เหมาะสมและห้ามทารุณกรรมสัตว์,ควรตรวจสอบสถานะรายชนิดจากชื่อวิทยาศาสตร์ก่อนครอบครอง ค้า เพาะพันธุ์ หรือนำเข้า-ส่งออก และผู้เลี้ยงยังต้องจัดสวัสดิภาพสัตว์ตามกฎหมาย,low,no,needs review,IOC World Bird List,https://www.worldbirdnames.org/new/,IUCN Red List; CITES Checklist,https://www.iucnredlist.org/ | https://checklist.cites.org/,Thailand Wildlife Preservation and Protection Act B.E. 2562 (uploaded PDF); Thailand Animal Welfare Act B.E. 2557 (uploaded PDF),uploaded:ACT_WILD-ANIMAL_2562.pdf | uploaded:law87.pdf | https://checklist.cites.org/,medium-high,taxonomy-backed-husbandry-review-recommended,Species identity and category were added against an authoritative taxonomic source; husbandry-specific settings and Thai common naming may still need row-level review before production use.
EXO220,Bird,Parakeet,Lineolated Parakeet,Lineolated Parakeet,Bolborhynchus lineola,Central/South America,17,12,omnivore,arboreal,diurnal,gentle,low,easy,yes,species-specific enclosure; needs review,needs review,needs review,pair/group,ต้องตรวจสอบสถานะรายชนิดจากชื่อวิทยาศาสตร์ก่อนครอบครอง ค้า เพาะพันธุ์ หรือนำเข้า-ส่งออก และผู้เลี้ยงต้องจัดสวัสดิภาพสัตว์ตามกฎหมาย,พ.ร.บ. สงวนและคุ้มครองสัตว์ป่า พ.ศ. 2562; พ.ร.บ. ป้องกันการทารุณกรรมและการจัดสวัสดิภาพสัตว์ พ.ศ. 2557,ต้องตรวจสอบประกาศรายชนิดเพิ่มเติม,ต้องตรวจสอบรายชนิดเพิ่มเติม,ต้องตรวจสอบว่าต้องแจ้งการครอบครองหรือขอใบอนุญาตหรือไม่,ต้องตรวจสอบประกาศเพิ่มเติม,ต้องตรวจสอบประกาศเพิ่มเติม,ต้องตรวจสอบรายชนิดเพิ่มเติม,ไม่ควรปล่อย,ผู้เลี้ยงต้องจัดสวัสดิภาพสัตว์ให้เหมาะสมและห้ามทารุณกรรมสัตว์,ควรตรวจสอบสถานะรายชนิดจากชื่อวิทยาศาสตร์ก่อนครอบครอง ค้า เพาะพันธุ์ หรือนำเข้า-ส่งออก และผู้เลี้ยงยังต้องจัดสวัสดิภาพสัตว์ตามกฎหมาย,low,no,needs review,IOC World Bird List,https://www.worldbirdnames.org/new/,IUCN Red List; CITES Checklist,https://www.iucnredlist.org/ | https://checklist.cites.org/,Thailand Wildlife Preservation and Protection Act B.E. 2562 (uploaded PDF); Thailand Animal Welfare Act B.E. 2557 (uploaded PDF),uploaded:ACT_WILD-ANIMAL_2562.pdf | uploaded:law87.pdf | https://checklist.cites.org/,medium-high,taxonomy-backed-husbandry-review-recommended,Species identity and category were added against an authoritative taxonomic source; husbandry-specific settings and Thai common naming may still need row-level review before production use.
EXO221,Bird,Parakeet,Red-crowned Parakeet,Red-crowned Parakeet,Cyanoramphus novaezelandiae,New Zealand,28,15,omnivore,arboreal,diurnal,active,medium,medium,yes,species-specific enclosure; needs review,needs review,needs review,pair/group,ต้องตรวจสอบสถานะรายชนิดจากชื่อวิทยาศาสตร์ก่อนครอบครอง ค้า เพาะพันธุ์ หรือนำเข้า-ส่งออก และผู้เลี้ยงต้องจัดสวัสดิภาพสัตว์ตามกฎหมาย,พ.ร.บ. สงวนและคุ้มครองสัตว์ป่า พ.ศ. 2562; พ.ร.บ. ป้องกันการทารุณกรรมและการจัดสวัสดิภาพสัตว์ พ.ศ. 2557,ต้องตรวจสอบประกาศรายชนิดเพิ่มเติม,ต้องตรวจสอบรายชนิดเพิ่มเติม,ต้องตรวจสอบว่าต้องแจ้งการครอบครองหรือขอใบอนุญาตหรือไม่,ต้องตรวจสอบประกาศเพิ่มเติม,ต้องตรวจสอบประกาศเพิ่มเติม,ต้องตรวจสอบรายชนิดเพิ่มเติม,ไม่ควรปล่อย,ผู้เลี้ยงต้องจัดสวัสดิภาพสัตว์ให้เหมาะสมและห้ามทารุณกรรมสัตว์,ควรตรวจสอบสถานะรายชนิดจากชื่อวิทยาศาสตร์ก่อนครอบครอง ค้า เพาะพันธุ์ หรือนำเข้า-ส่งออก และผู้เลี้ยงยังต้องจัดสวัสดิภาพสัตว์ตามกฎหมาย,low,no,needs review,IOC World Bird List,https://www.worldbirdnames.org/new/,IUCN Red List; CITES Checklist,https://www.iucnredlist.org/ | https://checklist.cites.org/,Thailand Wildlife Preservation and Protection Act B.E. 2562 (uploaded PDF); Thailand Animal Welfare Act B.E. 2557 (uploaded PDF),uploaded:ACT_WILD-ANIMAL_2562.pdf | uploaded:law87.pdf | https://checklist.cites.org/,medium-high,taxonomy-backed-husbandry-review-recommended,Species identity and category were added against an authoritative taxonomic source; husbandry-specific settings and Thai common naming may still need row-level review before production use.
EXO222,Bird,Parakeet,Alexandrine Parakeet,Alexandrine Parakeet,Psittacula eupatria,South Asia,58,30,omnivore,arboreal,diurnal,smart,medium,medium,yes,species-specific enclosure; needs review,needs review,needs review,pair/group,ต้องตรวจสอบสถานะรายชนิดจากชื่อวิทยาศาสตร์ก่อนครอบครอง ค้า เพาะพันธุ์ หรือนำเข้า-ส่งออก และผู้เลี้ยงต้องจัดสวัสดิภาพสัตว์ตามกฎหมาย,พ.ร.บ. สงวนและคุ้มครองสัตว์ป่า พ.ศ. 2562; พ.ร.บ. ป้องกันการทารุณกรรมและการจัดสวัสดิภาพสัตว์ พ.ศ. 2557,ต้องตรวจสอบประกาศรายชนิดเพิ่มเติม,ต้องตรวจสอบรายชนิดเพิ่มเติม,ต้องตรวจสอบว่าต้องแจ้งการครอบครองหรือขอใบอนุญาตหรือไม่,ต้องตรวจสอบประกาศเพิ่มเติม,ต้องตรวจสอบประกาศเพิ่มเติม,ต้องตรวจสอบรายชนิดเพิ่มเติม,ไม่ควรปล่อย,ผู้เลี้ยงต้องจัดสวัสดิภาพสัตว์ให้เหมาะสมและห้ามทารุณกรรมสัตว์,ควรตรวจสอบสถานะรายชนิดจากชื่อวิทยาศาสตร์ก่อนครอบครอง ค้า เพาะพันธุ์ หรือนำเข้า-ส่งออก และผู้เลี้ยงยังต้องจัดสวัสดิภาพสัตว์ตามกฎหมาย,low,no,needs review,IOC World Bird List,https://www.worldbirdnames.org/new/,IUCN Red List; CITES Checklist,https://www.iucnredlist.org/ | https://checklist.cites.org/,Thailand Wildlife Preservation and Protection Act B.E. 2562 (uploaded PDF); Thailand Animal Welfare Act B.E. 2557 (uploaded PDF),uploaded:ACT_WILD-ANIMAL_2562.pdf | uploaded:law87.pdf | https://checklist.cites.org/,medium-high,taxonomy-backed-husbandry-review-recommended,Species identity and category were added against an authoritative taxonomic source; husbandry-specific settings and Thai common naming may still need row-level review before production use.
EXO223,Bird,Parakeet,Plum-headed Parakeet,Plum-headed Parakeet,Psittacula cyanocephala,South Asia,34,20,omnivore,arboreal,diurnal,calm,medium,medium,yes,species-specific enclosure; needs review,needs review,needs review,pair/group,ต้องตรวจสอบสถานะรายชนิดจากชื่อวิทยาศาสตร์ก่อนครอบครอง ค้า เพาะพันธุ์ หรือนำเข้า-ส่งออก และผู้เลี้ยงต้องจัดสวัสดิภาพสัตว์ตามกฎหมาย,พ.ร.บ. สงวนและคุ้มครองสัตว์ป่า พ.ศ. 2562; พ.ร.บ. ป้องกันการทารุณกรรมและการจัดสวัสดิภาพสัตว์ พ.ศ. 2557,ต้องตรวจสอบประกาศรายชนิดเพิ่มเติม,ต้องตรวจสอบรายชนิดเพิ่มเติม,ต้องตรวจสอบว่าต้องแจ้งการครอบครองหรือขอใบอนุญาตหรือไม่,ต้องตรวจสอบประกาศเพิ่มเติม,ต้องตรวจสอบประกาศเพิ่มเติม,ต้องตรวจสอบรายชนิดเพิ่มเติม,ไม่ควรปล่อย,ผู้เลี้ยงต้องจัดสวัสดิภาพสัตว์ให้เหมาะสมและห้ามทารุณกรรมสัตว์,ควรตรวจสอบสถานะรายชนิดจากชื่อวิทยาศาสตร์ก่อนครอบครอง ค้า เพาะพันธุ์ หรือนำเข้า-ส่งออก และผู้เลี้ยงยังต้องจัดสวัสดิภาพสัตว์ตามกฎหมาย,low,no,needs review,IOC World Bird List,https://www.worldbirdnames.org/new/,IUCN Red List; CITES Checklist,https://www.iucnredlist.org/ | https://checklist.cites.org/,Thailand Wildlife Preservation and Protection Act B.E. 2562 (uploaded PDF); Thailand Animal Welfare Act B.E. 2557 (uploaded PDF),uploaded:ACT_WILD-ANIMAL_2562.pdf | uploaded:law87.pdf | https://checklist.cites.org/,medium-high,taxonomy-backed-husbandry-review-recommended,Species identity and category were added against an authoritative taxonomic source; husbandry-specific settings and Thai common naming may still need row-level review before production use.
EXO224,Bird,Parakeet,Derbyan Parakeet,Derbyan Parakeet,Psittacula derbiana,China/Tibet,50,25,omnivore,arboreal,diurnal,alert,medium,medium,no,species-specific enclosure; needs review,needs review,needs review,pair/group,ต้องตรวจสอบสถานะรายชนิดจากชื่อวิทยาศาสตร์ก่อนครอบครอง ค้า เพาะพันธุ์ หรือนำเข้า-ส่งออก และผู้เลี้ยงต้องจัดสวัสดิภาพสัตว์ตามกฎหมาย,พ.ร.บ. สงวนและคุ้มครองสัตว์ป่า พ.ศ. 2562; พ.ร.บ. ป้องกันการทารุณกรรมและการจัดสวัสดิภาพสัตว์ พ.ศ. 2557,ต้องตรวจสอบประกาศรายชนิดเพิ่มเติม,ต้องตรวจสอบรายชนิดเพิ่มเติม,ต้องตรวจสอบว่าต้องแจ้งการครอบครองหรือขอใบอนุญาตหรือไม่,ต้องตรวจสอบประกาศเพิ่มเติม,ต้องตรวจสอบประกาศเพิ่มเติม,ต้องตรวจสอบรายชนิดเพิ่มเติม,ไม่ควรปล่อย,ผู้เลี้ยงต้องจัดสวัสดิภาพสัตว์ให้เหมาะสมและห้ามทารุณกรรมสัตว์,ควรตรวจสอบสถานะรายชนิดจากชื่อวิทยาศาสตร์ก่อนครอบครอง ค้า เพาะพันธุ์ หรือนำเข้า-ส่งออก และผู้เลี้ยงยังต้องจัดสวัสดิภาพสัตว์ตามกฎหมาย,low,no,needs review,IOC World Bird List,https://www.worldbirdnames.org/new/,IUCN Red List; CITES Checklist,https://www.iucnredlist.org/ | https://checklist.cites.org/,Thailand Wildlife Preservation and Protection Act B.E. 2562 (uploaded PDF); Thailand Animal Welfare Act B.E. 2557 (uploaded PDF),uploaded:ACT_WILD-ANIMAL_2562.pdf | uploaded:law87.pdf | https://checklist.cites.org/,medium-high,taxonomy-backed-husbandry-review-recommended,Species identity and category were added against an authoritative taxonomic source; husbandry-specific settings and Thai common naming may still need row-level review before production use.
EXO225,Bird,Parrot,Blue-headed Pionus,Blue-headed Pionus,Pionus menstruus,Central/South America,28,30,omnivore,arboreal,diurnal,calm,medium,medium,yes,species-specific enclosure; needs review,needs review,needs review,pair,ต้องตรวจสอบสถานะรายชนิดจากชื่อวิทยาศาสตร์ก่อนครอบครอง ค้า เพาะพันธุ์ หรือนำเข้า-ส่งออก และผู้เลี้ยงต้องจัดสวัสดิภาพสัตว์ตามกฎหมาย,พ.ร.บ. สงวนและคุ้มครองสัตว์ป่า พ.ศ. 2562; พ.ร.บ. ป้องกันการทารุณกรรมและการจัดสวัสดิภาพสัตว์ พ.ศ. 2557,ต้องตรวจสอบประกาศรายชนิดเพิ่มเติม,ต้องตรวจสอบรายชนิดเพิ่มเติม,ต้องตรวจสอบว่าต้องแจ้งการครอบครองหรือขอใบอนุญาตหรือไม่,ต้องตรวจสอบประกาศเพิ่มเติม,ต้องตรวจสอบประกาศเพิ่มเติม,ต้องตรวจสอบรายชนิดเพิ่มเติม,ไม่ควรปล่อย,ผู้เลี้ยงต้องจัดสวัสดิภาพสัตว์ให้เหมาะสมและห้ามทารุณกรรมสัตว์,ควรตรวจสอบสถานะรายชนิดจากชื่อวิทยาศาสตร์ก่อนครอบครอง ค้า เพาะพันธุ์ หรือนำเข้า-ส่งออก และผู้เลี้ยงยังต้องจัดสวัสดิภาพสัตว์ตามกฎหมาย,low,no,needs review,IOC World Bird List,https://www.worldbirdnames.org/new/,IUCN Red List; CITES Checklist,https://www.iucnredlist.org/ | https://checklist.cites.org/,Thailand Wildlife Preservation and Protection Act B.E. 2562 (uploaded PDF); Thailand Animal Welfare Act B.E. 2557 (uploaded PDF),uploaded:ACT_WILD-ANIMAL_2562.pdf | uploaded:law87.pdf | https://checklist.cites.org/,medium-high,taxonomy-backed-husbandry-review-recommended,Species identity and category were added against an authoritative taxonomic source; husbandry-specific settings and Thai common naming may still need row-level review before production use.
EXO226,Bird,Parrot,Meyer's Parrot,Meyer's Parrot,Poicephalus meyeri,Africa,22,25,omnivore,arboreal,diurnal,calm,medium,medium,yes,species-specific enclosure; needs review,needs review,needs review,pair,ต้องตรวจสอบสถานะรายชนิดจากชื่อวิทยาศาสตร์ก่อนครอบครอง ค้า เพาะพันธุ์ หรือนำเข้า-ส่งออก และผู้เลี้ยงต้องจัดสวัสดิภาพสัตว์ตามกฎหมาย,พ.ร.บ. สงวนและคุ้มครองสัตว์ป่า พ.ศ. 2562; พ.ร.บ. ป้องกันการทารุณกรรมและการจัดสวัสดิภาพสัตว์ พ.ศ. 2557,ต้องตรวจสอบประกาศรายชนิดเพิ่มเติม,ต้องตรวจสอบรายชนิดเพิ่มเติม,ต้องตรวจสอบว่าต้องแจ้งการครอบครองหรือขอใบอนุญาตหรือไม่,ต้องตรวจสอบประกาศเพิ่มเติม,ต้องตรวจสอบประกาศเพิ่มเติม,ต้องตรวจสอบรายชนิดเพิ่มเติม,ไม่ควรปล่อย,ผู้เลี้ยงต้องจัดสวัสดิภาพสัตว์ให้เหมาะสมและห้ามทารุณกรรมสัตว์,ควรตรวจสอบสถานะรายชนิดจากชื่อวิทยาศาสตร์ก่อนครอบครอง ค้า เพาะพันธุ์ หรือนำเข้า-ส่งออก และผู้เลี้ยงยังต้องจัดสวัสดิภาพสัตว์ตามกฎหมาย,low,no,needs review,IOC World Bird List,https://www.worldbirdnames.org/new/,IUCN Red List; CITES Checklist,https://www.iucnredlist.org/ | https://checklist.cites.org/,Thailand Wildlife Preservation and Protection Act B.E. 2562 (uploaded PDF); Thailand Animal Welfare Act B.E. 2557 (uploaded PDF),uploaded:ACT_WILD-ANIMAL_2562.pdf | uploaded:law87.pdf | https://checklist.cites.org/,medium-high,taxonomy-backed-husbandry-review-recommended,Species identity and category were added against an authoritative taxonomic source; husbandry-specific settings and Thai common naming may still need row-level review before production use.
EXO227,Bird,Parrot,Jardine's Parrot,Jardine's Parrot,Poicephalus gulielmi,Africa,28,30,omnivore,arboreal,diurnal,smart,medium,medium,no,species-specific enclosure; needs review,needs review,needs review,pair,ต้องตรวจสอบสถานะรายชนิดจากชื่อวิทยาศาสตร์ก่อนครอบครอง ค้า เพาะพันธุ์ หรือนำเข้า-ส่งออก และผู้เลี้ยงต้องจัดสวัสดิภาพสัตว์ตามกฎหมาย,พ.ร.บ. สงวนและคุ้มครองสัตว์ป่า พ.ศ. 2562; พ.ร.บ. ป้องกันการทารุณกรรมและการจัดสวัสดิภาพสัตว์ พ.ศ. 2557,ต้องตรวจสอบประกาศรายชนิดเพิ่มเติม,ต้องตรวจสอบรายชนิดเพิ่มเติม,ต้องตรวจสอบว่าต้องแจ้งการครอบครองหรือขอใบอนุญาตหรือไม่,ต้องตรวจสอบประกาศเพิ่มเติม,ต้องตรวจสอบประกาศเพิ่มเติม,ต้องตรวจสอบรายชนิดเพิ่มเติม,ไม่ควรปล่อย,ผู้เลี้ยงต้องจัดสวัสดิภาพสัตว์ให้เหมาะสมและห้ามทารุณกรรมสัตว์,ควรตรวจสอบสถานะรายชนิดจากชื่อวิทยาศาสตร์ก่อนครอบครอง ค้า เพาะพันธุ์ หรือนำเข้า-ส่งออก และผู้เลี้ยงยังต้องจัดสวัสดิภาพสัตว์ตามกฎหมาย,low,no,needs review,IOC World Bird List,https://www.worldbirdnames.org/new/,IUCN Red List; CITES Checklist,https://www.iucnredlist.org/ | https://checklist.cites.org/,Thailand Wildlife Preservation and Protection Act B.E. 2562 (uploaded PDF); Thailand Animal Welfare Act B.E. 2557 (uploaded PDF),uploaded:ACT_WILD-ANIMAL_2562.pdf | uploaded:law87.pdf | https://checklist.cites.org/,medium-high,taxonomy-backed-husbandry-review-recommended,Species identity and category were added against an authoritative taxonomic source; husbandry-specific settings and Thai common naming may still need row-level review before production use.
EXO228,Bird,Parrot,Red-bellied Parrot,Red-bellied Parrot,Poicephalus rufiventris,Africa,23,25,omnivore,arboreal,diurnal,gentle,medium,medium,yes,species-specific enclosure; needs review,needs review,needs review,pair,ต้องตรวจสอบสถานะรายชนิดจากชื่อวิทยาศาสตร์ก่อนครอบครอง ค้า เพาะพันธุ์ หรือนำเข้า-ส่งออก และผู้เลี้ยงต้องจัดสวัสดิภาพสัตว์ตามกฎหมาย,พ.ร.บ. สงวนและคุ้มครองสัตว์ป่า พ.ศ. 2562; พ.ร.บ. ป้องกันการทารุณกรรมและการจัดสวัสดิภาพสัตว์ พ.ศ. 2557,ต้องตรวจสอบประกาศรายชนิดเพิ่มเติม,ต้องตรวจสอบรายชนิดเพิ่มเติม,ต้องตรวจสอบว่าต้องแจ้งการครอบครองหรือขอใบอนุญาตหรือไม่,ต้องตรวจสอบประกาศเพิ่มเติม,ต้องตรวจสอบประกาศเพิ่มเติม,ต้องตรวจสอบรายชนิดเพิ่มเติม,ไม่ควรปล่อย,ผู้เลี้ยงต้องจัดสวัสดิภาพสัตว์ให้เหมาะสมและห้ามทารุณกรรมสัตว์,ควรตรวจสอบสถานะรายชนิดจากชื่อวิทยาศาสตร์ก่อนครอบครอง ค้า เพาะพันธุ์ หรือนำเข้า-ส่งออก และผู้เลี้ยงยังต้องจัดสวัสดิภาพสัตว์ตามกฎหมาย,low,no,needs review,IOC World Bird List,https://www.worldbirdnames.org/new/,IUCN Red List; CITES Checklist,https://www.iucnredlist.org/ | https://checklist.cites.org/,Thailand Wildlife Preservation and Protection Act B.E. 2562 (uploaded PDF); Thailand Animal Welfare Act B.E. 2557 (uploaded PDF),uploaded:ACT_WILD-ANIMAL_2562.pdf | uploaded:law87.pdf | https://checklist.cites.org/,medium-high,taxonomy-backed-husbandry-review-recommended,Species identity and category were added against an authoritative taxonomic source; husbandry-specific settings and Thai common naming may still need row-level review before production use.
EXO229,Bird,Cockatoo,Galah,Galah,Eolophus roseicapilla,Australia,35,40,omnivore,arboreal,diurnal,social,medium,medium,no,species-specific enclosure; needs review,needs review,needs review,pair/group,ต้องตรวจสอบสถานะรายชนิดจากชื่อวิทยาศาสตร์ก่อนครอบครอง ค้า เพาะพันธุ์ หรือนำเข้า-ส่งออก และผู้เลี้ยงต้องจัดสวัสดิภาพสัตว์ตามกฎหมาย,พ.ร.บ. สงวนและคุ้มครองสัตว์ป่า พ.ศ. 2562; พ.ร.บ. ป้องกันการทารุณกรรมและการจัดสวัสดิภาพสัตว์ พ.ศ. 2557,ต้องตรวจสอบประกาศรายชนิดเพิ่มเติม,ต้องตรวจสอบรายชนิดเพิ่มเติม,ต้องตรวจสอบว่าต้องแจ้งการครอบครองหรือขอใบอนุญาตหรือไม่,ต้องตรวจสอบประกาศเพิ่มเติม,ต้องตรวจสอบประกาศเพิ่มเติม,ต้องตรวจสอบรายชนิดเพิ่มเติม,ไม่ควรปล่อย,ผู้เลี้ยงต้องจัดสวัสดิภาพสัตว์ให้เหมาะสมและห้ามทารุณกรรมสัตว์,ควรตรวจสอบสถานะรายชนิดจากชื่อวิทยาศาสตร์ก่อนครอบครอง ค้า เพาะพันธุ์ หรือนำเข้า-ส่งออก และผู้เลี้ยงยังต้องจัดสวัสดิภาพสัตว์ตามกฎหมาย,low,no,needs review,IOC World Bird List,https://www.worldbirdnames.org/new/,IUCN Red List; CITES Checklist,https://www.iucnredlist.org/ | https://checklist.cites.org/,Thailand Wildlife Preservation and Protection Act B.E. 2562 (uploaded PDF); Thailand Animal Welfare Act B.E. 2557 (uploaded PDF),uploaded:ACT_WILD-ANIMAL_2562.pdf | uploaded:law87.pdf | https://checklist.cites.org/,medium-high,taxonomy-backed-husbandry-review-recommended,Species identity and category were added against an authoritative taxonomic source; husbandry-specific settings and Thai common naming may still need row-level review before production use.
EXO230,Bird,Cockatoo,Goffin's Cockatoo,Goffin's Cockatoo,Cacatua goffiniana,Indonesia,32,40,omnivore,arboreal,diurnal,playful,medium,medium,no,species-specific enclosure; needs review,needs review,needs review,pair/group,ต้องตรวจสอบสถานะรายชนิดจากชื่อวิทยาศาสตร์ก่อนครอบครอง ค้า เพาะพันธุ์ หรือนำเข้า-ส่งออก และผู้เลี้ยงต้องจัดสวัสดิภาพสัตว์ตามกฎหมาย,พ.ร.บ. สงวนและคุ้มครองสัตว์ป่า พ.ศ. 2562; พ.ร.บ. ป้องกันการทารุณกรรมและการจัดสวัสดิภาพสัตว์ พ.ศ. 2557,ต้องตรวจสอบประกาศรายชนิดเพิ่มเติม,ต้องตรวจสอบรายชนิดเพิ่มเติม,ต้องตรวจสอบว่าต้องแจ้งการครอบครองหรือขอใบอนุญาตหรือไม่,ต้องตรวจสอบประกาศเพิ่มเติม,ต้องตรวจสอบประกาศเพิ่มเติม,ต้องตรวจสอบรายชนิดเพิ่มเติม,ไม่ควรปล่อย,ผู้เลี้ยงต้องจัดสวัสดิภาพสัตว์ให้เหมาะสมและห้ามทารุณกรรมสัตว์,ควรตรวจสอบสถานะรายชนิดจากชื่อวิทยาศาสตร์ก่อนครอบครอง ค้า เพาะพันธุ์ หรือนำเข้า-ส่งออก และผู้เลี้ยงยังต้องจัดสวัสดิภาพสัตว์ตามกฎหมาย,low,no,needs review,IOC World Bird List,https://www.worldbirdnames.org/new/,IUCN Red List; CITES Checklist,https://www.iucnredlist.org/ | https://checklist.cites.org/,Thailand Wildlife Preservation and Protection Act B.E. 2562 (uploaded PDF); Thailand Animal Welfare Act B.E. 2557 (uploaded PDF),uploaded:ACT_WILD-ANIMAL_2562.pdf | uploaded:law87.pdf | https://checklist.cites.org/,medium-high,taxonomy-backed-husbandry-review-recommended,Species identity and category were added against an authoritative taxonomic source; husbandry-specific settings and Thai common naming may still need row-level review before production use.
EXO231,Bird,Cockatoo,Major Mitchell's Cockatoo,Major Mitchell's Cockatoo,Lophochroa leadbeateri,Australia,38,50,omnivore,arboreal,diurnal,sensitive,medium,hard,no,species-specific enclosure; needs review,needs review,needs review,pair/group,ต้องตรวจสอบสถานะรายชนิดจากชื่อวิทยาศาสตร์ก่อนครอบครอง ค้า เพาะพันธุ์ หรือนำเข้า-ส่งออก และผู้เลี้ยงต้องจัดสวัสดิภาพสัตว์ตามกฎหมาย,พ.ร.บ. สงวนและคุ้มครองสัตว์ป่า พ.ศ. 2562; พ.ร.บ. ป้องกันการทารุณกรรมและการจัดสวัสดิภาพสัตว์ พ.ศ. 2557,ต้องตรวจสอบประกาศรายชนิดเพิ่มเติม,ต้องตรวจสอบรายชนิดเพิ่มเติม,ต้องตรวจสอบว่าต้องแจ้งการครอบครองหรือขอใบอนุญาตหรือไม่,ต้องตรวจสอบประกาศเพิ่มเติม,ต้องตรวจสอบประกาศเพิ่มเติม,ต้องตรวจสอบรายชนิดเพิ่มเติม,ไม่ควรปล่อย,ผู้เลี้ยงต้องจัดสวัสดิภาพสัตว์ให้เหมาะสมและห้ามทารุณกรรมสัตว์,ควรตรวจสอบสถานะรายชนิดจากชื่อวิทยาศาสตร์ก่อนครอบครอง ค้า เพาะพันธุ์ หรือนำเข้า-ส่งออก และผู้เลี้ยงยังต้องจัดสวัสดิภาพสัตว์ตามกฎหมาย,low,no,needs review,IOC World Bird List,https://www.worldbirdnames.org/new/,IUCN Red List; CITES Checklist,https://www.iucnredlist.org/ | https://checklist.cites.org/,Thailand Wildlife Preservation and Protection Act B.E. 2562 (uploaded PDF); Thailand Animal Welfare Act B.E. 2557 (uploaded PDF),uploaded:ACT_WILD-ANIMAL_2562.pdf | uploaded:law87.pdf | https://checklist.cites.org/,medium-high,taxonomy-backed-husbandry-review-recommended,Species identity and category were added against an authoritative taxonomic source; husbandry-specific settings and Thai common naming may still need row-level review before production use.
EXO232,Bird,Cockatoo,Bare-eyed Cockatoo,Bare-eyed Cockatoo,Cacatua sanguinea,Australia/New Guinea,40,40,omnivore,arboreal,diurnal,social,medium,medium,no,species-specific enclosure; needs review,needs review,needs review,pair/group,ต้องตรวจสอบสถานะรายชนิดจากชื่อวิทยาศาสตร์ก่อนครอบครอง ค้า เพาะพันธุ์ หรือนำเข้า-ส่งออก และผู้เลี้ยงต้องจัดสวัสดิภาพสัตว์ตามกฎหมาย,พ.ร.บ. สงวนและคุ้มครองสัตว์ป่า พ.ศ. 2562; พ.ร.บ. ป้องกันการทารุณกรรมและการจัดสวัสดิภาพสัตว์ พ.ศ. 2557,ต้องตรวจสอบประกาศรายชนิดเพิ่มเติม,ต้องตรวจสอบรายชนิดเพิ่มเติม,ต้องตรวจสอบว่าต้องแจ้งการครอบครองหรือขอใบอนุญาตหรือไม่,ต้องตรวจสอบประกาศเพิ่มเติม,ต้องตรวจสอบประกาศเพิ่มเติม,ต้องตรวจสอบรายชนิดเพิ่มเติม,ไม่ควรปล่อย,ผู้เลี้ยงต้องจัดสวัสดิภาพสัตว์ให้เหมาะสมและห้ามทารุณกรรมสัตว์,ควรตรวจสอบสถานะรายชนิดจากชื่อวิทยาศาสตร์ก่อนครอบครอง ค้า เพาะพันธุ์ หรือนำเข้า-ส่งออก และผู้เลี้ยงยังต้องจัดสวัสดิภาพสัตว์ตามกฎหมาย,low,no,needs review,IOC World Bird List,https://www.worldbirdnames.org/new/,IUCN Red List; CITES Checklist,https://www.iucnredlist.org/ | https://checklist.cites.org/,Thailand Wildlife Preservation and Protection Act B.E. 2562 (uploaded PDF); Thailand Animal Welfare Act B.E. 2557 (uploaded PDF),uploaded:ACT_WILD-ANIMAL_2562.pdf | uploaded:law87.pdf | https://checklist.cites.org/,medium-high,taxonomy-backed-husbandry-review-recommended,Species identity and category were added against an authoritative taxonomic source; husbandry-specific settings and Thai common naming may still need row-level review before production use.
EXO233,Bird,Macaw,Hahn's Macaw,Hahn's Macaw,Diopsittaca nobilis,South America,30,30,omnivore,arboreal,diurnal,smart,medium,medium,yes,species-specific enclosure; needs review,needs review,needs review,pair,ต้องตรวจสอบสถานะรายชนิดจากชื่อวิทยาศาสตร์ก่อนครอบครอง ค้า เพาะพันธุ์ หรือนำเข้า-ส่งออก และผู้เลี้ยงต้องจัดสวัสดิภาพสัตว์ตามกฎหมาย,พ.ร.บ. สงวนและคุ้มครองสัตว์ป่า พ.ศ. 2562; พ.ร.บ. ป้องกันการทารุณกรรมและการจัดสวัสดิภาพสัตว์ พ.ศ. 2557,ต้องตรวจสอบประกาศรายชนิดเพิ่มเติม,ต้องตรวจสอบรายชนิดเพิ่มเติม,ต้องตรวจสอบว่าต้องแจ้งการครอบครองหรือขอใบอนุญาตหรือไม่,ต้องตรวจสอบประกาศเพิ่มเติม,ต้องตรวจสอบประกาศเพิ่มเติม,ต้องตรวจสอบรายชนิดเพิ่มเติม,ไม่ควรปล่อย,ผู้เลี้ยงต้องจัดสวัสดิภาพสัตว์ให้เหมาะสมและห้ามทารุณกรรมสัตว์,ควรตรวจสอบสถานะรายชนิดจากชื่อวิทยาศาสตร์ก่อนครอบครอง ค้า เพาะพันธุ์ หรือนำเข้า-ส่งออก และผู้เลี้ยงยังต้องจัดสวัสดิภาพสัตว์ตามกฎหมาย,low,no,needs review,IOC World Bird List,https://www.worldbirdnames.org/new/,IUCN Red List; CITES Checklist,https://www.iucnredlist.org/ | https://checklist.cites.org/,Thailand Wildlife Preservation and Protection Act B.E. 2562 (uploaded PDF); Thailand Animal Welfare Act B.E. 2557 (uploaded PDF),uploaded:ACT_WILD-ANIMAL_2562.pdf | uploaded:law87.pdf | https://checklist.cites.org/,medium-high,taxonomy-backed-husbandry-review-recommended,Species identity and category were added against an authoritative taxonomic source; husbandry-specific settings and Thai common naming may still need row-level review before production use.
EXO234,Bird,Macaw,Green-winged Macaw,Green-winged Macaw,Ara chloropterus,South America,90,50,omnivore,arboreal,diurnal,strong,high,hard,no,species-specific enclosure; needs review,needs review,needs review,pair,ต้องตรวจสอบสถานะรายชนิดจากชื่อวิทยาศาสตร์ก่อนครอบครอง ค้า เพาะพันธุ์ หรือนำเข้า-ส่งออก และผู้เลี้ยงต้องจัดสวัสดิภาพสัตว์ตามกฎหมาย,พ.ร.บ. สงวนและคุ้มครองสัตว์ป่า พ.ศ. 2562; พ.ร.บ. ป้องกันการทารุณกรรมและการจัดสวัสดิภาพสัตว์ พ.ศ. 2557,ต้องตรวจสอบประกาศรายชนิดเพิ่มเติม,ต้องตรวจสอบรายชนิดเพิ่มเติม,ต้องตรวจสอบว่าต้องแจ้งการครอบครองหรือขอใบอนุญาตหรือไม่,ต้องตรวจสอบประกาศเพิ่มเติม,ต้องตรวจสอบประกาศเพิ่มเติม,ต้องตรวจสอบรายชนิดเพิ่มเติม,ไม่ควรปล่อย,ผู้เลี้ยงต้องจัดสวัสดิภาพสัตว์ให้เหมาะสมและห้ามทารุณกรรมสัตว์,ควรตรวจสอบสถานะรายชนิดจากชื่อวิทยาศาสตร์ก่อนครอบครอง ค้า เพาะพันธุ์ หรือนำเข้า-ส่งออก และผู้เลี้ยงยังต้องจัดสวัสดิภาพสัตว์ตามกฎหมาย,medium,no,needs review,IOC World Bird List,https://www.worldbirdnames.org/new/,IUCN Red List; CITES Checklist,https://www.iucnredlist.org/ | https://checklist.cites.org/,Thailand Wildlife Preservation and Protection Act B.E. 2562 (uploaded PDF); Thailand Animal Welfare Act B.E. 2557 (uploaded PDF),uploaded:ACT_WILD-ANIMAL_2562.pdf | uploaded:law87.pdf | https://checklist.cites.org/,medium-high,taxonomy-backed-husbandry-review-recommended,Species identity and category were added against an authoritative taxonomic source; husbandry-specific settings and Thai common naming may still need row-level review before production use.
EXO235,Bird,Macaw,Military Macaw,Military Macaw,Ara militaris,Central/South America,70,50,omnivore,arboreal,diurnal,strong,high,hard,no,species-specific enclosure; needs review,needs review,needs review,pair,ต้องตรวจสอบสถานะรายชนิดจากชื่อวิทยาศาสตร์ก่อนครอบครอง ค้า เพาะพันธุ์ หรือนำเข้า-ส่งออก และผู้เลี้ยงต้องจัดสวัสดิภาพสัตว์ตามกฎหมาย,พ.ร.บ. สงวนและคุ้มครองสัตว์ป่า พ.ศ. 2562; พ.ร.บ. ป้องกันการทารุณกรรมและการจัดสวัสดิภาพสัตว์ พ.ศ. 2557,ต้องตรวจสอบประกาศรายชนิดเพิ่มเติม,ต้องตรวจสอบรายชนิดเพิ่มเติม,ต้องตรวจสอบว่าต้องแจ้งการครอบครองหรือขอใบอนุญาตหรือไม่,ต้องตรวจสอบประกาศเพิ่มเติม,ต้องตรวจสอบประกาศเพิ่มเติม,ต้องตรวจสอบรายชนิดเพิ่มเติม,ไม่ควรปล่อย,ผู้เลี้ยงต้องจัดสวัสดิภาพสัตว์ให้เหมาะสมและห้ามทารุณกรรมสัตว์,ควรตรวจสอบสถานะรายชนิดจากชื่อวิทยาศาสตร์ก่อนครอบครอง ค้า เพาะพันธุ์ หรือนำเข้า-ส่งออก และผู้เลี้ยงยังต้องจัดสวัสดิภาพสัตว์ตามกฎหมาย,medium,no,needs review,IOC World Bird List,https://www.worldbirdnames.org/new/,IUCN Red List; CITES Checklist,https://www.iucnredlist.org/ | https://checklist.cites.org/,Thailand Wildlife Preservation and Protection Act B.E. 2562 (uploaded PDF); Thailand Animal Welfare Act B.E. 2557 (uploaded PDF),uploaded:ACT_WILD-ANIMAL_2562.pdf | uploaded:law87.pdf | https://checklist.cites.org/,medium-high,taxonomy-backed-husbandry-review-recommended,Species identity and category were added against an authoritative taxonomic source; husbandry-specific settings and Thai common naming may still need row-level review before production use.
EXO236,Bird,Finch,Gouldian Finch,Gouldian Finch,Erythrura gouldiae,Australia,13,8,granivore,arboreal,diurnal,gentle,high,medium,yes,species-specific enclosure; needs review,needs review,needs review,pair/group,ต้องตรวจสอบสถานะรายชนิดจากชื่อวิทยาศาสตร์ก่อนครอบครอง ค้า เพาะพันธุ์ หรือนำเข้า-ส่งออก และผู้เลี้ยงต้องจัดสวัสดิภาพสัตว์ตามกฎหมาย,พ.ร.บ. สงวนและคุ้มครองสัตว์ป่า พ.ศ. 2562; พ.ร.บ. ป้องกันการทารุณกรรมและการจัดสวัสดิภาพสัตว์ พ.ศ. 2557,ต้องตรวจสอบประกาศรายชนิดเพิ่มเติม,ต้องตรวจสอบรายชนิดเพิ่มเติม,ต้องตรวจสอบว่าต้องแจ้งการครอบครองหรือขอใบอนุญาตหรือไม่,ต้องตรวจสอบประกาศเพิ่มเติม,ต้องตรวจสอบประกาศเพิ่มเติม,ต้องตรวจสอบรายชนิดเพิ่มเติม,ไม่ควรปล่อย,ผู้เลี้ยงต้องจัดสวัสดิภาพสัตว์ให้เหมาะสมและห้ามทารุณกรรมสัตว์,ควรตรวจสอบสถานะรายชนิดจากชื่อวิทยาศาสตร์ก่อนครอบครอง ค้า เพาะพันธุ์ หรือนำเข้า-ส่งออก และผู้เลี้ยงยังต้องจัดสวัสดิภาพสัตว์ตามกฎหมาย,low,no,needs review,IOC World Bird List,https://www.worldbirdnames.org/new/,IUCN Red List; CITES Checklist,https://www.iucnredlist.org/ | https://checklist.cites.org/,Thailand Wildlife Preservation and Protection Act B.E. 2562 (uploaded PDF); Thailand Animal Welfare Act B.E. 2557 (uploaded PDF),uploaded:ACT_WILD-ANIMAL_2562.pdf | uploaded:law87.pdf | https://checklist.cites.org/,medium-high,taxonomy-backed-husbandry-review-recommended,Species identity and category were added against an authoritative taxonomic source; husbandry-specific settings and Thai common naming may still need row-level review before production use.
EXO237,Bird,Finch,Society Finch,Society Finch,Lonchura striata domestica,Domesticated,11,7,granivore,arboreal,diurnal,gentle,low,easy,yes,species-specific enclosure; needs review,needs review,needs review,group,ต้องตรวจสอบสถานะรายชนิดจากชื่อวิทยาศาสตร์ก่อนครอบครอง ค้า เพาะพันธุ์ หรือนำเข้า-ส่งออก และผู้เลี้ยงต้องจัดสวัสดิภาพสัตว์ตามกฎหมาย,พ.ร.บ. สงวนและคุ้มครองสัตว์ป่า พ.ศ. 2562; พ.ร.บ. ป้องกันการทารุณกรรมและการจัดสวัสดิภาพสัตว์ พ.ศ. 2557,ต้องตรวจสอบประกาศรายชนิดเพิ่มเติม,ต้องตรวจสอบรายชนิดเพิ่มเติม,ต้องตรวจสอบว่าต้องแจ้งการครอบครองหรือขอใบอนุญาตหรือไม่,ต้องตรวจสอบประกาศเพิ่มเติม,ต้องตรวจสอบประกาศเพิ่มเติม,ต้องตรวจสอบรายชนิดเพิ่มเติม,ไม่ควรปล่อย,ผู้เลี้ยงต้องจัดสวัสดิภาพสัตว์ให้เหมาะสมและห้ามทารุณกรรมสัตว์,ควรตรวจสอบสถานะรายชนิดจากชื่อวิทยาศาสตร์ก่อนครอบครอง ค้า เพาะพันธุ์ หรือนำเข้า-ส่งออก และผู้เลี้ยงยังต้องจัดสวัสดิภาพสัตว์ตามกฎหมาย,low,no,needs review,IOC World Bird List,https://www.worldbirdnames.org/new/,IUCN Red List; CITES Checklist,https://www.iucnredlist.org/ | https://checklist.cites.org/,Thailand Wildlife Preservation and Protection Act B.E. 2562 (uploaded PDF); Thailand Animal Welfare Act B.E. 2557 (uploaded PDF),uploaded:ACT_WILD-ANIMAL_2562.pdf | uploaded:law87.pdf | https://checklist.cites.org/,medium-high,taxonomy-backed-husbandry-review-recommended,Species identity and category were added against an authoritative taxonomic source; husbandry-specific settings and Thai common naming may still need row-level review before production use.
EXO238,Bird,Dove,Diamond Dove,Diamond Dove,Geopelia cuneata,Australia,20,10,granivore,terrestrial/arboreal,diurnal,gentle,low,easy,yes,species-specific enclosure; needs review,needs review,needs review,pair/group,ต้องตรวจสอบสถานะรายชนิดจากชื่อวิทยาศาสตร์ก่อนครอบครอง ค้า เพาะพันธุ์ หรือนำเข้า-ส่งออก และผู้เลี้ยงต้องจัดสวัสดิภาพสัตว์ตามกฎหมาย,พ.ร.บ. สงวนและคุ้มครองสัตว์ป่า พ.ศ. 2562; พ.ร.บ. ป้องกันการทารุณกรรมและการจัดสวัสดิภาพสัตว์ พ.ศ. 2557,ต้องตรวจสอบประกาศรายชนิดเพิ่มเติม,ต้องตรวจสอบรายชนิดเพิ่มเติม,ต้องตรวจสอบว่าต้องแจ้งการครอบครองหรือขอใบอนุญาตหรือไม่,ต้องตรวจสอบประกาศเพิ่มเติม,ต้องตรวจสอบประกาศเพิ่มเติม,ต้องตรวจสอบรายชนิดเพิ่มเติม,ไม่ควรปล่อย,ผู้เลี้ยงต้องจัดสวัสดิภาพสัตว์ให้เหมาะสมและห้ามทารุณกรรมสัตว์,ควรตรวจสอบสถานะรายชนิดจากชื่อวิทยาศาสตร์ก่อนครอบครอง ค้า เพาะพันธุ์ หรือนำเข้า-ส่งออก และผู้เลี้ยงยังต้องจัดสวัสดิภาพสัตว์ตามกฎหมาย,low,no,needs review,IOC World Bird List,https://www.worldbirdnames.org/new/,IUCN Red List; CITES Checklist,https://www.iucnredlist.org/ | https://checklist.cites.org/,Thailand Wildlife Preservation and Protection Act B.E. 2562 (uploaded PDF); Thailand Animal Welfare Act B.E. 2557 (uploaded PDF),uploaded:ACT_WILD-ANIMAL_2562.pdf | uploaded:law87.pdf | https://checklist.cites.org/,medium-high,taxonomy-backed-husbandry-review-recommended,Species identity and category were added against an authoritative taxonomic source; husbandry-specific settings and Thai common naming may still need row-level review before production use.
EXO239,Aquatic,Fish,Freshwater Angelfish,Freshwater Angelfish,Pterophyllum scalare,South America,15,10,omnivore,freshwater,diurnal,semi-aggressive,low,easy,yes,species-specific enclosure; needs review,needs review,needs review,group,ต้องตรวจสอบสถานะรายชนิดจากชื่อวิทยาศาสตร์ก่อนครอบครอง ค้า เพาะพันธุ์ หรือนำเข้า-ส่งออก และผู้เลี้ยงต้องจัดสวัสดิภาพสัตว์ตามกฎหมาย,พ.ร.บ. สงวนและคุ้มครองสัตว์ป่า พ.ศ. 2562; พ.ร.บ. ป้องกันการทารุณกรรมและการจัดสวัสดิภาพสัตว์ พ.ศ. 2557,ต้องตรวจสอบประกาศรายชนิดเพิ่มเติม,ต้องตรวจสอบรายชนิดเพิ่มเติม,ต้องตรวจสอบว่าต้องแจ้งการครอบครองหรือขอใบอนุญาตหรือไม่,ต้องตรวจสอบประกาศเพิ่มเติม,ต้องตรวจสอบประกาศเพิ่มเติม,ต้องตรวจสอบรายชนิดเพิ่มเติม,ไม่ควรปล่อย,ผู้เลี้ยงต้องจัดสวัสดิภาพสัตว์ให้เหมาะสมและห้ามทารุณกรรมสัตว์,ควรตรวจสอบสถานะรายชนิดจากชื่อวิทยาศาสตร์ก่อนครอบครอง ค้า เพาะพันธุ์ หรือนำเข้า-ส่งออก และผู้เลี้ยงยังต้องจัดสวัสดิภาพสัตว์ตามกฎหมาย,low,no,needs review,FishBase,https://www.fishbase.se/,IUCN Red List; CITES Checklist,https://www.iucnredlist.org/ | https://checklist.cites.org/,Thailand Wildlife Preservation and Protection Act B.E. 2562 (uploaded PDF); Thailand Animal Welfare Act B.E. 2557 (uploaded PDF),uploaded:ACT_WILD-ANIMAL_2562.pdf | uploaded:law87.pdf | https://checklist.cites.org/,medium-high,taxonomy-backed-husbandry-review-recommended,Species identity and category were added against an authoritative taxonomic source; husbandry-specific settings and Thai common naming may still need row-level review before production use.
EXO240,Aquatic,Fish,Severum,Severum,Heros efasciatus,South America,20,10,omnivore,freshwater,diurnal,calm,low,easy,yes,species-specific enclosure; needs review,needs review,needs review,pair,ต้องตรวจสอบสถานะรายชนิดจากชื่อวิทยาศาสตร์ก่อนครอบครอง ค้า เพาะพันธุ์ หรือนำเข้า-ส่งออก และผู้เลี้ยงต้องจัดสวัสดิภาพสัตว์ตามกฎหมาย,พ.ร.บ. สงวนและคุ้มครองสัตว์ป่า พ.ศ. 2562; พ.ร.บ. ป้องกันการทารุณกรรมและการจัดสวัสดิภาพสัตว์ พ.ศ. 2557,ต้องตรวจสอบประกาศรายชนิดเพิ่มเติม,ต้องตรวจสอบรายชนิดเพิ่มเติม,ต้องตรวจสอบว่าต้องแจ้งการครอบครองหรือขอใบอนุญาตหรือไม่,ต้องตรวจสอบประกาศเพิ่มเติม,ต้องตรวจสอบประกาศเพิ่มเติม,ต้องตรวจสอบรายชนิดเพิ่มเติม,ไม่ควรปล่อย,ผู้เลี้ยงต้องจัดสวัสดิภาพสัตว์ให้เหมาะสมและห้ามทารุณกรรมสัตว์,ควรตรวจสอบสถานะรายชนิดจากชื่อวิทยาศาสตร์ก่อนครอบครอง ค้า เพาะพันธุ์ หรือนำเข้า-ส่งออก และผู้เลี้ยงยังต้องจัดสวัสดิภาพสัตว์ตามกฎหมาย,low,no,needs review,FishBase,https://www.fishbase.se/,IUCN Red List; CITES Checklist,https://www.iucnredlist.org/ | https://checklist.cites.org/,Thailand Wildlife Preservation and Protection Act B.E. 2562 (uploaded PDF); Thailand Animal Welfare Act B.E. 2557 (uploaded PDF),uploaded:ACT_WILD-ANIMAL_2562.pdf | uploaded:law87.pdf | https://checklist.cites.org/,medium-high,taxonomy-backed-husbandry-review-recommended,Species identity and category were added against an authoritative taxonomic source; husbandry-specific settings and Thai common naming may still need row-level review before production use.
EXO241,Aquatic,Fish,Convict Cichlid,Convict Cichlid,Amatitlania nigrofasciata,Central America,12,10,omnivore,freshwater,diurnal,aggressive,low,easy,yes,species-specific enclosure; needs review,needs review,needs review,pair,ต้องตรวจสอบสถานะรายชนิดจากชื่อวิทยาศาสตร์ก่อนครอบครอง ค้า เพาะพันธุ์ หรือนำเข้า-ส่งออก และผู้เลี้ยงต้องจัดสวัสดิภาพสัตว์ตามกฎหมาย,พ.ร.บ. สงวนและคุ้มครองสัตว์ป่า พ.ศ. 2562; พ.ร.บ. ป้องกันการทารุณกรรมและการจัดสวัสดิภาพสัตว์ พ.ศ. 2557,ต้องตรวจสอบประกาศรายชนิดเพิ่มเติม,ต้องตรวจสอบรายชนิดเพิ่มเติม,ต้องตรวจสอบว่าต้องแจ้งการครอบครองหรือขอใบอนุญาตหรือไม่,ต้องตรวจสอบประกาศเพิ่มเติม,ต้องตรวจสอบประกาศเพิ่มเติม,ต้องตรวจสอบรายชนิดเพิ่มเติม,ไม่ควรปล่อย,ผู้เลี้ยงต้องจัดสวัสดิภาพสัตว์ให้เหมาะสมและห้ามทารุณกรรมสัตว์,ควรตรวจสอบสถานะรายชนิดจากชื่อวิทยาศาสตร์ก่อนครอบครอง ค้า เพาะพันธุ์ หรือนำเข้า-ส่งออก และผู้เลี้ยงยังต้องจัดสวัสดิภาพสัตว์ตามกฎหมาย,low,no,needs review,FishBase,https://www.fishbase.se/,IUCN Red List; CITES Checklist,https://www.iucnredlist.org/ | https://checklist.cites.org/,Thailand Wildlife Preservation and Protection Act B.E. 2562 (uploaded PDF); Thailand Animal Welfare Act B.E. 2557 (uploaded PDF),uploaded:ACT_WILD-ANIMAL_2562.pdf | uploaded:law87.pdf | https://checklist.cites.org/,medium-high,taxonomy-backed-husbandry-review-recommended,Species identity and category were added against an authoritative taxonomic source; husbandry-specific settings and Thai common naming may still need row-level review before production use.
EXO242,Aquatic,Fish,Green Terror,Green Terror,Andinoacara rivulatus,South America,25,10,omnivore,freshwater,diurnal,aggressive,low,medium,no,species-specific enclosure; needs review,needs review,needs review,solitary/pair,ต้องตรวจสอบสถานะรายชนิดจากชื่อวิทยาศาสตร์ก่อนครอบครอง ค้า เพาะพันธุ์ หรือนำเข้า-ส่งออก และผู้เลี้ยงต้องจัดสวัสดิภาพสัตว์ตามกฎหมาย,พ.ร.บ. สงวนและคุ้มครองสัตว์ป่า พ.ศ. 2562; พ.ร.บ. ป้องกันการทารุณกรรมและการจัดสวัสดิภาพสัตว์ พ.ศ. 2557,ต้องตรวจสอบประกาศรายชนิดเพิ่มเติม,ต้องตรวจสอบรายชนิดเพิ่มเติม,ต้องตรวจสอบว่าต้องแจ้งการครอบครองหรือขอใบอนุญาตหรือไม่,ต้องตรวจสอบประกาศเพิ่มเติม,ต้องตรวจสอบประกาศเพิ่มเติม,ต้องตรวจสอบรายชนิดเพิ่มเติม,ไม่ควรปล่อย,ผู้เลี้ยงต้องจัดสวัสดิภาพสัตว์ให้เหมาะสมและห้ามทารุณกรรมสัตว์,ควรตรวจสอบสถานะรายชนิดจากชื่อวิทยาศาสตร์ก่อนครอบครอง ค้า เพาะพันธุ์ หรือนำเข้า-ส่งออก และผู้เลี้ยงยังต้องจัดสวัสดิภาพสัตว์ตามกฎหมาย,low,no,needs review,FishBase,https://www.fishbase.se/,IUCN Red List; CITES Checklist,https://www.iucnredlist.org/ | https://checklist.cites.org/,Thailand Wildlife Preservation and Protection Act B.E. 2562 (uploaded PDF); Thailand Animal Welfare Act B.E. 2557 (uploaded PDF),uploaded:ACT_WILD-ANIMAL_2562.pdf | uploaded:law87.pdf | https://checklist.cites.org/,medium-high,taxonomy-backed-husbandry-review-recommended,Species identity and category were added against an authoritative taxonomic source; husbandry-specific settings and Thai common naming may still need row-level review before production use.
EXO243,Aquatic,Fish,Jack Dempsey,Jack Dempsey,Rocio octofasciata,Central America,25,10,carnivore,freshwater,diurnal,aggressive,low,medium,no,species-specific enclosure; needs review,needs review,needs review,solitary/pair,ต้องตรวจสอบสถานะรายชนิดจากชื่อวิทยาศาสตร์ก่อนครอบครอง ค้า เพาะพันธุ์ หรือนำเข้า-ส่งออก และผู้เลี้ยงต้องจัดสวัสดิภาพสัตว์ตามกฎหมาย,พ.ร.บ. สงวนและคุ้มครองสัตว์ป่า พ.ศ. 2562; พ.ร.บ. ป้องกันการทารุณกรรมและการจัดสวัสดิภาพสัตว์ พ.ศ. 2557,ต้องตรวจสอบประกาศรายชนิดเพิ่มเติม,ต้องตรวจสอบรายชนิดเพิ่มเติม,ต้องตรวจสอบว่าต้องแจ้งการครอบครองหรือขอใบอนุญาตหรือไม่,ต้องตรวจสอบประกาศเพิ่มเติม,ต้องตรวจสอบประกาศเพิ่มเติม,ต้องตรวจสอบรายชนิดเพิ่มเติม,ไม่ควรปล่อย,ผู้เลี้ยงต้องจัดสวัสดิภาพสัตว์ให้เหมาะสมและห้ามทารุณกรรมสัตว์,ควรตรวจสอบสถานะรายชนิดจากชื่อวิทยาศาสตร์ก่อนครอบครอง ค้า เพาะพันธุ์ หรือนำเข้า-ส่งออก และผู้เลี้ยงยังต้องจัดสวัสดิภาพสัตว์ตามกฎหมาย,low,no,needs review,FishBase,https://www.fishbase.se/,IUCN Red List; CITES Checklist,https://www.iucnredlist.org/ | https://checklist.cites.org/,Thailand Wildlife Preservation and Protection Act B.E. 2562 (uploaded PDF); Thailand Animal Welfare Act B.E. 2557 (uploaded PDF),uploaded:ACT_WILD-ANIMAL_2562.pdf | uploaded:law87.pdf | https://checklist.cites.org/,medium-high,taxonomy-backed-husbandry-review-recommended,Species identity and category were added against an authoritative taxonomic source; husbandry-specific settings and Thai common naming may still need row-level review before production use.
EXO244,Aquatic,Fish,Electric Blue Acara,Electric Blue Acara,Andinoacara pulcher,South America,20,10,omnivore,freshwater,diurnal,calm,low,easy,yes,species-specific enclosure; needs review,needs review,needs review,pair,ต้องตรวจสอบสถานะรายชนิดจากชื่อวิทยาศาสตร์ก่อนครอบครอง ค้า เพาะพันธุ์ หรือนำเข้า-ส่งออก และผู้เลี้ยงต้องจัดสวัสดิภาพสัตว์ตามกฎหมาย,พ.ร.บ. สงวนและคุ้มครองสัตว์ป่า พ.ศ. 2562; พ.ร.บ. ป้องกันการทารุณกรรมและการจัดสวัสดิภาพสัตว์ พ.ศ. 2557,ต้องตรวจสอบประกาศรายชนิดเพิ่มเติม,ต้องตรวจสอบรายชนิดเพิ่มเติม,ต้องตรวจสอบว่าต้องแจ้งการครอบครองหรือขอใบอนุญาตหรือไม่,ต้องตรวจสอบประกาศเพิ่มเติม,ต้องตรวจสอบประกาศเพิ่มเติม,ต้องตรวจสอบรายชนิดเพิ่มเติม,ไม่ควรปล่อย,ผู้เลี้ยงต้องจัดสวัสดิภาพสัตว์ให้เหมาะสมและห้ามทารุณกรรมสัตว์,ควรตรวจสอบสถานะรายชนิดจากชื่อวิทยาศาสตร์ก่อนครอบครอง ค้า เพาะพันธุ์ หรือนำเข้า-ส่งออก และผู้เลี้ยงยังต้องจัดสวัสดิภาพสัตว์ตามกฎหมาย,low,no,needs review,FishBase,https://www.fishbase.se/,IUCN Red List; CITES Checklist,https://www.iucnredlist.org/ | https://checklist.cites.org/,Thailand Wildlife Preservation and Protection Act B.E. 2562 (uploaded PDF); Thailand Animal Welfare Act B.E. 2557 (uploaded PDF),uploaded:ACT_WILD-ANIMAL_2562.pdf | uploaded:law87.pdf | https://checklist.cites.org/,medium-high,taxonomy-backed-husbandry-review-recommended,Species identity and category were added against an authoritative taxonomic source; husbandry-specific settings and Thai common naming may still need row-level review before production use.
EXO245,Aquatic,Fish,Jaguar Cichlid,Jaguar Cichlid,Parachromis managuensis,Central America,35,15,carnivore,freshwater,diurnal,aggressive,low,hard,no,species-specific enclosure; needs review,needs review,needs review,solitary/pair,ต้องตรวจสอบสถานะรายชนิดจากชื่อวิทยาศาสตร์ก่อนครอบครอง ค้า เพาะพันธุ์ หรือนำเข้า-ส่งออก และผู้เลี้ยงต้องจัดสวัสดิภาพสัตว์ตามกฎหมาย,พ.ร.บ. สงวนและคุ้มครองสัตว์ป่า พ.ศ. 2562; พ.ร.บ. ป้องกันการทารุณกรรมและการจัดสวัสดิภาพสัตว์ พ.ศ. 2557,ต้องตรวจสอบประกาศรายชนิดเพิ่มเติม,ต้องตรวจสอบรายชนิดเพิ่มเติม,ต้องตรวจสอบว่าต้องแจ้งการครอบครองหรือขอใบอนุญาตหรือไม่,ต้องตรวจสอบประกาศเพิ่มเติม,ต้องตรวจสอบประกาศเพิ่มเติม,ต้องตรวจสอบรายชนิดเพิ่มเติม,ไม่ควรปล่อย,ผู้เลี้ยงต้องจัดสวัสดิภาพสัตว์ให้เหมาะสมและห้ามทารุณกรรมสัตว์,ควรตรวจสอบสถานะรายชนิดจากชื่อวิทยาศาสตร์ก่อนครอบครอง ค้า เพาะพันธุ์ หรือนำเข้า-ส่งออก และผู้เลี้ยงยังต้องจัดสวัสดิภาพสัตว์ตามกฎหมาย,low,no,needs review,FishBase,https://www.fishbase.se/,IUCN Red List; CITES Checklist,https://www.iucnredlist.org/ | https://checklist.cites.org/,Thailand Wildlife Preservation and Protection Act B.E. 2562 (uploaded PDF); Thailand Animal Welfare Act B.E. 2557 (uploaded PDF),uploaded:ACT_WILD-ANIMAL_2562.pdf | uploaded:law87.pdf | https://checklist.cites.org/,medium-high,taxonomy-backed-husbandry-review-recommended,Species identity and category were added against an authoritative taxonomic source; husbandry-specific settings and Thai common naming may still need row-level review before production use.
EXO246,Aquatic,Fish,Clown Loach,Clown Loach,Chromobotia macracanthus,Southeast Asia,30,20,omnivore,freshwater,nocturnal,peaceful,low,medium,yes,species-specific enclosure; needs review,needs review,needs review,group,ต้องตรวจสอบสถานะรายชนิดจากชื่อวิทยาศาสตร์ก่อนครอบครอง ค้า เพาะพันธุ์ หรือนำเข้า-ส่งออก และผู้เลี้ยงต้องจัดสวัสดิภาพสัตว์ตามกฎหมาย,พ.ร.บ. สงวนและคุ้มครองสัตว์ป่า พ.ศ. 2562; พ.ร.บ. ป้องกันการทารุณกรรมและการจัดสวัสดิภาพสัตว์ พ.ศ. 2557,ต้องตรวจสอบประกาศรายชนิดเพิ่มเติม,ต้องตรวจสอบรายชนิดเพิ่มเติม,ต้องตรวจสอบว่าต้องแจ้งการครอบครองหรือขอใบอนุญาตหรือไม่,ต้องตรวจสอบประกาศเพิ่มเติม,ต้องตรวจสอบประกาศเพิ่มเติม,ต้องตรวจสอบรายชนิดเพิ่มเติม,ไม่ควรปล่อย,ผู้เลี้ยงต้องจัดสวัสดิภาพสัตว์ให้เหมาะสมและห้ามทารุณกรรมสัตว์,ควรตรวจสอบสถานะรายชนิดจากชื่อวิทยาศาสตร์ก่อนครอบครอง ค้า เพาะพันธุ์ หรือนำเข้า-ส่งออก และผู้เลี้ยงยังต้องจัดสวัสดิภาพสัตว์ตามกฎหมาย,low,no,needs review,FishBase,https://www.fishbase.se/,IUCN Red List; CITES Checklist,https://www.iucnredlist.org/ | https://checklist.cites.org/,Thailand Wildlife Preservation and Protection Act B.E. 2562 (uploaded PDF); Thailand Animal Welfare Act B.E. 2557 (uploaded PDF),uploaded:ACT_WILD-ANIMAL_2562.pdf | uploaded:law87.pdf | https://checklist.cites.org/,medium-high,taxonomy-backed-husbandry-review-recommended,Species identity and category were added against an authoritative taxonomic source; husbandry-specific settings and Thai common naming may still need row-level review before production use.
EXO247,Aquatic,Fish,Bala Shark,Bala Shark,Balantiocheilos melanopterus,Southeast Asia,35,10,omnivore,freshwater,diurnal,active,low,medium,no,species-specific enclosure; needs review,needs review,needs review,group,ต้องตรวจสอบสถานะรายชนิดจากชื่อวิทยาศาสตร์ก่อนครอบครอง ค้า เพาะพันธุ์ หรือนำเข้า-ส่งออก และผู้เลี้ยงต้องจัดสวัสดิภาพสัตว์ตามกฎหมาย,พ.ร.บ. สงวนและคุ้มครองสัตว์ป่า พ.ศ. 2562; พ.ร.บ. ป้องกันการทารุณกรรมและการจัดสวัสดิภาพสัตว์ พ.ศ. 2557,ต้องตรวจสอบประกาศรายชนิดเพิ่มเติม,ต้องตรวจสอบรายชนิดเพิ่มเติม,ต้องตรวจสอบว่าต้องแจ้งการครอบครองหรือขอใบอนุญาตหรือไม่,ต้องตรวจสอบประกาศเพิ่มเติม,ต้องตรวจสอบประกาศเพิ่มเติม,ต้องตรวจสอบรายชนิดเพิ่มเติม,ไม่ควรปล่อย,ผู้เลี้ยงต้องจัดสวัสดิภาพสัตว์ให้เหมาะสมและห้ามทารุณกรรมสัตว์,ควรตรวจสอบสถานะรายชนิดจากชื่อวิทยาศาสตร์ก่อนครอบครอง ค้า เพาะพันธุ์ หรือนำเข้า-ส่งออก และผู้เลี้ยงยังต้องจัดสวัสดิภาพสัตว์ตามกฎหมาย,low,no,needs review,FishBase,https://www.fishbase.se/,IUCN Red List; CITES Checklist,https://www.iucnredlist.org/ | https://checklist.cites.org/,Thailand Wildlife Preservation and Protection Act B.E. 2562 (uploaded PDF); Thailand Animal Welfare Act B.E. 2557 (uploaded PDF),uploaded:ACT_WILD-ANIMAL_2562.pdf | uploaded:law87.pdf | https://checklist.cites.org/,medium-high,taxonomy-backed-husbandry-review-recommended,Species identity and category were added against an authoritative taxonomic source; husbandry-specific settings and Thai common naming may still need row-level review before production use.
EXO248,Aquatic,Fish,Silver Dollar,Silver Dollar,Metynnis hypsauchen,South America,15,10,herbivore,freshwater,diurnal,peaceful,low,easy,yes,species-specific enclosure; needs review,needs review,needs review,group,ต้องตรวจสอบสถานะรายชนิดจากชื่อวิทยาศาสตร์ก่อนครอบครอง ค้า เพาะพันธุ์ หรือนำเข้า-ส่งออก และผู้เลี้ยงต้องจัดสวัสดิภาพสัตว์ตามกฎหมาย,พ.ร.บ. สงวนและคุ้มครองสัตว์ป่า พ.ศ. 2562; พ.ร.บ. ป้องกันการทารุณกรรมและการจัดสวัสดิภาพสัตว์ พ.ศ. 2557,ต้องตรวจสอบประกาศรายชนิดเพิ่มเติม,ต้องตรวจสอบรายชนิดเพิ่มเติม,ต้องตรวจสอบว่าต้องแจ้งการครอบครองหรือขอใบอนุญาตหรือไม่,ต้องตรวจสอบประกาศเพิ่มเติม,ต้องตรวจสอบประกาศเพิ่มเติม,ต้องตรวจสอบรายชนิดเพิ่มเติม,ไม่ควรปล่อย,ผู้เลี้ยงต้องจัดสวัสดิภาพสัตว์ให้เหมาะสมและห้ามทารุณกรรมสัตว์,ควรตรวจสอบสถานะรายชนิดจากชื่อวิทยาศาสตร์ก่อนครอบครอง ค้า เพาะพันธุ์ หรือนำเข้า-ส่งออก และผู้เลี้ยงยังต้องจัดสวัสดิภาพสัตว์ตามกฎหมาย,low,no,needs review,FishBase,https://www.fishbase.se/,IUCN Red List; CITES Checklist,https://www.iucnredlist.org/ | https://checklist.cites.org/,Thailand Wildlife Preservation and Protection Act B.E. 2562 (uploaded PDF); Thailand Animal Welfare Act B.E. 2557 (uploaded PDF),uploaded:ACT_WILD-ANIMAL_2562.pdf | uploaded:law87.pdf | https://checklist.cites.org/,medium-high,taxonomy-backed-husbandry-review-recommended,Species identity and category were added against an authoritative taxonomic source; husbandry-specific settings and Thai common naming may still need row-level review before production use.
EXO249,Aquatic,Fish,Red Hook Silver Dollar,Red Hook Silver Dollar,Myloplus rubripinnis,South America,25,10,omnivore,freshwater,diurnal,peaceful,low,medium,yes,species-specific enclosure; needs review,needs review,needs review,group,ต้องตรวจสอบสถานะรายชนิดจากชื่อวิทยาศาสตร์ก่อนครอบครอง ค้า เพาะพันธุ์ หรือนำเข้า-ส่งออก และผู้เลี้ยงต้องจัดสวัสดิภาพสัตว์ตามกฎหมาย,พ.ร.บ. สงวนและคุ้มครองสัตว์ป่า พ.ศ. 2562; พ.ร.บ. ป้องกันการทารุณกรรมและการจัดสวัสดิภาพสัตว์ พ.ศ. 2557,ต้องตรวจสอบประกาศรายชนิดเพิ่มเติม,ต้องตรวจสอบรายชนิดเพิ่มเติม,ต้องตรวจสอบว่าต้องแจ้งการครอบครองหรือขอใบอนุญาตหรือไม่,ต้องตรวจสอบประกาศเพิ่มเติม,ต้องตรวจสอบประกาศเพิ่มเติม,ต้องตรวจสอบรายชนิดเพิ่มเติม,ไม่ควรปล่อย,ผู้เลี้ยงต้องจัดสวัสดิภาพสัตว์ให้เหมาะสมและห้ามทารุณกรรมสัตว์,ควรตรวจสอบสถานะรายชนิดจากชื่อวิทยาศาสตร์ก่อนครอบครอง ค้า เพาะพันธุ์ หรือนำเข้า-ส่งออก และผู้เลี้ยงยังต้องจัดสวัสดิภาพสัตว์ตามกฎหมาย,low,no,needs review,FishBase,https://www.fishbase.se/,IUCN Red List; CITES Checklist,https://www.iucnredlist.org/ | https://checklist.cites.org/,Thailand Wildlife Preservation and Protection Act B.E. 2562 (uploaded PDF); Thailand Animal Welfare Act B.E. 2557 (uploaded PDF),uploaded:ACT_WILD-ANIMAL_2562.pdf | uploaded:law87.pdf | https://checklist.cites.org/,medium-high,taxonomy-backed-husbandry-review-recommended,Species identity and category were added against an authoritative taxonomic source; husbandry-specific settings and Thai common naming may still need row-level review before production use.
EXO250,Aquatic,Fish,Black Ghost Knifefish,Black Ghost Knifefish,Apteronotus albifrons,South America,45,10,carnivore,freshwater,nocturnal,shy,low,medium,no,species-specific enclosure; needs review,needs review,needs review,solitary,ต้องตรวจสอบสถานะรายชนิดจากชื่อวิทยาศาสตร์ก่อนครอบครอง ค้า เพาะพันธุ์ หรือนำเข้า-ส่งออก และผู้เลี้ยงต้องจัดสวัสดิภาพสัตว์ตามกฎหมาย,พ.ร.บ. สงวนและคุ้มครองสัตว์ป่า พ.ศ. 2562; พ.ร.บ. ป้องกันการทารุณกรรมและการจัดสวัสดิภาพสัตว์ พ.ศ. 2557,ต้องตรวจสอบประกาศรายชนิดเพิ่มเติม,ต้องตรวจสอบรายชนิดเพิ่มเติม,ต้องตรวจสอบว่าต้องแจ้งการครอบครองหรือขอใบอนุญาตหรือไม่,ต้องตรวจสอบประกาศเพิ่มเติม,ต้องตรวจสอบประกาศเพิ่มเติม,ต้องตรวจสอบรายชนิดเพิ่มเติม,ไม่ควรปล่อย,ผู้เลี้ยงต้องจัดสวัสดิภาพสัตว์ให้เหมาะสมและห้ามทารุณกรรมสัตว์,ควรตรวจสอบสถานะรายชนิดจากชื่อวิทยาศาสตร์ก่อนครอบครอง ค้า เพาะพันธุ์ หรือนำเข้า-ส่งออก และผู้เลี้ยงยังต้องจัดสวัสดิภาพสัตว์ตามกฎหมาย,low,no,needs review,FishBase,https://www.fishbase.se/,IUCN Red List; CITES Checklist,https://www.iucnredlist.org/ | https://checklist.cites.org/,Thailand Wildlife Preservation and Protection Act B.E. 2562 (uploaded PDF); Thailand Animal Welfare Act B.E. 2557 (uploaded PDF),uploaded:ACT_WILD-ANIMAL_2562.pdf | uploaded:law87.pdf | https://checklist.cites.org/,medium-high,taxonomy-backed-husbandry-review-recommended,Species identity and category were added against an authoritative taxonomic source; husbandry-specific settings and Thai common naming may still need row-level review before production use.
EXO251,Aquatic,Fish,Elephantnose Fish,Elephantnose Fish,Gnathonemus petersii,Africa,25,8,omnivore,freshwater,nocturnal,sensitive,low,hard,no,species-specific enclosure; needs review,needs review,needs review,group,ต้องตรวจสอบสถานะรายชนิดจากชื่อวิทยาศาสตร์ก่อนครอบครอง ค้า เพาะพันธุ์ หรือนำเข้า-ส่งออก และผู้เลี้ยงต้องจัดสวัสดิภาพสัตว์ตามกฎหมาย,พ.ร.บ. สงวนและคุ้มครองสัตว์ป่า พ.ศ. 2562; พ.ร.บ. ป้องกันการทารุณกรรมและการจัดสวัสดิภาพสัตว์ พ.ศ. 2557,ต้องตรวจสอบประกาศรายชนิดเพิ่มเติม,ต้องตรวจสอบรายชนิดเพิ่มเติม,ต้องตรวจสอบว่าต้องแจ้งการครอบครองหรือขอใบอนุญาตหรือไม่,ต้องตรวจสอบประกาศเพิ่มเติม,ต้องตรวจสอบประกาศเพิ่มเติม,ต้องตรวจสอบรายชนิดเพิ่มเติม,ไม่ควรปล่อย,ผู้เลี้ยงต้องจัดสวัสดิภาพสัตว์ให้เหมาะสมและห้ามทารุณกรรมสัตว์,ควรตรวจสอบสถานะรายชนิดจากชื่อวิทยาศาสตร์ก่อนครอบครอง ค้า เพาะพันธุ์ หรือนำเข้า-ส่งออก และผู้เลี้ยงยังต้องจัดสวัสดิภาพสัตว์ตามกฎหมาย,low,no,needs review,FishBase,https://www.fishbase.se/,IUCN Red List; CITES Checklist,https://www.iucnredlist.org/ | https://checklist.cites.org/,Thailand Wildlife Preservation and Protection Act B.E. 2562 (uploaded PDF); Thailand Animal Welfare Act B.E. 2557 (uploaded PDF),uploaded:ACT_WILD-ANIMAL_2562.pdf | uploaded:law87.pdf | https://checklist.cites.org/,medium-high,taxonomy-backed-husbandry-review-recommended,Species identity and category were added against an authoritative taxonomic source; husbandry-specific settings and Thai common naming may still need row-level review before production use.
EXO252,Aquatic,Fish,Rope Fish,Rope Fish,Erpetoichthys calabaricus,Africa,40,15,carnivore,freshwater,nocturnal,peaceful,low,medium,yes,species-specific enclosure; needs review,needs review,needs review,group,ต้องตรวจสอบสถานะรายชนิดจากชื่อวิทยาศาสตร์ก่อนครอบครอง ค้า เพาะพันธุ์ หรือนำเข้า-ส่งออก และผู้เลี้ยงต้องจัดสวัสดิภาพสัตว์ตามกฎหมาย,พ.ร.บ. สงวนและคุ้มครองสัตว์ป่า พ.ศ. 2562; พ.ร.บ. ป้องกันการทารุณกรรมและการจัดสวัสดิภาพสัตว์ พ.ศ. 2557,ต้องตรวจสอบประกาศรายชนิดเพิ่มเติม,ต้องตรวจสอบรายชนิดเพิ่มเติม,ต้องตรวจสอบว่าต้องแจ้งการครอบครองหรือขอใบอนุญาตหรือไม่,ต้องตรวจสอบประกาศเพิ่มเติม,ต้องตรวจสอบประกาศเพิ่มเติม,ต้องตรวจสอบรายชนิดเพิ่มเติม,ไม่ควรปล่อย,ผู้เลี้ยงต้องจัดสวัสดิภาพสัตว์ให้เหมาะสมและห้ามทารุณกรรมสัตว์,ควรตรวจสอบสถานะรายชนิดจากชื่อวิทยาศาสตร์ก่อนครอบครอง ค้า เพาะพันธุ์ หรือนำเข้า-ส่งออก และผู้เลี้ยงยังต้องจัดสวัสดิภาพสัตว์ตามกฎหมาย,low,no,needs review,FishBase,https://www.fishbase.se/,IUCN Red List; CITES Checklist,https://www.iucnredlist.org/ | https://checklist.cites.org/,Thailand Wildlife Preservation and Protection Act B.E. 2562 (uploaded PDF); Thailand Animal Welfare Act B.E. 2557 (uploaded PDF),uploaded:ACT_WILD-ANIMAL_2562.pdf | uploaded:law87.pdf | https://checklist.cites.org/,medium-high,taxonomy-backed-husbandry-review-recommended,Species identity and category were added against an authoritative taxonomic source; husbandry-specific settings and Thai common naming may still need row-level review before production use.
EXO253,Aquatic,Fish,Fire Eel,Fire Eel,Mastacembelus erythrotaenia,Southeast Asia,100,15,carnivore,freshwater,nocturnal,predatory,low,hard,no,species-specific enclosure; needs review,needs review,needs review,solitary,ต้องตรวจสอบสถานะรายชนิดจากชื่อวิทยาศาสตร์ก่อนครอบครอง ค้า เพาะพันธุ์ หรือนำเข้า-ส่งออก และผู้เลี้ยงต้องจัดสวัสดิภาพสัตว์ตามกฎหมาย,พ.ร.บ. สงวนและคุ้มครองสัตว์ป่า พ.ศ. 2562; พ.ร.บ. ป้องกันการทารุณกรรมและการจัดสวัสดิภาพสัตว์ พ.ศ. 2557,ต้องตรวจสอบประกาศรายชนิดเพิ่มเติม,ต้องตรวจสอบรายชนิดเพิ่มเติม,ต้องตรวจสอบว่าต้องแจ้งการครอบครองหรือขอใบอนุญาตหรือไม่,ต้องตรวจสอบประกาศเพิ่มเติม,ต้องตรวจสอบประกาศเพิ่มเติม,ต้องตรวจสอบรายชนิดเพิ่มเติม,ไม่ควรปล่อย,ผู้เลี้ยงต้องจัดสวัสดิภาพสัตว์ให้เหมาะสมและห้ามทารุณกรรมสัตว์,ควรตรวจสอบสถานะรายชนิดจากชื่อวิทยาศาสตร์ก่อนครอบครอง ค้า เพาะพันธุ์ หรือนำเข้า-ส่งออก และผู้เลี้ยงยังต้องจัดสวัสดิภาพสัตว์ตามกฎหมาย,low,no,needs review,FishBase,https://www.fishbase.se/,IUCN Red List; CITES Checklist,https://www.iucnredlist.org/ | https://checklist.cites.org/,Thailand Wildlife Preservation and Protection Act B.E. 2562 (uploaded PDF); Thailand Animal Welfare Act B.E. 2557 (uploaded PDF),uploaded:ACT_WILD-ANIMAL_2562.pdf | uploaded:law87.pdf | https://checklist.cites.org/,medium-high,taxonomy-backed-husbandry-review-recommended,Species identity and category were added against an authoritative taxonomic source; husbandry-specific settings and Thai common naming may still need row-level review before production use.
EXO254,Aquatic,Fish,Tire Track Eel,Tire Track Eel,Mastacembelus armatus,South Asia,75,12,carnivore,freshwater,nocturnal,predatory,low,hard,no,species-specific enclosure; needs review,needs review,needs review,solitary,ต้องตรวจสอบสถานะรายชนิดจากชื่อวิทยาศาสตร์ก่อนครอบครอง ค้า เพาะพันธุ์ หรือนำเข้า-ส่งออก และผู้เลี้ยงต้องจัดสวัสดิภาพสัตว์ตามกฎหมาย,พ.ร.บ. สงวนและคุ้มครองสัตว์ป่า พ.ศ. 2562; พ.ร.บ. ป้องกันการทารุณกรรมและการจัดสวัสดิภาพสัตว์ พ.ศ. 2557,ต้องตรวจสอบประกาศรายชนิดเพิ่มเติม,ต้องตรวจสอบรายชนิดเพิ่มเติม,ต้องตรวจสอบว่าต้องแจ้งการครอบครองหรือขอใบอนุญาตหรือไม่,ต้องตรวจสอบประกาศเพิ่มเติม,ต้องตรวจสอบประกาศเพิ่มเติม,ต้องตรวจสอบรายชนิดเพิ่มเติม,ไม่ควรปล่อย,ผู้เลี้ยงต้องจัดสวัสดิภาพสัตว์ให้เหมาะสมและห้ามทารุณกรรมสัตว์,ควรตรวจสอบสถานะรายชนิดจากชื่อวิทยาศาสตร์ก่อนครอบครอง ค้า เพาะพันธุ์ หรือนำเข้า-ส่งออก และผู้เลี้ยงยังต้องจัดสวัสดิภาพสัตว์ตามกฎหมาย,low,no,needs review,FishBase,https://www.fishbase.se/,IUCN Red List; CITES Checklist,https://www.iucnredlist.org/ | https://checklist.cites.org/,Thailand Wildlife Preservation and Protection Act B.E. 2562 (uploaded PDF); Thailand Animal Welfare Act B.E. 2557 (uploaded PDF),uploaded:ACT_WILD-ANIMAL_2562.pdf | uploaded:law87.pdf | https://checklist.cites.org/,medium-high,taxonomy-backed-husbandry-review-recommended,Species identity and category were added against an authoritative taxonomic source; husbandry-specific settings and Thai common naming may still need row-level review before production use.
EXO255,Aquatic,Fish,Ornate Bichir,Ornate Bichir,Polypterus ornatipinnis,Africa,60,15,carnivore,freshwater,nocturnal,predatory,low,medium,no,species-specific enclosure; needs review,needs review,needs review,solitary,ต้องตรวจสอบสถานะรายชนิดจากชื่อวิทยาศาสตร์ก่อนครอบครอง ค้า เพาะพันธุ์ หรือนำเข้า-ส่งออก และผู้เลี้ยงต้องจัดสวัสดิภาพสัตว์ตามกฎหมาย,พ.ร.บ. สงวนและคุ้มครองสัตว์ป่า พ.ศ. 2562; พ.ร.บ. ป้องกันการทารุณกรรมและการจัดสวัสดิภาพสัตว์ พ.ศ. 2557,ต้องตรวจสอบประกาศรายชนิดเพิ่มเติม,ต้องตรวจสอบรายชนิดเพิ่มเติม,ต้องตรวจสอบว่าต้องแจ้งการครอบครองหรือขอใบอนุญาตหรือไม่,ต้องตรวจสอบประกาศเพิ่มเติม,ต้องตรวจสอบประกาศเพิ่มเติม,ต้องตรวจสอบรายชนิดเพิ่มเติม,ไม่ควรปล่อย,ผู้เลี้ยงต้องจัดสวัสดิภาพสัตว์ให้เหมาะสมและห้ามทารุณกรรมสัตว์,ควรตรวจสอบสถานะรายชนิดจากชื่อวิทยาศาสตร์ก่อนครอบครอง ค้า เพาะพันธุ์ หรือนำเข้า-ส่งออก และผู้เลี้ยงยังต้องจัดสวัสดิภาพสัตว์ตามกฎหมาย,low,no,needs review,FishBase,https://www.fishbase.se/,IUCN Red List; CITES Checklist,https://www.iucnredlist.org/ | https://checklist.cites.org/,Thailand Wildlife Preservation and Protection Act B.E. 2562 (uploaded PDF); Thailand Animal Welfare Act B.E. 2557 (uploaded PDF),uploaded:ACT_WILD-ANIMAL_2562.pdf | uploaded:law87.pdf | https://checklist.cites.org/,medium-high,taxonomy-backed-husbandry-review-recommended,Species identity and category were added against an authoritative taxonomic source; husbandry-specific settings and Thai common naming may still need row-level review before production use.
EXO256,Aquatic,Fish,Delhezi Bichir,Delhezi Bichir,Polypterus delhezi,Africa,35,15,carnivore,freshwater,nocturnal,predatory,low,medium,yes,species-specific enclosure; needs review,needs review,needs review,solitary,ต้องตรวจสอบสถานะรายชนิดจากชื่อวิทยาศาสตร์ก่อนครอบครอง ค้า เพาะพันธุ์ หรือนำเข้า-ส่งออก และผู้เลี้ยงต้องจัดสวัสดิภาพสัตว์ตามกฎหมาย,พ.ร.บ. สงวนและคุ้มครองสัตว์ป่า พ.ศ. 2562; พ.ร.บ. ป้องกันการทารุณกรรมและการจัดสวัสดิภาพสัตว์ พ.ศ. 2557,ต้องตรวจสอบประกาศรายชนิดเพิ่มเติม,ต้องตรวจสอบรายชนิดเพิ่มเติม,ต้องตรวจสอบว่าต้องแจ้งการครอบครองหรือขอใบอนุญาตหรือไม่,ต้องตรวจสอบประกาศเพิ่มเติม,ต้องตรวจสอบประกาศเพิ่มเติม,ต้องตรวจสอบรายชนิดเพิ่มเติม,ไม่ควรปล่อย,ผู้เลี้ยงต้องจัดสวัสดิภาพสัตว์ให้เหมาะสมและห้ามทารุณกรรมสัตว์,ควรตรวจสอบสถานะรายชนิดจากชื่อวิทยาศาสตร์ก่อนครอบครอง ค้า เพาะพันธุ์ หรือนำเข้า-ส่งออก และผู้เลี้ยงยังต้องจัดสวัสดิภาพสัตว์ตามกฎหมาย,low,no,needs review,FishBase,https://www.fishbase.se/,IUCN Red List; CITES Checklist,https://www.iucnredlist.org/ | https://checklist.cites.org/,Thailand Wildlife Preservation and Protection Act B.E. 2562 (uploaded PDF); Thailand Animal Welfare Act B.E. 2557 (uploaded PDF),uploaded:ACT_WILD-ANIMAL_2562.pdf | uploaded:law87.pdf | https://checklist.cites.org/,medium-high,taxonomy-backed-husbandry-review-recommended,Species identity and category were added against an authoritative taxonomic source; husbandry-specific settings and Thai common naming may still need row-level review before production use.
EXO257,Aquatic,Fish,Common Pleco,Common Pleco,Hypostomus plecostomus,South America,45,15,omnivore,freshwater,nocturnal,peaceful,low,medium,no,species-specific enclosure; needs review,needs review,needs review,solitary,ต้องตรวจสอบสถานะรายชนิดจากชื่อวิทยาศาสตร์ก่อนครอบครอง ค้า เพาะพันธุ์ หรือนำเข้า-ส่งออก และผู้เลี้ยงต้องจัดสวัสดิภาพสัตว์ตามกฎหมาย,พ.ร.บ. สงวนและคุ้มครองสัตว์ป่า พ.ศ. 2562; พ.ร.บ. ป้องกันการทารุณกรรมและการจัดสวัสดิภาพสัตว์ พ.ศ. 2557,ต้องตรวจสอบประกาศรายชนิดเพิ่มเติม,ต้องตรวจสอบรายชนิดเพิ่มเติม,ต้องตรวจสอบว่าต้องแจ้งการครอบครองหรือขอใบอนุญาตหรือไม่,ต้องตรวจสอบประกาศเพิ่มเติม,ต้องตรวจสอบประกาศเพิ่มเติม,ต้องตรวจสอบรายชนิดเพิ่มเติม,ไม่ควรปล่อย,ผู้เลี้ยงต้องจัดสวัสดิภาพสัตว์ให้เหมาะสมและห้ามทารุณกรรมสัตว์,ควรตรวจสอบสถานะรายชนิดจากชื่อวิทยาศาสตร์ก่อนครอบครอง ค้า เพาะพันธุ์ หรือนำเข้า-ส่งออก และผู้เลี้ยงยังต้องจัดสวัสดิภาพสัตว์ตามกฎหมาย,low,no,needs review,FishBase,https://www.fishbase.se/,IUCN Red List; CITES Checklist,https://www.iucnredlist.org/ | https://checklist.cites.org/,Thailand Wildlife Preservation and Protection Act B.E. 2562 (uploaded PDF); Thailand Animal Welfare Act B.E. 2557 (uploaded PDF),uploaded:ACT_WILD-ANIMAL_2562.pdf | uploaded:law87.pdf | https://checklist.cites.org/,medium-high,taxonomy-backed-husbandry-review-recommended,Species identity and category were added against an authoritative taxonomic source; husbandry-specific settings and Thai common naming may still need row-level review before production use.
EXO258,Aquatic,Fish,Bristlenose Pleco,Bristlenose Pleco,Ancistrus cirrhosus,South America,15,8,omnivore,freshwater,nocturnal,peaceful,low,easy,yes,species-specific enclosure; needs review,needs review,needs review,solitary,ต้องตรวจสอบสถานะรายชนิดจากชื่อวิทยาศาสตร์ก่อนครอบครอง ค้า เพาะพันธุ์ หรือนำเข้า-ส่งออก และผู้เลี้ยงต้องจัดสวัสดิภาพสัตว์ตามกฎหมาย,พ.ร.บ. สงวนและคุ้มครองสัตว์ป่า พ.ศ. 2562; พ.ร.บ. ป้องกันการทารุณกรรมและการจัดสวัสดิภาพสัตว์ พ.ศ. 2557,ต้องตรวจสอบประกาศรายชนิดเพิ่มเติม,ต้องตรวจสอบรายชนิดเพิ่มเติม,ต้องตรวจสอบว่าต้องแจ้งการครอบครองหรือขอใบอนุญาตหรือไม่,ต้องตรวจสอบประกาศเพิ่มเติม,ต้องตรวจสอบประกาศเพิ่มเติม,ต้องตรวจสอบรายชนิดเพิ่มเติม,ไม่ควรปล่อย,ผู้เลี้ยงต้องจัดสวัสดิภาพสัตว์ให้เหมาะสมและห้ามทารุณกรรมสัตว์,ควรตรวจสอบสถานะรายชนิดจากชื่อวิทยาศาสตร์ก่อนครอบครอง ค้า เพาะพันธุ์ หรือนำเข้า-ส่งออก และผู้เลี้ยงยังต้องจัดสวัสดิภาพสัตว์ตามกฎหมาย,low,no,needs review,FishBase,https://www.fishbase.se/,IUCN Red List; CITES Checklist,https://www.iucnredlist.org/ | https://checklist.cites.org/,Thailand Wildlife Preservation and Protection Act B.E. 2562 (uploaded PDF); Thailand Animal Welfare Act B.E. 2557 (uploaded PDF),uploaded:ACT_WILD-ANIMAL_2562.pdf | uploaded:law87.pdf | https://checklist.cites.org/,medium-high,taxonomy-backed-husbandry-review-recommended,Species identity and category were added against an authoritative taxonomic source; husbandry-specific settings and Thai common naming may still need row-level review before production use.
EXO259,Aquatic,Fish,Pea Puffer,Pea Puffer,Carinotetraodon travancoricus,India,3,5,carnivore,freshwater,diurnal,territorial,low,medium,yes,species-specific enclosure; needs review,needs review,needs review,solitary,ต้องตรวจสอบสถานะรายชนิดจากชื่อวิทยาศาสตร์ก่อนครอบครอง ค้า เพาะพันธุ์ หรือนำเข้า-ส่งออก และผู้เลี้ยงต้องจัดสวัสดิภาพสัตว์ตามกฎหมาย,พ.ร.บ. สงวนและคุ้มครองสัตว์ป่า พ.ศ. 2562; พ.ร.บ. ป้องกันการทารุณกรรมและการจัดสวัสดิภาพสัตว์ พ.ศ. 2557,ต้องตรวจสอบประกาศรายชนิดเพิ่มเติม,ต้องตรวจสอบรายชนิดเพิ่มเติม,ต้องตรวจสอบว่าต้องแจ้งการครอบครองหรือขอใบอนุญาตหรือไม่,ต้องตรวจสอบประกาศเพิ่มเติม,ต้องตรวจสอบประกาศเพิ่มเติม,ต้องตรวจสอบรายชนิดเพิ่มเติม,ไม่ควรปล่อย,ผู้เลี้ยงต้องจัดสวัสดิภาพสัตว์ให้เหมาะสมและห้ามทารุณกรรมสัตว์,ควรตรวจสอบสถานะรายชนิดจากชื่อวิทยาศาสตร์ก่อนครอบครอง ค้า เพาะพันธุ์ หรือนำเข้า-ส่งออก และผู้เลี้ยงยังต้องจัดสวัสดิภาพสัตว์ตามกฎหมาย,low,no,needs review,FishBase,https://www.fishbase.se/,IUCN Red List; CITES Checklist,https://www.iucnredlist.org/ | https://checklist.cites.org/,Thailand Wildlife Preservation and Protection Act B.E. 2562 (uploaded PDF); Thailand Animal Welfare Act B.E. 2557 (uploaded PDF),uploaded:ACT_WILD-ANIMAL_2562.pdf | uploaded:law87.pdf | https://checklist.cites.org/,medium-high,taxonomy-backed-husbandry-review-recommended,Species identity and category were added against an authoritative taxonomic source; husbandry-specific settings and Thai common naming may still need row-level review before production use.
EXO260,Aquatic,Fish,Koi Carp,Koi Carp,Cyprinus rubrofuscus,East Asia,60,25,omnivore,freshwater pond,diurnal,calm,low,medium,yes,species-specific enclosure; needs review,needs review,needs review,group,ต้องตรวจสอบสถานะรายชนิดจากชื่อวิทยาศาสตร์ก่อนครอบครอง ค้า เพาะพันธุ์ หรือนำเข้า-ส่งออก และผู้เลี้ยงต้องจัดสวัสดิภาพสัตว์ตามกฎหมาย,พ.ร.บ. สงวนและคุ้มครองสัตว์ป่า พ.ศ. 2562; พ.ร.บ. ป้องกันการทารุณกรรมและการจัดสวัสดิภาพสัตว์ พ.ศ. 2557,ต้องตรวจสอบประกาศรายชนิดเพิ่มเติม,ต้องตรวจสอบรายชนิดเพิ่มเติม,ต้องตรวจสอบว่าต้องแจ้งการครอบครองหรือขอใบอนุญาตหรือไม่,ต้องตรวจสอบประกาศเพิ่มเติม,ต้องตรวจสอบประกาศเพิ่มเติม,ต้องตรวจสอบรายชนิดเพิ่มเติม,ไม่ควรปล่อย,ผู้เลี้ยงต้องจัดสวัสดิภาพสัตว์ให้เหมาะสมและห้ามทารุณกรรมสัตว์,ควรตรวจสอบสถานะรายชนิดจากชื่อวิทยาศาสตร์ก่อนครอบครอง ค้า เพาะพันธุ์ หรือนำเข้า-ส่งออก และผู้เลี้ยงยังต้องจัดสวัสดิภาพสัตว์ตามกฎหมาย,low,no,needs review,FishBase,https://www.fishbase.se/,IUCN Red List; CITES Checklist,https://www.iucnredlist.org/ | https://checklist.cites.org/,Thailand Wildlife Preservation and Protection Act B.E. 2562 (uploaded PDF); Thailand Animal Welfare Act B.E. 2557 (uploaded PDF),uploaded:ACT_WILD-ANIMAL_2562.pdf | uploaded:law87.pdf | https://checklist.cites.org/,medium-high,taxonomy-backed-husbandry-review-recommended,Species identity and category were added against an authoritative taxonomic source; husbandry-specific settings and Thai common naming may still need row-level review before production use.
